collision-id,report-number,report-version,is-preliminary,ncic-code,crash-date-time,crash-time-description,beat,city-id,city-code,city-name,county-code,city-is-active,city-is-incorporated,collision-type-code,collision-type-description,collision-type-other-desc,day-of-week,dispatch-notified,has-photographs,hit-run,is-attachments-mailed,is-deleted,is-highway-related,is-tow-away,judicial-district,motor-vehicle-involved-with-code,motor-vehicle-involved-with-desc,motor-vehicle-involved-with-other-desc,number-injured,number-killed,lighting-code,lighting-description,latitude,longitude,milepost-direction,milepost-distance,milepost-marker,milepost-unit-of-measure,pedestrian-action-code,pedestrian-action-desc,prepared-date,primary-collision-factor-code,primary-collision-factor-description,primary-collision-factor-is-cited,primary-collision-party-number,primary-road,reporting-district,reporting-district-code,reviewed-date,roadway-surface-code,secondary-direction,secondary-distance,secondary-road,secondary-unit-of-measure,sketch-desc,traffic-control-device-code,created-date,modified-date,is-county-road,is-freeway,chp-555-version,is-additonal-object-struck,notification-date,notification-time-description,has-digital-media-files,evidence-number,is-location-refer-to-narrative,is-aoi-one-same-as-location
903477,9370-2019-00084,1,False,9370,1/7/2019 6:00:00 AM,600,178,14,109,Oakland,1,True,True,B,SIDE SWIPE,,Monday,NotApplicable,False,M,,False,True,False,Oakland Superior,C,OTHER MOTOR VEHICLE,,0,0,D,DARK-NO STREET LIGHTS,37.825166,-122.305613,,,,,A,NO PEDESTRIANS INVOLVED,1/7/2019 12:00:00 AM,A,21658(a),False,,I-880 N/B TO I-80 W/B,,,1/14/2019 9:20:14 AM,B,N,2400.0,Maritime St,F,,D,1/14/2019 9:21:08 AM,1/14/2019 9:21:08 AM,,True,2,,,,,,,
903469,9370-2019-00086,1,False,9370,1/7/2019 8:45:00 AM,845,178,14,109,Oakland,1,True,True,B,SIDE SWIPE,,Monday,NotApplicable,False,,,False,True,False,Oakland Superior,C,OTHER MOTOR VEHICLE,,0,0,A,DAYLIGHT,37.802788,-122.299902,,,,,A,NO PEDESTRIANS INVOLVED,1/7/2019 12:00:00 AM,A,22107,False,1,I-880 N/B,,,1/14/2019 9:15:47 AM,B,S,2200.0,7th St,F,,D,1/14/2019 9:16:40 AM,1/14/2019 9:16:40 AM,,True,2,,,,,,,
903176,9370-2019-00073,1,False,9370,1/6/2019 5:00:00 PM,1700,54,14,109,Oakland,1,True,True,F,OVERTURNED,,Sunday,NotApplicable,False,,,False,True,True,Oakland Superior,I,FIXED OBJECT,Raised concrete curb,1,0,D,DARK-NO STREET LIGHTS,37.080865,-122.24224,,,,,A,NO PEDESTRIANS INVOLVED,1/6/2019 12:00:00 AM,A,22350,False,1,I-580 W/B,,,1/14/2019 5:05:40 AM,B,E,900.0,Lakeshore Ave,F,,D,1/14/2019 5:06:19 AM,1/14/2019 5:06:19 AM,,True,2,,,,,,,
903105,9370-2019-00130,1,False,9370,1/10/2019 8:00:00 AM,800,13,14,109,Oakland,1,True,True,E,HIT OBJECT,,Thursday,Yes,False,,,False,True,True,Oakland Superior,I,FIXED OBJECT,3' HIGH WOOD/METAL GUARDR,1,0,A,DAYLIGHT,37.792997,-122.181468,,,,,A,NO PEDESTRIANS INVOLVED,1/10/2019 12:00:00 AM,A,22350 VC,False,1,SR-13 S/B,,,1/13/2019 2:17:47 PM,B,S,300.0,Carson St,F,,D,1/13/2019 2:18:29 PM,1/13/2019 2:18:29 PM,,True,2,,,,,,,
903103,9370-2019-00139,1,False,9370,1/10/2019 8:10:00 AM,810,80,14,109,Oakland,1,True,True,B,SIDE SWIPE,,Thursday,NotApplicable,False,M,,False,True,False,Oakland Superior,C,OTHER MOTOR VEHICLE,,0,0,A,DAYLIGHT,37.933757,-122.294917,,,,,A,NO PEDESTRIANS INVOLVED,1/10/2019 12:00:00 AM,A,21658(a),False,1,I-80 W/B,,,1/13/2019 2:14:07 PM,A,W,1790.0,Powell St,F,,D,1/13/2019 2:14:38 PM,1/13/2019 2:14:38 PM,,True,2,,,,,,,
903102,9370-2019-00061,1,False,9370,1/6/2019 2:35:00 PM,1435,98,14,109,Oakland,1,True,True,E,HIT OBJECT,,Sunday,NotApplicable,False,,,False,True,True,Oakland Superior,I,FIXED OBJECT,TREE,1,0,A,DAYLIGHT,37.805856,-122.278597,,,,,A,NO PEDESTRIANS INVOLVED,1/6/2019 12:00:00 AM,A,22107,False,1,I-980 E/B,,,1/13/2019 2:10:55 PM,B,E,75.0,12th St,F,,D,1/13/2019 2:11:28 PM,1/13/2019 2:11:28 PM,,True,2,,,,,,,
903099,9370-2019-00068,1,False,9370,1/6/2019 3:30:00 PM,1530,24,14,109,Oakland,1,True,True,E,HIT OBJECT,,Sunday,NotApplicable,False,,,False,True,True,Oakland Superior,I,FIXED OBJECT,CONCRETE WALL,0,0,A,DAYLIGHT,37.849832,-122.240914,,,,,A,NO PEDESTRIANS INVOLVED,1/6/2019 12:00:00 AM,A,22350,False,1,SR-24 W/B,,,1/13/2019 1:58:44 PM,B,E,450.0,Broadway,F,,D,1/13/2019 1:59:30 PM,1/13/2019 1:59:30 PM,,True,2,,,,,,,
903097,9370-2019-00059,1,False,9370,1/6/2019 1:55:00 PM,1355,98,14,109,Oakland,1,True,True,E,HIT OBJECT,,Sunday,NotApplicable,False,,,False,True,False,Oakland Superior,I,FIXED OBJECT,concrete wall,1,0,A,DAYLIGHT,37.807286,-122.277724,,,,,A,NO PEDESTRIANS INVOLVED,1/6/2019 12:00:00 AM,A,22107,False,1,I-980 W/B,,,1/13/2019 1:55:04 PM,B,E,200.0,14th St,F,,D,1/13/2019 1:55:50 PM,1/13/2019 1:55:50 PM,,True,2,,,,,,,
903095,9370-2019-00113,1,False,9370,1/9/2019 2:30:00 PM,1430,8,14,109,Oakland,1,True,True,B,SIDE SWIPE,,Wednesday,NotApplicable,False,,,False,True,False,Oakland Superior,C,OTHER MOTOR VEHICLE,,0,0,A,DAYLIGHT,37.828591,-122.293931,,,,,A,NO PEDESTRIANS INVOLVED,1/9/2019 12:00:00 AM,A,21658(a),False,1,I-80 E/B,,,1/13/2019 1:43:20 PM,B,E,4300.0,WEST GRAND AVE,F,,D,1/13/2019 1:44:04 PM,1/13/2019 1:44:04 PM,,True,2,,,,,,,
903086,9370-2019-00140,1,False,9370,1/11/2019 1:54:00 PM,1354,55,14,109,Oakland,1,True,True,C,REAR END,,Friday,NotApplicable,False,,,False,True,False,Oakland Superior,C,OTHER MOTOR VEHICLE,,0,0,A,DAYLIGHT,37.825278,-122.273567,,,,,A,NO PEDESTRIANS INVOLVED,1/11/2019 12:00:00 AM,A,22350,False,1,I-580 EB TO SR-24 EB,,,1/13/2019 12:40:46 PM,B,E,460.0,MARKET ST.,F,,D,1/13/2019 12:41:32 PM,1/13/2019 12:41:32 PM,,True,2,,,,,,,
903072,9370-2019-00147,1,False,9370,1/8/2019 2:39:00 AM,239,13,14,109,Oakland,1,True,True,E,HIT OBJECT,,Tuesday,NotApplicable,False,,,False,True,True,Oakland Superior,J,OTHER OBJECT,TREE,0,0,D,DARK-NO STREET LIGHTS,37.81832,-122.204422,,,,,A,NO PEDESTRIANS INVOLVED,1/8/2019 12:00:00 AM,C,,,,SR-13 N/B,,,1/13/2019 11:16:09 AM,B,S,1425.0,Park Blvd,F,,D,1/13/2019 11:16:38 AM,1/13/2019 11:16:38 AM,,True,2,,,,,,,
903069,9370-2019-00136,1,False,9370,1/10/2019 3:20:00 PM,1520,25,14,109,Oakland,1,True,True,C,REAR END,,Thursday,NotApplicable,False,,,False,True,True,Oakland Superior,C,OTHER MOTOR VEHICLE,,0,0,A,DAYLIGHT,37.5039,-122.15817,,,,,A,NO PEDESTRIANS INVOLVED,1/10/2019 12:00:00 AM,A,22350,False,1,SR-24 E/B,,,1/13/2019 10:46:00 AM,A,W,135.0,College Ave,F,,D,1/13/2019 10:46:39 AM,1/13/2019 10:46:39 AM,,True,2,,,,,,,
903066,9370-2019-00071,1,False,9370,1/6/2019 6:00:00 PM,1800,24,14,109,Oakland,1,True,True,B,SIDE SWIPE,,Sunday,NotApplicable,False,,,False,True,True,Oakland Superior,C,OTHER MOTOR VEHICLE,,1,0,C,DARK-STREET LIGHTS,37.849968,-122.240367,,,,,A,NO PEDESTRIANS INVOLVED,1/6/2019 12:00:00 AM,A,22350,False,1,SR-24 W/B,,,1/13/2019 10:07:26 AM,B,E,500.0,Broadway,F,,D,1/13/2019 10:08:00 AM,1/13/2019 10:08:00 AM,,True,2,,,,,,,
902966,9335-2019-00014,1,False,9335,1/3/2019 7:06:00 PM,1906,84,14,109,Oakland,1,True,True,C,REAR END,,Thursday,NotApplicable,False,,,False,True,True,Oakland Superior,C,OTHER MOTOR VEHICLE,,2,0,C,DARK-STREET LIGHTS,37.82368,-122.31459,,,,,A,NO PEDESTRIANS INVOLVED,1/3/2019 12:00:00 AM,A,22350,False,1,I-80 E/B,,,1/12/2019 10:32:09 AM,A,W,305.0,SFOBB Toll Plaza,F,,D,1/12/2019 10:32:53 AM,1/12/2019 10:32:53 AM,,True,2,,,,,,,
902226,9370-2019-00119,1,False,9370,1/9/2019 6:00:00 PM,1800,24,14,109,Oakland,1,True,True,C,REAR END,,Wednesday,Yes,False,,,False,True,True,Oakland Superior,C,OTHER MOTOR VEHICLE,,0,0,C,DARK-STREET LIGHTS,37.849498,-122.231967,,,,,A,NO PEDESTRIANS INVOLVED,1/9/2019 12:00:00 AM,A,22350,False,1,SR-24 W/B TO SR-13 S/B,,,1/11/2019 5:51:45 AM,B,W,3000.0,KAY ST OVERCROSSING,F,,D,1/11/2019 5:53:48 AM,1/11/2019 5:53:48 AM,,True,2,,,,,,,
902224,9370-2019-00131,1,False,9370,1/10/2019 1:05:00 PM,1305,176,14,109,Oakland,1,True,True,C,REAR END,,Thursday,NotApplicable,False,,,False,True,True,Oakland Superior,C,OTHER MOTOR VEHICLE,,0,0,A,DAYLIGHT,37.849498,-122.231967,,,,,A,NO PEDESTRIANS INVOLVED,1/10/2019 12:00:00 AM,A,22350,False,1,I-880 S/B,,,1/11/2019 5:44:46 AM,A,N,3000.0,66th Ave,F,,D,1/11/2019 5:45:20 AM,1/11/2019 5:45:20 AM,,True,2,,,,,,,
902221,9370-2019-00116,1,False,9370,1/9/2019 1:55:00 PM,1355,54,14,109,Oakland,1,True,True,E,HIT OBJECT,,Wednesday,NotApplicable,False,,,False,True,False,Oakland Superior,I,FIXED OBJECT,CONCRETE WALL,0,0,A,DAYLIGHT,37.809908,-122.245719,,,,,A,NO PEDESTRIANS INVOLVED,1/9/2019 12:00:00 AM,A,22107,False,1,I-580 E/B,,,1/11/2019 5:35:00 AM,B,E,100.0,Lakeshore Ave,F,,D,1/11/2019 5:35:32 AM,1/11/2019 5:35:32 AM,,True,2,,,,,,,
902211,9370-2019-00129,1,False,9370,1/9/2019 6:00:00 PM,1800,8,14,109,Oakland,1,True,True,C,REAR END,,Wednesday,NotApplicable,False,,,False,True,True,Oakland Superior,C,OTHER MOTOR VEHICLE,,0,0,D,DARK-NO STREET LIGHTS,37.82505,-122.305098,,,,,A,NO PEDESTRIANS INVOLVED,1/9/2019 12:00:00 AM,A,22350,False,2,I-80 E/B,,,1/11/2019 4:49:43 AM,B,E,0.25,West Grand Ave Overcrossing,M,,D,1/11/2019 4:50:16 AM,1/11/2019 4:50:16 AM,,True,2,,,,,,,
902210,9370-2019-00128,1,False,9370,1/10/2019 8:15:00 AM,815,52,14,109,Oakland,1,True,True,C,REAR END,,Thursday,NotApplicable,False,,,False,True,False,Oakland Superior,C,OTHER MOTOR VEHICLE,,0,0,A,DAYLIGHT,37.4646,-122.10154,,,,,A,NO PEDESTRIANS INVOLVED,1/10/2019 12:00:00 AM,A,22350,False,1,I-580 E/B,,,1/11/2019 4:41:33 AM,A,E,910.0,Kuhnle Ave,F,,D,1/11/2019 4:43:09 AM,1/11/2019 4:43:09 AM,,True,2,,,,,,,
901623,9370-2019-00030,1,False,9370,1/4/2019 12:00:00 PM,1200,54,14,109,Oakland,1,True,True,C,REAR END,,Friday,NotApplicable,False,,,False,True,True,Oakland Superior,C,OTHER MOTOR VEHICLE,,1,0,A,DAYLIGHT,37.80823,-122.24182,,,,,A,NO PEDESTRIANS INVOLVED,1/4/2019 12:00:00 AM,A,22350,False,1,I-580 E/B,,,1/10/2019 10:18:45 AM,A,W,2780.0,Park Blvd,F,,D,1/10/2019 10:19:20 AM,1/10/2019 10:19:20 AM,,True,2,,,,,,,
901563,9370-2019-00115,1,False,9370,1/9/2019 5:54:00 PM,1754,176,14,109,Oakland,1,True,True,C,REAR END,,Wednesday,NotApplicable,False,,,False,True,False,Oakland Superior,C,OTHER MOTOR VEHICLE,,0,0,D,DARK-NO STREET LIGHTS,37.45241,-122.13422,,,,,A,NO PEDESTRIANS INVOLVED,1/9/2019 12:00:00 AM,A,22350,False,1,I-880 N/B,,,1/10/2019 9:44:17 AM,B,N,100.0,Fruitvale Ave,F,,D,1/10/2019 9:47:22 AM,1/10/2019 9:47:22 AM,,True,2,,,,,,,
901259,9370-2019-00015,1,False,9370,1/3/2019 2:10:00 AM,210,52,14,109,Oakland,1,True,True,E,HIT OBJECT,,Thursday,No,False,,,False,True,False,Oakland Superior,I,FIXED OBJECT,Cement wall,0,0,C,DARK-STREET LIGHTS,37.73729,-122.14048,,,,,A,NO PEDESTRIANS INVOLVED,1/3/2019 12:00:00 AM,A,22107,False,1,I-580 W/B,,,1/10/2019 5:56:09 AM,A,W,1587.0,Dutton Ave,F,,D,1/10/2019 5:57:19 AM,1/10/2019 5:57:19 AM,,True,2,,,,,,,
901247,9370-2019-00034,1,False,9370,1/4/2019 5:30:00 PM,1730,53,14,109,Oakland,1,True,True,C,REAR END,,Friday,NotApplicable,False,,,False,True,True,Oakland Superior,C,OTHER MOTOR VEHICLE,,0,0,C,DARK-STREET LIGHTS,37.795078,-122.206718,,,,,A,NO PEDESTRIANS INVOLVED,1/4/2019 12:00:00 AM,A,22350,False,1,I-580 W/B,,,1/10/2019 4:58:38 AM,A,E,20.0,MAPLE AVENUE,F,,D,1/10/2019 4:59:11 AM,1/10/2019 4:59:11 AM,,True,2,,,,,,,
901001,9370-2019-00109,1,False,9370,1/9/2019 10:30:00 AM,1030,8,14,109,Oakland,1,True,True,E,HIT OBJECT,,Wednesday,NotApplicable,False,,,False,True,False,Oakland Superior,I,FIXED OBJECT,SAND BARRELS,0,0,A,DAYLIGHT,37.82811,-122.29435,,,,,A,NO PEDESTRIANS INVOLVED,1/9/2019 12:00:00 AM,A,22107,False,1,I-80 E/B,,,1/9/2019 1:34:50 PM,B,W,3600.0,Powell St,F,,D,1/9/2019 1:35:18 PM,1/9/2019 1:35:18 PM,,True,2,,,,,,,
900930,9370-2019-00100,1,False,9370,1/8/2019 7:02:00 AM,702,54,14,109,Oakland,1,True,True,C,REAR END,,Tuesday,NotApplicable,False,M,,False,True,False,Oakland Superior,C,OTHER MOTOR VEHICLE,,0,0,B,DUSK-DAWN,37.80842,-122.2416,,,,,A,NO PEDESTRIANS INVOLVED,1/8/2019 12:00:00 AM,A,22350,False,3,I-580 W/B,,,1/9/2019 12:28:55 PM,B,E,1448.0,LAKSHORE AVE,F,,D,1/9/2019 12:29:42 PM,1/9/2019 12:29:42 PM,,True,2,,,,,,,
900654,9370-2019-00033,1,False,9370,1/4/2019 11:42:00 AM,1142,54,14,109,Oakland,1,True,True,C,REAR END,,Friday,Yes,False,,,False,True,True,Oakland Superior,C,OTHER MOTOR VEHICLE,,2,0,A,DAYLIGHT,37.4842,-122.15015,,,,,A,NO PEDESTRIANS INVOLVED,1/4/2019 12:00:00 AM,A,21651(a),False,1,I-580 E/B,,,1/9/2019 9:43:56 AM,A,W,730.0,Grand Ave,F,,D,1/9/2019 9:44:38 AM,1/9/2019 9:44:38 AM,,True,2,,,,,,,
900577,9370-2019-00092,1,False,9370,1/7/2019 4:15:00 PM,1615,176,14,109,Oakland,1,True,True,C,REAR END,,Monday,NotApplicable,False,M,,False,True,False,Oakland Superior,C,OTHER MOTOR VEHICLE,,1,0,A,DAYLIGHT,37.454982,-122.125986,,,,,A,NO PEDESTRIANS INVOLVED,1/7/2019 12:00:00 AM,A,21658(a),False,1,I-880 N/B,,,1/9/2019 9:04:10 AM,A,S,1900.0,High St,F,,D,1/9/2019 9:04:53 AM,1/9/2019 9:04:53 AM,,True,2,,,,,,,
900527,9370-2019-00089,1,False,9370,1/7/2019 11:40:00 AM,1140,8,14,109,Oakland,1,True,True,B,SIDE SWIPE,,Monday,NotApplicable,False,,,False,True,True,Oakland Superior,C,OTHER MOTOR VEHICLE,,0,0,A,DAYLIGHT,37.825234,-122.312792,,,,,A,NO PEDESTRIANS INVOLVED,1/7/2019 12:00:00 AM,A,21658(a),False,1,I-80 W/B,,,1/9/2019 8:34:03 AM,A,E,310.0,SFOBB TOLLL PLAZA,F,,D,1/9/2019 8:34:44 AM,1/9/2019 8:34:44 AM,,True,2,,,,,,,
900506,9370-2019-00107,1,False,9370,1/8/2019 7:05:00 AM,705,54,14,109,Oakland,1,True,True,C,REAR END,,Tuesday,NotApplicable,False,,,False,True,True,Oakland Superior,C,OTHER MOTOR VEHICLE,,0,0,C,DARK-STREET LIGHTS,37.808241,-122.241123,,,,,A,NO PEDESTRIANS INVOLVED,1/8/2019 12:00:00 AM,A,22350,False,1,I-580 W/B,,,1/9/2019 8:21:40 AM,B,E,235.0,Lake Park Ave,F,,D,1/9/2019 8:22:11 AM,1/9/2019 8:22:11 AM,,True,2,,,,,,,
900479,9370-2019-00105,1,False,9370,1/9/2019 12:45:00 AM,45,176,14,109,Oakland,1,True,True,E,HIT OBJECT,,Wednesday,NotApplicable,False,M,,False,True,True,Oakland Superior,I,FIXED OBJECT,BUSH,0,0,D,DARK-NO STREET LIGHTS,37.741601,-122.195886,,,,,A,NO PEDESTRIANS INVOLVED,1/9/2019 12:00:00 AM,A,22350,False,1,I-880 N/B FROM HEGENBERGER RD.,,,1/9/2019 7:58:56 AM,B,N,60.0,Hegenberger Rd,F,,D,1/9/2019 7:59:37 AM,1/9/2019 7:59:37 AM,,True,2,,,,,,,
900386,9370-2019-00053,1,False,9370,1/6/2019 11:27:00 AM,1127,24,14,109,Oakland,1,True,True,E,HIT OBJECT,,Sunday,Yes,False,,,False,True,True,Oakland Superior,I,FIXED OBJECT,INCLINED DIRT EMBANKMENT,1,0,A,DAYLIGHT,37.50597,-122.14175,,,,,A,NO PEDESTRIANS INVOLVED,1/6/2019 12:00:00 AM,A,22350,False,1,SR-24 W/B,,,1/9/2019 6:51:52 AM,B,E,470.0,Golden Gate Ave,F,,D,1/9/2019 6:52:28 AM,1/9/2019 6:52:28 AM,,True,2,,,,,,,
900374,9370-2019-00101,1,False,9370,1/8/2019 7:00:00 AM,700,24,14,109,Oakland,1,True,True,B,SIDE SWIPE,,Tuesday,NotApplicable,False,,,False,True,False,Oakland Superior,C,OTHER MOTOR VEHICLE,,0,0,A,DAYLIGHT,37.826343,-122.268089,,,,,A,NO PEDESTRIANS INVOLVED,1/8/2019 12:00:00 AM,B,UNSAFE MERGE,,1,SR-24 W/B,,,1/9/2019 6:38:56 AM,B,W,200.0,WEST MACARTHUR BLVD,F,,D,1/9/2019 6:39:27 AM,1/9/2019 6:39:27 AM,,True,2,,,,,,,
900372,9370-2019-00090,1,False,9370,1/7/2019 12:35:00 PM,1235,178,14,109,Oakland,1,True,True,C,REAR END,,Monday,NotApplicable,False,M,,False,True,False,Oakland Superior,C,OTHER MOTOR VEHICLE,,0,0,A,DAYLIGHT,37.802908,-122.300374,,,,,A,NO PEDESTRIANS INVOLVED,1/7/2019 12:00:00 AM,A,22107,False,1,I-880 N/B TO 7TH ST,,,1/9/2019 6:37:18 AM,A,S,1300.0,7TH St,F,,D,1/9/2019 6:37:47 AM,1/9/2019 6:37:47 AM,,True,2,,,,,,,
900325,9370-2019-00058,1,False,9370,1/6/2019 2:35:00 PM,1435,176,14,109,Oakland,1,True,True,E,HIT OBJECT,,Sunday,NotApplicable,False,,,False,True,True,Oakland Superior,I,FIXED OBJECT,Concrete Wall,0,0,A,DAYLIGHT,37.462277,-122.133711,,,,,A,NO PEDESTRIANS INVOLVED,1/6/2019 12:00:00 AM,A,22107,False,1,I-880 N/B,,,1/9/2019 4:11:21 AM,B,S,405.0,Fruitvale Ave,F,,D,1/9/2019 4:11:53 AM,1/9/2019 4:11:53 AM,,True,2,,,,,,,
900308,9370-2019-00069,1,False,9370,1/6/2019 3:00:00 PM,1500,54,14,109,Oakland,1,True,True,E,HIT OBJECT,,Sunday,NotApplicable,False,,,False,True,True,Oakland Superior,I,FIXED OBJECT,CONCRETE BARRIER WALL,0,0,A,DAYLIGHT,37.804152,-122.233369,,,,,A,NO PEDESTRIANS INVOLVED,1/6/2019 12:00:00 AM,A,22350,False,1,I-580 W/B,,,1/8/2019 4:59:22 PM,B,E,50.0,Park Blvd,F,,D,1/8/2019 4:59:51 PM,1/8/2019 4:59:51 PM,,True,2,,,,,,,
900305,9370-2019-00091,1,False,9370,1/3/2019 8:35:00 PM,2035,83,14,109,Oakland,1,True,True,C,REAR END,,Thursday,NotApplicable,False,,,False,True,False,Oakland Superior,C,OTHER MOTOR VEHICLE,,0,0,C,DARK-STREET LIGHTS,37.975358,-122.318814,,,,,A,NO PEDESTRIANS INVOLVED,1/3/2019 12:00:00 AM,A,22350,False,2,I-80 W/B,,,1/8/2019 4:53:40 PM,A,W,300.0,HILLTOP DRIVE,F,,D,1/8/2019 4:54:14 PM,1/8/2019 4:54:14 PM,,True,2,,,,,,,
900145,9370-2019-00040,1,False,9370,1/4/2019 6:41:00 PM,1841,81,14,109,Oakland,1,True,True,C,REAR END,,Friday,NotApplicable,False,,,False,True,True,Oakland Superior,C,OTHER MOTOR VEHICLE,,2,0,D,DARK-NO STREET LIGHTS,37.897652,-122.309054,,,,,A,NO PEDESTRIANS INVOLVED,1/4/2019 12:00:00 AM,A,22350,False,1,I-80 E/B,,,1/8/2019 2:05:05 PM,A,W,0.25,CENTRAL AVE.,M,,D,1/8/2019 2:05:41 PM,1/8/2019 2:05:41 PM,,True,2,,,,,,,
900095,9370-2019-00022,1,False,9370,1/3/2019 4:25:00 PM,1625,52,14,109,Oakland,1,True,True,E,HIT OBJECT,,Thursday,NotApplicable,False,,,False,True,False,Oakland Superior,I,FIXED OBJECT,TRASH BAG,0,0,B,DUSK-DAWN,37.754748,-122.1502,,,,,A,NO PEDESTRIANS INVOLVED,1/3/2019 12:00:00 AM,C,,,,I-580 W/B,,,1/8/2019 1:22:54 PM,A,W,500.0,Golf Links Rd,F,,D,1/8/2019 1:23:27 PM,1/8/2019 1:23:27 PM,,True,2,,,,,,,
900064,9370-2019-00077,1,False,9370,1/6/2019 10:40:00 PM,2240,53,14,109,Oakland,1,True,True,C,REAR END,,Sunday,NotApplicable,False,,,False,True,True,Oakland Superior,C,OTHER MOTOR VEHICLE,,0,0,C,DARK-STREET LIGHTS,37.48038,-122.132799,,,,,A,NO PEDESTRIANS INVOLVED,1/6/2019 12:00:00 AM,A,22350,False,1,I-580 W/B,,,1/8/2019 12:57:29 PM,B,E,1000.0,14TH AVENUE,F,,D,1/8/2019 12:58:00 PM,1/8/2019 12:58:00 PM,,True,2,,,,,,,
900057,9370-2019-00079,1,False,9370,1/6/2019 10:41:00 PM,2241,53,14,109,Oakland,1,True,True,C,REAR END,,Sunday,NotApplicable,False,,,False,True,False,Oakland Superior,C,OTHER MOTOR VEHICLE,,0,0,C,DARK-STREET LIGHTS,37.481053,-122.135334,,,,,A,NO PEDESTRIANS INVOLVED,1/6/2019 12:00:00 AM,A,22350,False,1,I-580 W/B,,,1/8/2019 12:52:35 PM,B,E,1000.0,14TH AVENUE,F,,D,1/8/2019 12:53:06 PM,1/8/2019 12:53:06 PM,,True,2,,,,,,,
899862,9335-2019-00044,1,False,9335,1/8/2019 8:20:00 AM,820,82,14,109,Oakland,1,True,True,B,SIDE SWIPE,,Tuesday,NotApplicable,False,,,False,True,False,Oakland Superior,C,OTHER MOTOR VEHICLE,,0,0,A,DAYLIGHT,37.824435,-122.31627,,,,,A,NO PEDESTRIANS INVOLVED,1/8/2019 12:00:00 AM,A,21658(a),False,,I-80 W/B,,,1/8/2019 10:47:11 AM,A,E,240.0,METERING LIGHTS (SFOBB),F,,D,1/8/2019 10:47:41 AM,1/8/2019 10:47:41 AM,,True,2,,,,,,,
899623,9370-2019-00078,1,False,9370,1/6/2019 9:20:00 PM,2120,53,14,109,Oakland,1,True,True,B,SIDE SWIPE,,Sunday,NotApplicable,False,M,,False,True,False,Oakland Superior,C,OTHER MOTOR VEHICLE,,0,0,D,DARK-NO STREET LIGHTS,37.799987,-122.223938,,,,,A,NO PEDESTRIANS INVOLVED,1/6/2019 12:00:00 AM,A,21658(a),False,1,I-580 W/B,,,1/8/2019 8:19:20 AM,B,E,45.0,Ardley Ave,F,,D,1/8/2019 8:19:57 AM,1/8/2019 8:19:57 AM,,True,2,,,,,,,
899608,9370-2019-00028,1,False,9370,1/3/2019 11:45:00 PM,2345,54,14,109,Oakland,1,True,True,E,HIT OBJECT,,Thursday,NotApplicable,False,,,False,True,False,Oakland Superior,I,FIXED OBJECT,METAL GUARDRAIL,0,0,C,DARK-STREET LIGHTS,37.81976,-122.25548,,,,,A,NO PEDESTRIANS INVOLVED,1/3/2019 12:00:00 AM,A,22107,False,1,I-580 E/B TO HARISSON STREET,,,1/8/2019 8:06:03 AM,A,W,471.0,Harrison St,F,,D,1/8/2019 8:06:40 AM,1/8/2019 8:06:40 AM,,True,2,,,,,,,
899494,9370-2019-00051,1,False,9370,1/6/2019 2:21:00 AM,221,52,14,109,Oakland,1,True,True,C,REAR END,,Sunday,NotApplicable,False,M,,False,True,False,Oakland Superior,C,OTHER MOTOR VEHICLE,,0,0,C,DARK-STREET LIGHTS,37.464058,-122.10504,,,,,A,NO PEDESTRIANS INVOLVED,1/6/2019 12:00:00 AM,A,22350,False,2,I-580 E/B,,,1/8/2019 5:46:54 AM,A,W,1800.0,EDWARDS AVENUE,F,,D,1/8/2019 5:47:23 AM,1/8/2019 5:47:23 AM,,True,2,,,,,,,
899489,9370-2019-00094,1,False,9370,1/7/2019 6:10:00 PM,1810,177,14,109,Oakland,1,True,True,C,REAR END,,Monday,NotApplicable,False,M,,False,True,False,Oakland Superior,C,OTHER MOTOR VEHICLE,,0,0,C,DARK-STREET LIGHTS,37.47156,-122.14554,,,,,A,NO PEDESTRIANS INVOLVED,1/7/2019 12:00:00 AM,A,22350,False,1,I-880 S/B,,,1/8/2019 5:29:56 AM,A,N,1345.0,16th Ave,F,,D,1/8/2019 5:30:32 AM,1/8/2019 5:30:32 AM,,True,2,,,,,,,