collision-id,report-number,report-version,is-preliminary,ncic-code,crash-date-time,crash-time-description,beat,city-id,city-code,city-name,county-code,city-is-active,city-is-incorporated,collision-type-code,collision-type-description,collision-type-other-desc,day-of-week,dispatch-notified,has-photographs,hit-run,is-attachments-mailed,is-deleted,is-highway-related,is-tow-away,judicial-district,motor-vehicle-involved-with-code,motor-vehicle-involved-with-desc,motor-vehicle-involved-with-other-desc,number-injured,number-killed,lighting-code,lighting-description,latitude,longitude,milepost-direction,milepost-distance,milepost-marker,milepost-unit-of-measure,pedestrian-action-code,pedestrian-action-desc,prepared-date,primary-collision-factor-code,primary-collision-factor-description,primary-collision-factor-is-cited,primary-collision-party-number,primary-road,reporting-district,reporting-district-code,reviewed-date,roadway-surface-code,secondary-direction,secondary-distance,secondary-road,secondary-unit-of-measure,sketch-desc,traffic-control-device-code,created-date,modified-date,is-county-road,is-freeway,chp-555-version,is-additonal-object-struck,notification-date,notification-time-description,has-digital-media-files,evidence-number,is-location-refer-to-narrative,is-aoi-one-same-as-location
1031248,9370-2019-02376,1,False,9370,7/6/2019 10:55:00 PM,2255,055,14,109,Oakland,1,True,True,E,HIT OBJECT,,Saturday,NotApplicable,False,,,False,True,True,Oakland Superior,I,FIXED OBJECT,RAISED CURB EDGE,0,0,C,DARK-STREET LIGHTS,37.492411,-122.154757,,,,,A,NO PEDESTRIANS INVOLVED,7/6/2019 12:00:00 AM,A,23152(a),True,1,I-580 W/B,,,7/16/2019 6:40:51 AM,A,W,330.0,WEBSTER STREET,F,,D,7/16/2019 6:41:53 AM,7/16/2019 6:41:53 AM,,True,2,,,,,,,
1031227,9370-2019-02410,1,False,9370,7/10/2019 6:30:00 AM,630,177,14,109,Oakland,1,True,True,E,HIT OBJECT,,Wednesday,NotApplicable,False,,,False,True,False,Oakland Superior,J,OTHER OBJECT,UNKNOWN,0,0,A,DAYLIGHT,37.797449,-122.27207,,,,,A,NO PEDESTRIANS INVOLVED,7/10/2019 12:00:00 AM,C,,,,I-880 N/B,,,7/16/2019 5:28:16 AM,A,S,1100.0,Broadway,F,,D,7/16/2019 5:28:56 AM,7/16/2019 5:28:56 AM,,True,2,,,,,,,
1031221,9370-2019-02364,1,False,9370,7/6/2019 5:41:00 AM,541,177,14,109,Oakland,1,True,True,E,HIT OBJECT,,Saturday,NotApplicable,False,M,,False,True,True,Oakland Superior,I,FIXED OBJECT,Concrete Wall,0,0,B,DUSK-DAWN,37.47396,-122.15539,,,,,A,NO PEDESTRIANS INVOLVED,7/6/2019 12:00:00 AM,A,22107,False,1,I-880 S/B,,,7/16/2019 5:15:23 AM,A,S,495.0,Oak St,F,,D,7/16/2019 5:15:59 AM,7/16/2019 5:15:59 AM,,True,2,,,,,,,
1031218,9370-2019-02356,1,False,9370,7/5/2019 12:35:00 PM,1235,054,14,109,Oakland,1,True,True,B,SIDE SWIPE,,Friday,Yes,False,,,False,True,True,Oakland Superior,C,OTHER MOTOR VEHICLE,,1,0,A,DAYLIGHT,37.48383,-122.14568,,,,,A,NO PEDESTRIANS INVOLVED,7/5/2019 12:00:00 AM,A,21658(a),False,1,I-580 E/B,,,7/16/2019 5:11:05 AM,A,W,239.0,Grand Ave,F,,D,7/16/2019 5:12:18 AM,7/16/2019 5:12:18 AM,,True,2,,,,,,,
1031216,9370-2019-02346,1,False,9370,7/4/2019 5:37:00 PM,1737,178,14,109,Oakland,1,True,True,E,HIT OBJECT,,Thursday,NotApplicable,False,,,False,True,False,Oakland Superior,I,FIXED OBJECT,CONCRETE WALL,0,0,A,DAYLIGHT,37.821711,-122.298455,,,,,A,NO PEDESTRIANS INVOLVED,7/4/2019 12:00:00 AM,A,22107,False,1,I-80 E/B,,,7/16/2019 4:54:46 AM,A,E,819.0,Maritime St,F,,D,7/16/2019 4:55:22 AM,7/16/2019 4:55:22 AM,,True,2,,,,,,,
1031211,9370-2019-02336,1,False,9370,7/3/2019 5:00:00 PM,1700,055,14,109,Oakland,1,True,True,C,REAR END,,Wednesday,NotApplicable,False,,,False,True,False,Oakland Superior,C,OTHER MOTOR VEHICLE,,0,0,A,DAYLIGHT,37.827921,-122.28251,,,,,A,NO PEDESTRIANS INVOLVED,7/3/2019 12:00:00 AM,A,22350,False,1,I-580 W/B TO I-80 E/B FROM W MACARTHUR,,,7/15/2019 8:55:35 PM,A,W,500.0,HOLLIS  STREET,F,,D,7/15/2019 8:56:12 PM,7/15/2019 8:56:12 PM,,True,2,,,,,,,
1031175,9370-2019-02338,1,False,9370,7/4/2019 9:05:00 AM,905,177,14,109,Oakland,1,True,True,C,REAR END,,Thursday,NotApplicable,False,,,False,True,True,Oakland Superior,C,OTHER MOTOR VEHICLE,,0,0,A,DAYLIGHT,37.796053,-122.268578,,,,,A,NO PEDESTRIANS INVOLVED,7/4/2019 12:00:00 AM,A,22350,False,1,I-880 N/B,,,7/15/2019 5:25:03 PM,A,S,100.0,Jackson St,F,,D,7/15/2019 5:25:38 PM,7/15/2019 5:25:38 PM,,True,2,,,,,,,
1031060,9370-2019-02381,1,False,9370,7/7/2019 9:10:00 PM,2110,008,14,109,Oakland,1,True,True,C,REAR END,,Sunday,NotApplicable,False,M,,False,True,False,Oakland Superior,C,OTHER MOTOR VEHICLE,,0,0,D,DARK-NO STREET LIGHTS,37.50256,-122.174213,,,,,A,NO PEDESTRIANS INVOLVED,7/7/2019 12:00:00 AM,A,22350,False,1,I-80 W/B,,,7/15/2019 3:18:55 PM,A,W,1500.0,Powell St,F,,D,7/15/2019 3:19:31 PM,7/15/2019 3:19:31 PM,,True,2,,,,,,,
1031022,9370-2019-02380,1,False,9370,7/7/2019 8:50:00 PM,2050,080,14,109,Oakland,1,True,True,C,REAR END,,Sunday,NotApplicable,False,,,False,True,False,Oakland Superior,C,OTHER MOTOR VEHICLE,,0,0,D,DARK-NO STREET LIGHTS,37.839949,-122.298089,,,,,A,NO PEDESTRIANS INVOLVED,7/7/2019 12:00:00 AM,A,22350,False,1,I-80 W/B,,,7/15/2019 2:50:20 PM,A,E,646.0,Powell St,F,,D,7/15/2019 2:51:02 PM,7/15/2019 2:51:02 PM,,True,2,,,,,,,
1029803,9370-2019-02430,1,False,9370,7/11/2019 2:15:00 PM,1415,176,14,109,Oakland,1,True,True,C,REAR END,,Thursday,NotApplicable,False,,,False,True,False,Oakland Superior,C,OTHER MOTOR VEHICLE,,0,0,A,DAYLIGHT,37.76849,-122.22026,,,,,A,NO PEDESTRIANS INVOLVED,7/11/2019 12:00:00 AM,A,22350,False,1,I-880 N/B,,,7/12/2019 11:50:41 AM,A,S,200.0,High St,F,,D,7/12/2019 11:52:05 AM,7/12/2019 11:52:05 AM,,True,2,,,,,,,
1029722,9370-2019-02331,1,False,9370,7/3/2019 12:28:00 PM,1228,177,14,109,Oakland,1,True,True,C,REAR END,,Wednesday,NotApplicable,False,,,False,True,True,Oakland Superior,C,OTHER MOTOR VEHICLE,,0,0,A,DAYLIGHT,37.787287,-122.247194,,,,,A,NO PEDESTRIANS INVOLVED,7/3/2019 12:00:00 AM,A,22350,False,1,I-880 S/B,,,7/12/2019 10:54:13 AM,A,N,845.0,16th St,F,,D,7/12/2019 10:54:52 AM,7/12/2019 10:54:52 AM,,True,2,,,,,,,
1029706,9370-2019-02330,1,False,9370,7/3/2019 10:15:00 AM,1015,177,14,109,Oakland,1,True,True,B,SIDE SWIPE,,Wednesday,NotApplicable,False,,,False,True,True,Oakland Superior,C,OTHER MOTOR VEHICLE,,0,0,A,DAYLIGHT,37.790935,-122.260937,,,,,A,NO PEDESTRIANS INVOLVED,7/3/2019 12:00:00 AM,A,21658(a),False,1,I-880 S/B,,,7/12/2019 10:33:40 AM,A,N,310.0,5th St,F,,D,7/12/2019 10:36:56 AM,7/12/2019 10:36:56 AM,,True,2,,,,,,,
1029546,9370-2019-02323,1,False,9370,7/3/2019 6:08:00 AM,608,177,14,109,Oakland,1,True,True,B,SIDE SWIPE,,Wednesday,NotApplicable,False,,,False,True,True,Oakland Superior,C,OTHER MOTOR VEHICLE,,0,0,A,DAYLIGHT,37.79835,-122.274083,,,,,A,NO PEDESTRIANS INVOLVED,7/3/2019 12:00:00 AM,A,21658(a),False,1,I-880 N/B,,,7/12/2019 8:51:05 AM,A,S,185.0,Broadway,F,,D,7/12/2019 8:51:45 AM,7/12/2019 8:51:45 AM,,True,2,,,,,,,
1029412,9370-2019-02374,1,False,9370,7/7/2019 10:00:00 AM,1000,055,14,109,Oakland,1,True,True,B,SIDE SWIPE,,Sunday,NotApplicable,False,M,,False,True,False,Oakland Superior,C,OTHER MOTOR VEHICLE,,0,0,A,DAYLIGHT,37.82349,-122.263536,,,,,A,NO PEDESTRIANS INVOLVED,7/7/2019 12:00:00 AM,A,22107 VC,False,1,I-580 W/B to I-980 W/B,,,7/12/2019 6:37:41 AM,A,W,405.0,Webster St,F,,D,7/12/2019 6:38:33 AM,7/12/2019 6:38:33 AM,,True,2,,,,,,,
1029396,9370-2019-02386,1,False,9370,7/8/2019 2:39:00 PM,1439,177,14,109,Oakland,1,True,True,C,REAR END,,Monday,NotApplicable,False,M,,False,True,True,Oakland Superior,C,OTHER MOTOR VEHICLE,,0,0,A,DAYLIGHT,37.474926,-122.161855,,,,,A,NO PEDESTRIANS INVOLVED,7/8/2019 12:00:00 AM,A,22350,False,3,I-880 N/B,,,7/12/2019 5:26:24 AM,A,N,272.0,Jackson Street,F,,D,7/12/2019 5:27:38 AM,7/12/2019 5:27:38 AM,,True,2,,,,,,,
1029383,9370-2019-02299,1,False,9370,7/1/2019 6:20:00 PM,1820,052,14,109,Oakland,1,True,True,E,HIT OBJECT,,Monday,Yes,False,,,False,True,True,Oakland Superior,I,FIXED OBJECT,RAISED CONCRETE CURB,2,0,A,DAYLIGHT,37.783942,-122.189378,,,,,A,NO PEDESTRIANS INVOLVED,7/1/2019 12:00:00 AM,A,22107,False,1,I-580 E/B TO MACARTHUR BOULEVARD,,,7/11/2019 9:53:40 PM,A,W,700.0,Macarthur Blvd,F,,D,7/11/2019 9:55:17 PM,7/11/2019 9:55:17 PM,,True,2,,,,,,,
1028934,9370-2019-02309,2,False,9370,7/2/2019 6:30:00 AM,630,177,14,109,Oakland,1,True,True,B,SIDE SWIPE,,Tuesday,NotApplicable,False,,,False,True,True,Oakland Superior,C,OTHER MOTOR VEHICLE,,1,0,A,DAYLIGHT,37.790054,-122.259397,,,,,A,NO PEDESTRIANS INVOLVED,7/2/2019 12:00:00 AM,A,21658(a),False,1,I-880 S/B,,,12/11/2019 12:00:58 PM,A,S,300.0,5th St,F,,D,7/11/2019 9:34:52 AM,12/11/2019 12:01:38 PM,,True,2,,,,,,,
1028837,9370-2019-02322,1,False,9370,7/3/2019 7:08:00 AM,708,008,14,109,Oakland,1,True,True,B,SIDE SWIPE,,Wednesday,Yes,False,,,False,True,True,Oakland Superior,C,OTHER MOTOR VEHICLE,,1,0,A,DAYLIGHT,37.493436,-122.18506,,,,,A,NO PEDESTRIANS INVOLVED,7/3/2019 12:00:00 AM,A,21658(a),False,3,I-80 W/B,,,7/11/2019 8:16:26 AM,A,E,2340.0,W. GRAND AVENUE,F,,D,7/11/2019 8:17:32 AM,7/11/2019 8:17:32 AM,,True,2,,,,,,,
1028803,9370-2019-02328,1,False,9370,7/3/2019 11:44:00 AM,1144,008,14,109,Oakland,1,True,True,B,SIDE SWIPE,,Wednesday,NotApplicable,False,M,,False,True,False,Oakland Superior,C,OTHER MOTOR VEHICLE,,0,0,A,DAYLIGHT,37.82514,-122.307831,,,,,A,NO PEDESTRIANS INVOLVED,7/3/2019 12:00:00 AM,A,21658(a),False,1,I-80 W/B,,,7/11/2019 7:50:54 AM,A,E,520.0,W. GRAND AVE O/C,F,,D,7/11/2019 7:51:47 AM,7/11/2019 7:51:47 AM,,True,2,,,,,,,
1028741,9370-2019-02377,1,False,9370,7/2/2019 11:31:00 PM,2331,052,14,109,Oakland,1,True,True,E,HIT OBJECT,,Tuesday,Yes,False,,,False,True,True,Oakland Superior,I,FIXED OBJECT,Concrete Barrier,1,0,D,DARK-NO STREET LIGHTS,37.786051,-122.194576,,,,,A,NO PEDESTRIANS INVOLVED,7/2/2019 12:00:00 AM,A,23152(a),True,1,I-580 E/B,,,7/11/2019 6:48:23 AM,A,W,1960.0,Macarthur Blvd,F,,D,7/11/2019 6:49:20 AM,7/11/2019 6:49:20 AM,,True,2,,,,,,,
1028707,9370-2019-02415,1,False,9370,7/1/2019 10:00:00 PM,2200,179,14,109,Oakland,1,True,True,B,SIDE SWIPE,,Monday,NotApplicable,False,M,,False,True,False,Oakland Superior,C,OTHER MOTOR VEHICLE,,0,0,C,DARK-STREET LIGHTS,37.493083,-122.183811,,,,,A,NO PEDESTRIANS INVOLVED,7/1/2019 12:00:00 AM,A,21658(a),False,1,I-880 N/B,,,7/11/2019 5:17:47 AM,A,N,285.0,West Grand Avenue,F,,D,7/11/2019 5:18:56 AM,7/11/2019 5:18:56 AM,,True,2,,,,,,,
1027944,9370-2019-02400,1,False,9370,5/25/2019 2:00:00 PM,1400,024,14,109,Oakland,1,True,True,C,REAR END,,Saturday,NotApplicable,False,,,False,True,False,Oakland Superior,C,OTHER MOTOR VEHICLE,,0,0,A,DAYLIGHT,37.85679,-122.21438,,,,,A,NO PEDESTRIANS INVOLVED,5/25/2019 12:00:00 AM,A,22107,False,1,SR-24 E/B (Caldecott Tunnel Bore #1),,,7/10/2019 8:03:38 AM,A,W,1800.0,FISH RANCH RD,F,,D,7/10/2019 8:04:18 AM,7/10/2019 8:04:18 AM,,True,2,,,,,,,
1027889,9370-2019-02396,1,False,9370,7/9/2019 10:40:00 AM,1040,176,14,109,Oakland,1,True,True,B,SIDE SWIPE,,Tuesday,NotApplicable,False,,,False,True,False,Oakland Superior,C,OTHER MOTOR VEHICLE,,0,0,A,DAYLIGHT,37.772841,-122.226613,,,,,A,NO PEDESTRIANS INVOLVED,7/9/2019 12:00:00 AM,A,21658(a),False,1,I-880 N/B,,,7/10/2019 7:26:07 AM,A,S,400.0,Fruitvale Ave,F,,D,7/10/2019 7:26:53 AM,7/10/2019 7:26:53 AM,,True,2,,,,,,,
1027858,9370-2019-02355,1,False,9370,7/5/2019 8:52:00 AM,852,054,14,109,Oakland,1,True,True,B,SIDE SWIPE,,Friday,NotApplicable,False,,,False,True,True,Oakland Superior,C,OTHER MOTOR VEHICLE,,0,0,A,DAYLIGHT,37.4818,-122.1242,,,,,A,NO PEDESTRIANS INVOLVED,7/5/2019 12:00:00 AM,A,21658(a),False,,I-580 W/B FROM PARK Boulevard,,,7/10/2019 6:55:23 AM,A,W,265.0,Park Blvd,F,,D,7/10/2019 6:56:47 AM,7/10/2019 6:56:47 AM,,True,2,,,,,,,
1027854,9370-2019-02342,1,False,9370,7/4/2019 9:20:00 AM,920,055,14,109,Oakland,1,True,True,E,HIT OBJECT,,Thursday,NotApplicable,False,,,False,True,True,Oakland Superior,I,FIXED OBJECT,Concrete Wall,0,0,A,DAYLIGHT,37.49263,-122.16097,,,,,A,NO PEDESTRIANS INVOLVED,7/4/2019 12:00:00 AM,A,22107,False,1,I-580 W/B,,,7/10/2019 6:52:17 AM,A,W,256.0,Telegraph Ave,F,,D,7/10/2019 6:54:13 AM,7/10/2019 6:54:13 AM,,True,2,,,,,,,
1027848,9370-2019-02371,1,False,9370,7/6/2019 9:01:00 AM,901,055,14,109,Oakland,1,True,True,B,SIDE SWIPE,,Saturday,NotApplicable,False,,,False,True,True,Oakland Superior,C,OTHER MOTOR VEHICLE,,1,0,A,DAYLIGHT,37.811299,-122.249619,,,,,A,NO PEDESTRIANS INVOLVED,7/6/2019 12:00:00 AM,A,21658(a),False,1,I-580 W/B,,,7/10/2019 6:48:30 AM,A,W,80.0,Grand Ave,F,,D,7/10/2019 6:49:44 AM,7/10/2019 6:49:44 AM,,True,2,,,,,,,
1027820,9370-2019-02402,1,False,9370,7/5/2019 3:32:00 AM,332,052,14,109,Oakland,1,True,True,E,HIT OBJECT,,Friday,Yes,False,,,False,True,True,Oakland Superior,I,FIXED OBJECT,CONCRETE BARRIER WALL,0,0,D,DARK-NO STREET LIGHTS,37.783967,-122.1805,,,,,A,NO PEDESTRIANS INVOLVED,7/5/2019 12:00:00 AM,A,23152(a),True,1,I-580 E/B,,,7/10/2019 5:57:52 AM,A,E,40.0,Davenport Ave,F,,D,7/10/2019 5:59:05 AM,7/10/2019 5:59:05 AM,,True,2,,,,,,,
1027705,9370-2019-02395,2,False,9370,6/22/2019 10:27:00 PM,2227,054,14,109,Oakland,1,True,True,C,REAR END,,Saturday,NotApplicable,False,M,,False,True,False,Oakland Superior,C,OTHER MOTOR VEHICLE,,0,0,C,DARK-STREET LIGHTS,37.81872,-122.25425,,,,,A,NO PEDESTRIANS INVOLVED,6/22/2019 12:00:00 AM,A,22350,False,1,I-580 E/B to Harrison Street,,,7/31/2019 6:44:10 AM,A,W,10.0,Harrison St,F,,D,7/9/2019 4:59:11 PM,7/31/2019 6:44:42 AM,,True,2,,,,,,,
1027571,9370-2019-02312,2,False,9370,7/2/2019 10:40:00 AM,1040,081,14,109,Oakland,1,True,True,C,REAR END,,Tuesday,NotApplicable,False,,,False,True,False,Oakland Superior,C,OTHER MOTOR VEHICLE,,0,0,A,DAYLIGHT,37.868202,-122.304322,,,,,A,NO PEDESTRIANS INVOLVED,7/2/2019 12:00:00 AM,A,22350,False,1,I-80 W/B,,,7/25/2019 5:16:18 AM,A,W,2500.0,Gilman St,F,,D,7/9/2019 3:25:20 PM,7/25/2019 5:16:32 AM,,True,2,,,,,,,
1048304,9370-2019-02768,1,False,9370,8/6/2019 9:30:00 AM,930,176,14,109,Oakland,1,True,True,C,REAR END,,Tuesday,NotApplicable,False,,,False,True,False,Oakland Superior,C,OTHER MOTOR VEHICLE,,2,0,A,DAYLIGHT,37.77414,-122.230577,,,,,A,NO PEDESTRIANS INVOLVED,8/6/2019 12:00:00 AM,A,22350,False,1,I-880 N/B,,,8/8/2019 1:49:23 PM,A,S,850.0,29th Ave,F,,D,8/8/2019 1:50:11 PM,8/8/2019 1:50:11 PM,,True,2,,,,,,,
1048260,9370-2019-02662,1,False,9370,7/30/2019 8:50:00 AM,850,055,14,109,Oakland,1,True,True,C,REAR END,,Tuesday,NotApplicable,False,,,False,True,False,Oakland Superior,C,OTHER MOTOR VEHICLE,,1,0,A,DAYLIGHT,37.82694,-122.28635,,,,,A,NO PEDESTRIANS INVOLVED,7/30/2019 12:00:00 AM,A,22350 VC,False,3,I-580 W/B,,,8/8/2019 1:27:35 PM,A,W,500.0,Hollis St.,F,,D,8/8/2019 1:28:33 PM,8/8/2019 1:28:33 PM,,True,2,,,,,,,
1048211,9335-2019-01649,1,False,9370,7/30/2019 8:25:00 PM,2025,052,14,109,Oakland,1,True,True,E,HIT OBJECT,,Tuesday,NotApplicable,False,,,False,True,True,Oakland Superior,I,FIXED OBJECT,RAISED CONCRETE MEDIAN BA,0,0,B,DUSK-DAWN,37.778165,-122.168145,,,,,A,NO PEDESTRIANS INVOLVED,7/30/2019 12:00:00 AM,A,23152(f),False,1,I-580 E/B,,,8/8/2019 12:59:50 PM,A,W,0.2,EDWARDS AVE U/C,M,,D,8/8/2019 1:01:03 PM,8/8/2019 1:01:03 PM,,True,2,,,,,,,
1048125,9370-2019-02765,1,False,9370,8/6/2019 5:30:00 AM,530,176,14,109,Oakland,1,True,True,E,HIT OBJECT,,Tuesday,NotApplicable,False,,,False,True,True,Oakland Superior,I,FIXED OBJECT,CONCRETE WALL,0,0,D,DARK-NO STREET LIGHTS,37.77414,-122.230577,,,,,A,NO PEDESTRIANS INVOLVED,8/6/2019 12:00:00 AM,A,22107,False,1,I-880 N/B,,,8/8/2019 11:59:32 AM,A,S,850.0,29th Ave,F,,D,8/8/2019 12:00:23 PM,8/8/2019 12:00:23 PM,,True,2,,,,,,,
1047709,9370-2019-02744,1,False,9370,8/4/2019 10:30:00 PM,2230,177,14,109,Oakland,1,True,True,B,SIDE SWIPE,,Sunday,NotApplicable,False,M,,False,True,False,Oakland Superior,C,OTHER MOTOR VEHICLE,,0,0,D,DARK-NO STREET LIGHTS,37.783911,-122.240868,,,,,A,NO PEDESTRIANS INVOLVED,8/4/2019 12:00:00 AM,A,21658(a),False,1,I-880 N/B,,,8/8/2019 4:51:25 AM,A,S,1310.0,16th Ave,F,,D,8/8/2019 4:52:32 AM,8/8/2019 4:52:32 AM,,True,2,,,,,,,
1047708,9370-2019-02724,1,False,9370,8/4/2019 1:00:00 AM,100,177,14,109,Oakland,1,True,True,C,REAR END,,Sunday,NotApplicable,False,,,False,True,False,Oakland Superior,C,OTHER MOTOR VEHICLE,,0,0,D,DARK-NO STREET LIGHTS,37.789196,-122.254198,,,,,A,NO PEDESTRIANS INVOLVED,8/4/2019 12:00:00 AM,A,22350,False,1,I-880 S/B,,,8/8/2019 4:44:15 AM,A,S,1720.0,5TH AVENUE,F,,D,8/8/2019 4:45:12 AM,8/8/2019 4:45:12 AM,,True,2,,,,,,,
1047637,9370-2019-02666,1,False,9370,7/30/2019 1:00:00 PM,1300,176,14,109,Oakland,1,True,True,C,REAR END,,Tuesday,Yes,False,M,,False,True,False,Oakland Superior,C,OTHER MOTOR VEHICLE,,0,0,A,DAYLIGHT,37.760171,-122.213768,,,,,A,NO PEDESTRIANS INVOLVED,7/30/2019 12:00:00 AM,A,21658(a),False,1,I-880 S/B,,,8/7/2019 5:56:55 PM,A,N,2700.0,66th Ave,F,,D,8/7/2019 6:03:37 PM,8/7/2019 6:03:37 PM,,True,2,,,,,,,
1047160,9335-2019-01090,2,False,9335,5/14/2019 5:15:00 AM,515,082,14,109,Oakland,1,True,True,C,REAR END,,Tuesday,NotApplicable,False,M,,False,True,False,Oakland Superior,C,OTHER MOTOR VEHICLE,,0,0,C,DARK-STREET LIGHTS,37.82415,-122.31758,,,,,A,NO PEDESTRIANS INVOLVED,5/14/2019 12:00:00 AM,A,22350,False,1,I-80 WESTBOUND,,,2/14/2020 10:20:58 AM,A,W,1130.0,SFOBB TOLL PLAZA,F,,D,8/7/2019 10:57:02 AM,2/14/2020 10:31:18 AM,,True,2,,,,,,,
1046827,9370-2019-02669,1,False,9370,7/30/2019 2:00:00 PM,1400,178,14,109,Oakland,1,True,True,C,REAR END,,Tuesday,NotApplicable,False,,,False,True,False,Oakland Superior,C,OTHER MOTOR VEHICLE,,0,0,A,DAYLIGHT,37.821264,-122.2925,,,,,A,NO PEDESTRIANS INVOLVED,7/30/2019 12:00:00 AM,A,22350,False,1,I-880 N/B,,,8/7/2019 6:30:16 AM,A,N,900.0,WEST GRAND AVENUE,F,,D,8/7/2019 6:31:29 AM,8/7/2019 6:31:29 AM,,True,2,,,,,,,
1046821,9370-2019-02668,1,False,9370,7/30/2019 3:00:00 PM,1500,176,14,109,Oakland,1,True,True,F,OVERTURNED,,Tuesday,NotApplicable,False,M,,False,True,True,Oakland Superior,A,NON-COLLISION,,0,0,A,DAYLIGHT,37.762372,-122.215639,,,,,A,NO PEDESTRIANS INVOLVED,7/30/2019 12:00:00 AM,A,22107,False,1,I-880 S/B,,,8/7/2019 6:26:17 AM,A,N,3800.0,66th Ave,F,,D,8/7/2019 6:26:58 AM,8/7/2019 6:26:58 AM,,True,2,,,,,,,
1046768,9370-2019-02771,1,False,9370,8/1/2019 7:15:00 PM,1915,008,14,109,Oakland,1,True,True,E,HIT OBJECT,,Thursday,NotApplicable,False,,,False,True,True,Oakland Superior,I,FIXED OBJECT,CONCRETE BARRIER WALL,0,0,A,DAYLIGHT,37.828205,-122.294189,,,,,A,NO PEDESTRIANS INVOLVED,8/1/2019 12:00:00 AM,A,22107,False,1,I-80 E/B,,,8/7/2019 2:37:48 AM,A,W,100.0,I-80 W/B TO I-580 E/B O/C,F,,D,8/7/2019 2:38:30 AM,8/7/2019 2:38:30 AM,,True,2,,,,,,,
1046750,9370-2019-02611,1,False,9370,7/25/2019 5:07:00 AM,507,176,14,109,Oakland,1,True,True,B,SIDE SWIPE,,Thursday,Yes,False,,,False,True,True,Oakland Superior,C,OTHER MOTOR VEHICLE,,3,0,B,DUSK-DAWN,37.772495,-122.22565,,,,,A,NO PEDESTRIANS INVOLVED,7/25/2019 12:00:00 AM,A,21658(a),False,1,I-880 N/B,,,8/6/2019 6:51:04 PM,A,S,715.0,Fruitvale Ave,F,,D,8/6/2019 6:52:40 PM,8/6/2019 6:52:40 PM,,True,2,,,,,,,
1046690,9370-2019-02690,1,False,9370,8/1/2019 11:27:00 AM,1127,025,14,109,Oakland,1,True,True,C,REAR END,,Thursday,NotApplicable,False,,,False,True,False,Oakland Superior,C,OTHER MOTOR VEHICLE,,0,0,A,DAYLIGHT,37.83145,-122.26698,,,,,A,NO PEDESTRIANS INVOLVED,8/1/2019 12:00:00 AM,A,22350,False,3,SR-24 W/B,,,8/6/2019 4:13:04 PM,A,E,453.0,40th St,F,,D,8/6/2019 4:13:48 PM,8/6/2019 4:13:48 PM,,True,2,,,,,,,
1046637,9370-2019-02694,1,False,9370,7/30/2019 7:40:00 AM,740,053,14,109,Oakland,1,True,True,C,REAR END,,Tuesday,NotApplicable,False,M,,False,True,True,Oakland Superior,C,OTHER MOTOR VEHICLE,,0,0,A,DAYLIGHT,37.79991,-122.22391,,,,,A,NO PEDESTRIANS INVOLVED,7/30/2019 12:00:00 AM,A,22350,False,4,I-580 W/B,,,8/6/2019 3:22:19 PM,A,E,60.0,Ardley Ave,F,,D,8/6/2019 3:23:29 PM,8/6/2019 3:23:29 PM,,True,2,,,,,,,
1045840,9370-2019-02656,1,False,9370,7/29/2019 12:50:00 PM,1250,054,14,109,Oakland,1,True,True,A,HEAD-ON,,Monday,NotApplicable,False,,,False,True,True,Oakland Superior,I,FIXED OBJECT,Center Concrete/Metal Div,1,0,A,DAYLIGHT,37.800678,-122.227697,,,,,A,NO PEDESTRIANS INVOLVED,7/29/2019 12:00:00 AM,A,22107 VC,False,1,I-580 W/B,,,8/6/2019 4:46:56 AM,A,W,245.0,14th Ave,F,,D,8/6/2019 4:47:45 AM,8/6/2019 4:47:45 AM,,True,2,,,,,,,
1045837,9370-2019-02711,1,False,9370,8/2/2019 9:35:00 PM,2135,055,14,109,Oakland,1,True,True,E,HIT OBJECT,,Friday,NotApplicable,False,,,False,True,True,,I,FIXED OBJECT,GUARD RAIL,0,0,D,DARK-NO STREET LIGHTS,37.823795,-122.264599,,,,,A,NO PEDESTRIANS INVOLVED,8/2/2019 12:00:00 AM,A,22107,False,1,I-580 W/B TO I-980 W/B,,,8/6/2019 4:33:38 AM,A,W,395.0,Webster St,F,,D,8/6/2019 4:34:19 AM,8/6/2019 4:34:19 AM,,True,2,,,,,,,