collision-id,report-number,report-version,is-preliminary,ncic-code,crash-date-time,crash-time-description,beat,city-id,city-code,city-name,county-code,city-is-active,city-is-incorporated,collision-type-code,collision-type-description,collision-type-other-desc,day-of-week,dispatch-notified,has-photographs,hit-run,is-attachments-mailed,is-deleted,is-highway-related,is-tow-away,judicial-district,motor-vehicle-involved-with-code,motor-vehicle-involved-with-desc,motor-vehicle-involved-with-other-desc,number-injured,number-killed,lighting-code,lighting-description,latitude,longitude,milepost-direction,milepost-distance,milepost-marker,milepost-unit-of-measure,pedestrian-action-code,pedestrian-action-desc,prepared-date,primary-collision-factor-code,primary-collision-factor-description,primary-collision-factor-is-cited,primary-collision-party-number,primary-road,reporting-district,reporting-district-code,reviewed-date,roadway-surface-code,secondary-direction,secondary-distance,secondary-road,secondary-unit-of-measure,sketch-desc,traffic-control-device-code,created-date,modified-date,is-county-road,is-freeway,chp-555-version,is-additonal-object-struck,notification-date,notification-time-description,has-digital-media-files,evidence-number,is-location-refer-to-narrative,is-aoi-one-same-as-location
1131539,9370-2019-04310,1,False,9370,11/20/2019 5:25:00 PM,1725,053,14,109,Oakland,1,True,True,C,REAR END,,Wednesday,Yes,False,,,False,True,False,Oakland Superior,C,OTHER MOTOR VEHICLE,,0,0,A,DAYLIGHT,37.79146,-122.2094,,,,,A,NO PEDESTRIANS INVOLVED,11/20/2019 12:00:00 AM,A,22350,False,1,I-580 E/B,,,11/28/2019 4:44:01 AM,A,E,800.0,35th Ave,F,,D,11/28/2019 4:45:09 AM,11/28/2019 4:45:09 AM,,True,2,,,,,,,
1131537,9370-2019-04185,1,False,9370,11/4/2019 12:30:00 PM,1230,098,14,109,Oakland,1,True,True,B,SIDE SWIPE,,Monday,NotApplicable,False,,,False,True,False,Oakland Superior,C,OTHER MOTOR VEHICLE,,0,0,A,DAYLIGHT,37.804832,-122.280052,,,,,A,NO PEDESTRIANS INVOLVED,11/4/2019 12:00:00 AM,A,21658(a),False,2,I-980 W/B FROM BRUSH STREET,,,11/28/2019 4:34:34 AM,A,W,100.0,11TH STREET,F,,D,11/28/2019 4:35:33 AM,11/28/2019 4:35:33 AM,,True,2,,,,,,,
1131536,9370-2019-04276,1,False,9370,11/18/2019 6:45:00 PM,1845,054,14,109,Oakland,1,True,True,C,REAR END,,Monday,Yes,False,,,False,True,True,Oakland Superior,C,OTHER MOTOR VEHICLE,,1,0,C,DARK-STREET LIGHTS,37.820504,-122.256283,,,,,A,NO PEDESTRIANS INVOLVED,11/18/2019 12:00:00 AM,A,22350,False,1,I-580 E/B,,,11/28/2019 4:30:13 AM,A,W,570.0,Harrison St,F,,D,11/28/2019 4:31:24 AM,11/28/2019 4:31:24 AM,,True,2,,,,,,,
1131535,9370-2019-04328,1,False,9370,11/21/2019 4:50:00 PM,1650,053,14,109,Oakland,1,True,True,C,REAR END,,Thursday,NotApplicable,False,,,False,True,True,Oakland Superior,C,OTHER MOTOR VEHICLE,,0,0,C,DARK-STREET LIGHTS,37.473871,-122.121862,,,,,A,NO PEDESTRIANS INVOLVED,11/21/2019 12:00:00 AM,A,22350,False,1,I-580 W/B,,,11/28/2019 4:25:44 AM,A,W,900.0,35th Ave,F,,D,11/28/2019 4:26:55 AM,11/28/2019 4:26:55 AM,,True,2,,,,,,,
1131454,9370-2019-04312,1,False,9370,11/20/2019 5:30:00 PM,1730,024,14,109,Oakland,1,True,True,C,REAR END,,Wednesday,NotApplicable,False,,,False,True,False,Oakland Superior,C,OTHER MOTOR VEHICLE,,0,0,C,DARK-STREET LIGHTS,37.850455,-122.223362,,,,,A,NO PEDESTRIANS INVOLVED,11/20/2019 12:00:00 AM,A,22350,False,1,SR-24 W/B,,,11/27/2019 5:32:09 PM,A,W,200.0,KAY ST OVERCROSSING,F,,D,11/27/2019 5:33:02 PM,11/27/2019 5:33:02 PM,,True,2,,,,,,,
1131079,9370-2019-04385,1,False,9370,11/25/2019 1:10:00 PM,1310,176,14,109,Oakland,1,True,True,C,REAR END,,Monday,NotApplicable,False,,,False,True,False,Oakland Superior,C,OTHER MOTOR VEHICLE,,0,0,A,DAYLIGHT,37.72807,-122.18565,,,,,A,NO PEDESTRIANS INVOLVED,11/25/2019 12:00:00 AM,A,22350,False,1,I-880 S/B,,,11/27/2019 12:17:32 PM,A,S,1500.0,98th Ave,F,,D,11/27/2019 12:18:07 PM,11/27/2019 12:18:07 PM,,True,2,,,,,,,
1131059,9370-2019-04286,1,False,9370,11/19/2019 9:00:00 AM,900,052,14,109,Oakland,1,True,True,C,REAR END,,Tuesday,NotApplicable,False,M,,False,True,False,Oakland Superior,C,OTHER MOTOR VEHICLE,,1,0,A,DAYLIGHT,37.778351,-122.168399,,,,,A,NO PEDESTRIANS INVOLVED,11/19/2019 12:00:00 AM,A,22350 VC,False,1,I-580 W/B,,,11/27/2019 11:54:15 AM,A,W,1495.0,Edwards Ave,F,,D,11/27/2019 11:55:35 AM,11/27/2019 11:55:35 AM,,True,2,,,,,,,
1131021,9370-2019-04306,1,False,9370,11/20/2019 7:30:00 AM,730,901,14,109,Oakland,1,True,True,B,SIDE SWIPE,,Wednesday,NotApplicable,False,M,,False,False,False,Oakland Superior,C,OTHER MOTOR VEHICLE,,0,0,A,DAYLIGHT,37.779038,-122.228606,,,,,A,NO PEDESTRIANS INVOLVED,11/20/2019 12:00:00 AM,A,22107 VC,False,1,W/B INTERNATIONAL BOULEVARD(2900 BLOCK),,,11/27/2019 11:25:04 AM,A,E,182.0,29th Ave,F,,D,11/27/2019 11:26:13 AM,11/27/2019 11:26:13 AM,,,2,,,,,,,
1130793,9370-2019-04264,1,False,9370,11/17/2019 9:30:00 AM,930,053,14,109,Oakland,1,True,True,E,HIT OBJECT,,Sunday,Yes,False,,,False,True,True,Oakland Superior,J,OTHER OBJECT,DIRT EMBANKMENT,1,0,A,DAYLIGHT,37.800357,-122.225138,,,,,A,NO PEDESTRIANS INVOLVED,11/17/2019 12:00:00 AM,A,22107,False,1,I-580 W/B,,,11/27/2019 8:56:49 AM,A,E,360.0,14th Ave,F,,D,11/27/2019 8:58:19 AM,11/27/2019 8:58:19 AM,,True,2,,,,,,,
1130733,9370-2019-04275,1,False,9370,11/18/2019 7:55:00 AM,755,053,14,109,Oakland,1,True,True,C,REAR END,,Monday,NotApplicable,False,M,,False,True,True,Oakland Superior,C,OTHER MOTOR VEHICLE,,0,0,A,DAYLIGHT,37.793346,-122.204442,,,,,A,NO PEDESTRIANS INVOLVED,11/18/2019 12:00:00 AM,A,22350 VC,False,1,I-580 W/B,,,11/27/2019 8:15:26 AM,A,W,513.0,35th Ave,F,,D,11/27/2019 8:17:30 AM,11/27/2019 8:17:30 AM,,True,2,,,,,,,
1130606,9370-2019-04315,1,False,9370,11/20/2019 11:52:00 PM,2352,176,14,109,Oakland,1,True,True,C,REAR END,,Wednesday,Yes,False,,,False,True,True,Oakland Superior,C,OTHER MOTOR VEHICLE,,1,0,C,DARK-STREET LIGHTS,37.753778,-122.207861,,,,,A,NO PEDESTRIANS INVOLVED,11/20/2019 12:00:00 AM,A,22350,False,1,I-880 N/B,,,11/27/2019 6:19:28 AM,A,S,300.0,66th Ave,F,,D,11/27/2019 6:21:20 AM,11/27/2019 6:21:20 AM,,True,2,,,,,,,
1130589,9370-2019-04333,1,False,9370,11/21/2019 6:00:00 PM,1800,008,14,109,Oakland,1,True,True,C,REAR END,,Thursday,NotApplicable,False,,,False,True,False,Oakland Superior,C,OTHER MOTOR VEHICLE,,0,0,C,DARK-STREET LIGHTS,37.826754,-122.297543,,,,,A,NO PEDESTRIANS INVOLVED,11/21/2019 12:00:00 AM,A,22350,False,2,I-80 E/B,,,11/27/2019 5:23:46 AM,A,E,2300.0,I-880 N/B TO I-80 W/B,F,,D,11/27/2019 5:24:38 AM,11/27/2019 5:24:38 AM,,True,2,,,,,,,
1130487,9370-2019-04289,1,False,9370,11/19/2019 9:40:00 AM,940,054,14,109,Oakland,1,True,True,C,REAR END,,Tuesday,Yes,False,,,False,True,True,Oakland Superior,C,OTHER MOTOR VEHICLE,,1,0,A,DAYLIGHT,37.805161,-122.234276,,,,,A,NO PEDESTRIANS INVOLVED,11/19/2019 12:00:00 AM,A,22350,False,1,I-580 W/B FROM PARK BLVD,,,11/26/2019 6:05:15 PM,A,W,374.0,Park Ave,F,,D,11/26/2019 6:06:12 PM,11/26/2019 6:06:12 PM,,True,2,,,,,,,
1130473,9370-2019-04387,1,False,9370,11/25/2019 11:00:00 AM,1100,013,14,109,Oakland,1,True,True,E,HIT OBJECT,,Monday,NotApplicable,False,,,False,True,True,Oakland Superior,I,FIXED OBJECT,Metal Guard Rail,0,0,A,DAYLIGHT,37.832059,-122.216341,,,,,A,NO PEDESTRIANS INVOLVED,11/25/2019 12:00:00 AM,A,22107,False,1,SR-13 N/B,,,11/26/2019 5:15:53 PM,A,S,59.0,Moraga Ave,F,,D,11/26/2019 5:16:53 PM,11/26/2019 5:16:53 PM,,True,2,,,,,,,
1130327,9370-2019-04303,1,False,9370,11/19/2019 6:10:00 PM,1810,052,14,109,Oakland,1,True,True,C,REAR END,,Tuesday,NotApplicable,False,,,False,True,True,Oakland Superior,C,OTHER MOTOR VEHICLE,,3,0,C,DARK-STREET LIGHTS,37.75565,-122.149755,,,,,A,NO PEDESTRIANS INVOLVED,11/19/2019 12:00:00 AM,A,22350,False,2,I-580 E/B TO GOLF LINKS ROAD,,,11/26/2019 2:46:41 PM,A,W,800.0,Golf Links Rd,F,,D,11/26/2019 2:48:04 PM,11/26/2019 2:48:04 PM,,True,2,,,,,,,
1130315,9370-2019-04349,2,False,9370,10/4/2019 5:55:00 PM,1755,054,14,109,Oakland,1,True,True,C,REAR END,,Friday,NotApplicable,False,M,,False,True,False,Oakland Superior,C,OTHER MOTOR VEHICLE,,0,0,B,DUSK-DAWN,37.491048,-122.151758,,,,,A,NO PEDESTRIANS INVOLVED,11/12/2019 12:00:00 AM,A,22350,False,1,I-580 E/B,,,12/2/2019 1:49:08 PM,A,W,200.0,Oakland Ave,F,,D,11/26/2019 2:40:10 PM,12/2/2019 1:49:38 PM,,True,2,,,,,,,
1130102,9370-2019-04367,1,False,9370,11/24/2019 6:20:00 AM,620,098,14,109,Oakland,1,True,True,E,HIT OBJECT,,Sunday,NotApplicable,False,,,False,True,False,Oakland Superior,J,OTHER OBJECT,METAL SCOOTER,0,0,B,DUSK-DAWN,37.807985,-122.277103,,,,,A,NO PEDESTRIANS INVOLVED,11/24/2019 12:00:00 AM,C,,,,I-980 E/B,,,11/26/2019 12:09:07 PM,A,W,350.0,17th St,F,,D,11/26/2019 12:10:23 PM,11/26/2019 12:10:23 PM,,True,2,,,,,,,
1129697,9370-2019-04379,1,False,9370,11/24/2019 2:15:00 AM,215,052,14,109,Oakland,1,True,True,C,REAR END,,Sunday,NotApplicable,False,,,False,True,True,Oakland Superior,I,FIXED OBJECT,CONCRETE BARRIER,0,0,D,DARK-NO STREET LIGHTS,37.7889,-122.2,,,,,A,NO PEDESTRIANS INVOLVED,11/24/2019 12:00:00 AM,A,23152(a),True,1,I-580 E/B,,,11/26/2019 7:23:22 AM,A,E,145.0,38TH AVENUE,F,,D,11/26/2019 7:24:53 AM,11/26/2019 7:24:53 AM,,True,2,,,,,,,
1129687,9370-2019-04391,1,False,9370,11/25/2019 9:04:00 PM,2104,052,14,109,Oakland,1,True,True,B,SIDE SWIPE,,Monday,NotApplicable,False,,,False,True,False,Oakland Superior,C,OTHER MOTOR VEHICLE,,0,0,D,DARK-NO STREET LIGHTS,37.46746,-122.91317,,,,,A,NO PEDESTRIANS INVOLVED,11/25/2019 12:00:00 AM,A,21658(a),False,1,I-580 W/B,,,11/26/2019 7:14:56 AM,A,E,1372.0,Keller Ave,F,,D,11/26/2019 7:15:35 AM,11/26/2019 7:15:35 AM,,True,2,,,,,,,
1129677,9370-2019-04300,1,False,9370,11/20/2019 1:20:00 AM,120,176,14,109,Oakland,1,True,True,C,REAR END,,Wednesday,NotApplicable,False,,,False,True,True,Oakland Superior,C,OTHER MOTOR VEHICLE,,0,0,C,DARK-STREET LIGHTS,37.7383,-122.19406,,,,,A,NO PEDESTRIANS INVOLVED,11/20/2019 12:00:00 AM,A,22350,False,1,I-880 N/B,,,11/26/2019 7:03:43 AM,A,S,982.0,Hegenberger Rd,F,,D,11/26/2019 7:04:41 AM,11/26/2019 7:04:41 AM,,True,2,,,,,,,
1129612,9370-2019-04316,1,False,9370,11/20/2019 11:10:00 PM,2310,176,14,109,Oakland,1,True,True,C,REAR END,,Wednesday,Yes,False,,,False,True,True,Oakland Superior,C,OTHER MOTOR VEHICLE,,2,0,C,DARK-STREET LIGHTS,37.7439,-122.1989,,,,,A,NO PEDESTRIANS INVOLVED,11/20/2019 12:00:00 AM,A,23152(a),True,1,I-880 N/B,,,11/26/2019 5:09:21 AM,A,N,800.0,Hegenberger Rd,F,,D,11/26/2019 5:10:32 AM,11/26/2019 5:10:32 AM,,True,2,,,,,,,
1129610,9370-2019-04291,1,False,9370,11/18/2019 6:15:00 PM,1815,013,14,109,Oakland,1,True,True,C,REAR END,,Monday,NotApplicable,False,M,,False,True,True,Oakland Superior,C,OTHER MOTOR VEHICLE,,0,0,C,DARK-STREET LIGHTS,37.838203,-122.221748,,,,,A,NO PEDESTRIANS INVOLVED,11/19/2019 12:00:00 AM,A,22350,False,2,SR-13 N/B,,,11/26/2019 5:06:18 AM,A,S,1400.0,Broadway Ter,F,,D,11/26/2019 5:07:12 AM,11/26/2019 5:07:12 AM,,True,2,,,,,,,
1129555,9370-2019-04293,1,False,9370,11/19/2019 5:40:00 PM,1740,013,14,109,Oakland,1,True,True,C,REAR END,,Tuesday,NotApplicable,False,,,False,True,False,Oakland Superior,C,OTHER MOTOR VEHICLE,,0,0,C,DARK-STREET LIGHTS,37.8274,-122.284438,,,,,A,NO PEDESTRIANS INVOLVED,11/19/2019 12:00:00 AM,A,22350,False,2,I-580 W/B,,,11/25/2019 8:58:33 PM,A,E,50.0,Hollis Street,F,,D,11/25/2019 8:59:13 PM,11/25/2019 8:59:13 PM,,True,2,,,,,,,
1129552,9370-2019-04255,1,False,9370,11/16/2019 4:06:00 AM,406,176,14,109,Oakland,1,True,True,F,OVERTURNED,,Saturday,NotApplicable,False,,,False,True,True,Oakland Superior,A,NON-COLLISION,,0,0,D,DARK-NO STREET LIGHTS,37.45374,-122.122163,,,,,A,NO PEDESTRIANS INVOLVED,11/16/2019 12:00:00 AM,A,22107,False,1,I-880 S/B,,,11/25/2019 8:46:49 PM,A,S,1195.0,66th Ave,F,,D,11/25/2019 8:47:39 PM,11/25/2019 8:47:39 PM,,True,2,,,,,,,
1129502,9370-2019-04269,1,False,9370,11/17/2019 11:55:00 AM,1155,024,14,109,Oakland,1,True,True,C,REAR END,,Sunday,NotApplicable,False,,,False,True,False,Oakland Superior,C,OTHER MOTOR VEHICLE,,2,0,A,DAYLIGHT,37.856204,-122.215815,,,,,A,NO PEDESTRIANS INVOLVED,11/17/2019 12:00:00 AM,A,22350,False,1,SR-24 W/B,,,11/25/2019 5:32:07 PM,A,E,850.0,Bore #3,F,,D,11/25/2019 5:32:50 PM,11/25/2019 5:32:50 PM,,True,2,,,,,,,
1129403,9370-2019-04219,1,False,9370,11/13/2019 9:55:00 AM,955,177,14,109,Oakland,1,True,True,B,SIDE SWIPE,,Wednesday,NotApplicable,False,,,False,True,True,Oakland Superior,C,OTHER MOTOR VEHICLE,,0,0,A,DAYLIGHT,37.793575,-122.263834,,,,,A,NO PEDESTRIANS INVOLVED,11/13/2019 12:00:00 AM,A,21658(a),False,1,I-880 N/B,,,11/25/2019 3:36:02 PM,A,S,975.0,Oak St,F,,D,11/25/2019 3:36:37 PM,11/25/2019 3:36:37 PM,,True,2,,,,,,,
1129301,9370-2019-04373,1,False,9370,11/24/2019 11:20:00 AM,1120,025,14,109,Oakland,1,True,True,C,REAR END,,Sunday,NotApplicable,False,,,False,True,False,Oakland Superior,C,OTHER MOTOR VEHICLE,,0,0,A,DAYLIGHT,37.834041,-122.266598,,,,,A,NO PEDESTRIANS INVOLVED,11/24/2019 12:00:00 AM,A,22350,False,1,SR-24 W/B TO I-580,,,11/25/2019 2:25:07 PM,A,E,200.0,45TH STREET,F,,D,11/25/2019 2:25:49 PM,11/25/2019 2:25:49 PM,,True,2,,,,,,,
1129199,9335-2019-02431,1,False,9335,11/11/2019 5:30:00 AM,530,082,14,109,Oakland,1,True,True,B,SIDE SWIPE,,Monday,NotApplicable,False,,,False,True,False,Oakland Superior,C,OTHER MOTOR VEHICLE,,0,0,D,DARK-NO STREET LIGHTS,37.82395,-122.31792,,,,,A,NO PEDESTRIANS INVOLVED,11/11/2019 12:00:00 AM,A,21658(a),False,,I-80 W/B,,,11/25/2019 1:08:45 PM,A,W,100.0,SFOBB TOLL PLAZA,F,,A,11/25/2019 1:20:26 PM,11/25/2019 1:20:26 PM,,True,2,,,,,,,
1129155,9370-2019-04350,1,False,9370,11/22/2019 5:00:00 PM,1700,054,14,109,Oakland,1,True,True,C,REAR END,,Friday,NotApplicable,False,M,,False,True,False,Oakland Superior,C,OTHER MOTOR VEHICLE,,0,0,C,DARK-STREET LIGHTS,37.818961,-122.254558,,,,,A,NO PEDESTRIANS INVOLVED,11/22/2019 12:00:00 AM,A,22350,False,1,I-580 E/B TO OAKLAND AVENUE,,,11/25/2019 12:58:14 PM,A,W,137.0,Oakland Ave,F,,A,11/25/2019 12:59:34 PM,11/25/2019 12:59:34 PM,,True,2,,,,,,,
1128528,9370-2019-04376,1,False,9370,11/24/2019 1:10:00 PM,1310,176,14,109,Oakland,1,True,True,D,BROADSIDE,,Sunday,NotApplicable,False,M,,False,True,False,Oakland Superior,C,OTHER MOTOR VEHICLE,,0,0,A,DAYLIGHT,37.762178,-122.215142,,,,,A,NO PEDESTRIANS INVOLVED,11/24/2019 12:00:00 AM,A,22107 VC,False,1,I-880 N/B,,,11/25/2019 7:39:56 AM,A,S,3000.0,High St,F,,D,11/25/2019 7:41:17 AM,11/25/2019 7:41:17 AM,,True,2,,,,,,,
1128502,9370-2019-04279,1,False,9370,11/18/2019 9:43:00 PM,2143,081,14,109,Oakland,1,True,True,B,SIDE SWIPE,,Monday,NotApplicable,False,,,False,True,True,Oakland Superior,C,OTHER MOTOR VEHICLE,,0,0,D,DARK-NO STREET LIGHTS,37.897731,-122.30904,,,,,A,NO PEDESTRIANS INVOLVED,11/18/2019 12:00:00 AM,A,22107,False,1,I-80 E/B,,,11/25/2019 7:19:11 AM,A,W,1384.0,Central Ave,F,,D,11/25/2019 7:20:34 AM,11/25/2019 7:20:34 AM,,True,2,,,,,,,
1128418,9370-2019-04249,1,False,9370,11/15/2019 7:00:00 PM,1900,024,14,109,Oakland,1,True,True,B,SIDE SWIPE,,Friday,NotApplicable,False,M,,False,True,False,Oakland Superior,C,OTHER MOTOR VEHICLE,,0,0,C,DARK-STREET LIGHTS,37.841591,-122.260051,,,,,A,NO PEDESTRIANS INVOLVED,11/15/2019 12:00:00 AM,A,21658(a),False,1,SR-24 E/B,,,11/25/2019 4:53:16 AM,A,W,539.0,Claremont Ave,F,,D,11/25/2019 4:53:53 AM,11/25/2019 4:53:53 AM,,,2,,,,,,,
1128373,9370-2019-04361,1,False,9370,11/23/2019 7:50:00 PM,1950,054,14,109,Oakland,1,True,True,B,SIDE SWIPE,,Saturday,NotApplicable,False,,,False,True,False,Oakland Superior,C,OTHER MOTOR VEHICLE,,0,0,D,DARK-NO STREET LIGHTS,37.809942,-122.247679,,,,,A,NO PEDESTRIANS INVOLVED,11/23/2019 12:00:00 AM,A,21658(a),False,1,I-580 E/B,,,11/24/2019 5:14:33 PM,A,E,280.0,Grand Ave,F,,D,11/24/2019 5:16:40 PM,11/24/2019 5:16:40 PM,,True,2,,,,,,,
1128371,9370-2019-04374,2,False,9370,11/24/2019 12:55:00 PM,1255,025,14,109,Oakland,1,True,True,C,REAR END,,Sunday,Yes,False,,,False,True,True,Oakland Superior,C,OTHER MOTOR VEHICLE,,1,0,A,DAYLIGHT,37.495641,-122.160103,,,,,A,NO PEDESTRIANS INVOLVED,11/24/2019 12:00:00 AM,A,22350,False,2,SR-24 W/B,,,12/5/2019 1:50:40 PM,A,W,1268.0,52nd Street,F,,D,11/24/2019 4:55:42 PM,12/5/2019 1:50:54 PM,,True,2,,,,,,,
1128361,9370-2019-04320,1,False,9370,11/21/2019 9:42:00 AM,942,055,14,109,Oakland,1,True,True,F,OVERTURNED,,Thursday,Yes,False,,,False,True,True,Oakland Superior,A,NON-COLLISION,,1,0,A,DAYLIGHT,37.493701,-122.164301,,,,,A,NO PEDESTRIANS INVOLVED,11/21/2019 12:00:00 AM,A,22350,False,1,I-580 W/B,,,11/24/2019 4:18:26 PM,A,E,30.0,San Pablo Avenue,F,,D,11/24/2019 4:20:00 PM,11/24/2019 4:20:00 PM,,True,2,,,,,,,
1128348,9370-2019-04297,1,False,9370,11/19/2019 6:25:00 PM,1825,177,14,109,Oakland,1,True,True,C,REAR END,,Tuesday,NotApplicable,False,M,,False,True,False,Oakland Superior,C,OTHER MOTOR VEHICLE,,0,0,C,DARK-STREET LIGHTS,37.813386,-122.30189,,,,,A,NO PEDESTRIANS INVOLVED,11/19/2019 12:00:00 AM,A,22350,False,1,I-880 N/B,,,11/24/2019 2:59:08 PM,A,N,2109.0,7th St,F,,D,11/24/2019 3:00:04 PM,11/24/2019 3:00:04 PM,,True,2,,,,,,,
1128345,9370-2019-04295,1,False,9370,11/19/2019 5:20:00 PM,1720,177,14,109,Oakland,1,True,True,C,REAR END,,Tuesday,NotApplicable,False,M,,False,True,False,Oakland Superior,C,OTHER MOTOR VEHICLE,,0,0,D,DARK-NO STREET LIGHTS,37.797465,-122.273018,,,,,A,NO PEDESTRIANS INVOLVED,11/19/2019 12:00:00 AM,A,22350,False,1,I-880 S/B FROM BROADWAY,,,11/24/2019 2:49:37 PM,A,S,601.0,Broadway,F,,D,11/24/2019 2:51:47 PM,11/24/2019 2:51:47 PM,,True,2,,,,,,,
1128320,9370-2019-04267,1,False,9370,11/17/2019 11:35:00 AM,1135,024,14,109,Oakland,1,True,True,D,BROADSIDE,,Sunday,Yes,False,M,,False,True,True,Oakland Superior,C,OTHER MOTOR VEHICLE,,0,0,A,DAYLIGHT,37.849116,-122.229917,,,,,A,NO PEDESTRIANS INVOLVED,11/17/2019 12:00:00 AM,A,21658(a) VC,False,1,SR-24 Westbound,,,11/24/2019 1:17:18 PM,A,W,230.0,SR-13 Southbound,F,,D,11/24/2019 1:18:49 PM,11/24/2019 1:18:49 PM,,True,2,,,,,,,
1128310,9370-2019-04363,1,False,9370,11/24/2019 12:26:00 AM,26,081,14,109,Oakland,1,True,True,C,REAR END,,Sunday,NotApplicable,False,M,,False,True,True,Oakland Superior,C,OTHER MOTOR VEHICLE,,0,0,D,DARK-NO STREET LIGHTS,37.85373,-122.300244,,,,,A,NO PEDESTRIANS INVOLVED,11/24/2019 12:00:00 AM,A,21658(a),False,1,I-80 W/B,,,11/24/2019 12:47:32 PM,A,E,1720.0,Ashby Ave,F,,D,11/24/2019 12:48:21 PM,11/24/2019 12:48:21 PM,,True,2,,,,,,,
1128290,9370-2019-04311,1,False,9370,11/20/2019 2:40:00 PM,1440,176,14,109,Oakland,1,True,True,C,REAR END,,Wednesday,NotApplicable,False,,,False,True,False,Oakland Superior,C,OTHER MOTOR VEHICLE,,0,0,A,DAYLIGHT,37.764219,-122.21685,,,,,A,NO PEDESTRIANS INVOLVED,11/20/2019 12:00:00 AM,A,22350,False,2,i-880 n/b to High St.,,,11/24/2019 11:57:14 AM,A,S,1300.0,High St.,F,,D,11/24/2019 11:58:08 AM,11/24/2019 11:58:08 AM,,True,2,,,,,,,
1128283,9370-2019-04287,2,False,9370,11/19/2019 10:00:00 AM,1000,176,14,109,Oakland,1,True,True,C,REAR END,,Tuesday,NotApplicable,False,,,False,True,False,Oakland Superior,C,OTHER MOTOR VEHICLE,,1,0,A,DAYLIGHT,37.739609,-122.196371,,,,,A,NO PEDESTRIANS INVOLVED,11/19/2019 12:00:00 AM,A,22350,False,1,I-880 N/B,,,12/5/2019 7:49:54 AM,A,S,390.0,Hegenberger Rd,F,,D,11/24/2019 11:39:08 AM,12/5/2019 7:50:09 AM,,True,2,,,,,,,
1127671,9370-2019-04266,2,False,9370,11/17/2019 10:59:00 AM,1059,025,14,109,Oakland,1,True,True,C,REAR END,,Sunday,NotApplicable,False,,,False,True,True,Oakland Superior,C,OTHER MOTOR VEHICLE,,1,0,A,DAYLIGHT,37.830384,-122.267278,,,,,A,NO PEDESTRIANS INVOLVED,11/17/2019 12:00:00 AM,A,22350 VC,False,1,SR-24 Westbound to I-580,,,2/21/2020 7:28:35 AM,A,E,340.0,40th St,F,,D,11/22/2019 12:38:08 PM,2/21/2020 7:30:43 AM,,True,2,,,,,,,
1127668,9370-2019-04268,1,False,9370,11/17/2019 12:25:00 PM,1225,024,14,109,Oakland,1,True,True,C,REAR END,,Sunday,NotApplicable,False,,,False,True,True,Oakland Superior,C,OTHER MOTOR VEHICLE,,0,0,A,DAYLIGHT,37.857848,-122.214261,,,,,A,NO PEDESTRIANS INVOLVED,11/17/2019 12:00:00 AM,A,22350 VC,False,2,SR-24 Westbound,,,11/22/2019 12:34:58 PM,A,W,155.0,Grizzly Peak Blvd,F,,D,11/22/2019 12:36:08 PM,11/22/2019 12:36:08 PM,,True,2,,,,,,,
1127643,9370-2019-04248,1,False,9370,11/15/2019 6:30:00 PM,1830,025,14,109,Oakland,1,True,True,E,HIT OBJECT,,Friday,NotApplicable,False,,,False,True,False,Oakland Superior,I,FIXED OBJECT,CONCRETE WALL,0,0,C,DARK-STREET LIGHTS,37.841506,-122.261642,,,,,A,NO PEDESTRIANS INVOLVED,11/15/2019 12:00:00 AM,A,22107,False,1,SR-24 W/B,,,11/22/2019 12:22:56 PM,A,E,117.0,Telegraph Ave,F,,D,11/22/2019 12:23:32 PM,11/22/2019 12:23:32 PM,,True,2,,,,,,,