collision-id,report-number,report-version,is-preliminary,ncic-code,crash-date-time,crash-time-description,beat,city-id,city-code,city-name,county-code,city-is-active,city-is-incorporated,collision-type-code,collision-type-description,collision-type-other-desc,day-of-week,dispatch-notified,has-photographs,hit-run,is-attachments-mailed,is-deleted,is-highway-related,is-tow-away,judicial-district,motor-vehicle-involved-with-code,motor-vehicle-involved-with-desc,motor-vehicle-involved-with-other-desc,number-injured,number-killed,lighting-code,lighting-description,latitude,longitude,milepost-direction,milepost-distance,milepost-marker,milepost-unit-of-measure,pedestrian-action-code,pedestrian-action-desc,prepared-date,primary-collision-factor-code,primary-collision-factor-description,primary-collision-factor-is-cited,primary-collision-party-number,primary-road,reporting-district,reporting-district-code,reviewed-date,roadway-surface-code,secondary-direction,secondary-distance,secondary-road,secondary-unit-of-measure,sketch-desc,traffic-control-device-code,created-date,modified-date,is-county-road,is-freeway,chp-555-version,is-additonal-object-struck,notification-date,notification-time-description,has-digital-media-files,evidence-number,is-location-refer-to-narrative,is-aoi-one-same-as-location
3077068,19-004558,2,False,0109,1/26/2019 10:58:00 PM,2258,26X,14,109,Oakland,1,True,True,B,SIDE SWIPE,,Saturday,,,M,,False,False,False,,C,OTHER MOTOR VEHICLE,,0,0,C,DARK-STREET LIGHTS,,,,,,,A,NO PEDESTRIANS INVOLVED,,A,22107,,1,54TH AV,2,,,A,N,10.0,SAN LEANDRO ST,F,,D,7/31/2024 4:41:48 PM,1/31/2025 4:06:47 PM,,,2,,,,,,,
3077064,19-000012,2,False,0109,1/1/2019 1:25:00 AM,125,26X,14,109,Oakland,1,True,True,H,OTHER,,Tuesday,,,,,False,False,True,,A,NON-COLLISION,,0,0,D,DARK-NO STREET LIGHTS,,,,,,,A,NO PEDESTRIANS INVOLVED,,A,23152A,,1,OAKPORT ST,2,,,A,E,1.0,LESSER,F,,D,7/31/2024 4:41:47 PM,1/31/2025 4:06:47 PM,,,2,,,,,,,
3077060,19-002434,2,False,0109,1/15/2019 9:05:00 AM,905,26Y,14,109,Oakland,1,True,True,D,BROADSIDE,,Tuesday,,,,,False,False,True,,C,OTHER MOTOR VEHICLE,,0,0,A,DAYLIGHT,,,,,,,A,NO PEDESTRIANS INVOLVED,,A,21453A,,1,INTERNATIONAL BL,2,,,B,,,81ST AV,,,A,7/31/2024 4:41:47 PM,1/31/2025 4:06:47 PM,,,2,,,,,,,
3077059,19-003535,2,False,0109,1/21/2019 6:05:00 PM,1805,30X,14,109,Oakland,1,True,True,C,REAR END,,Monday,,,M,,False,False,False,,C,OTHER MOTOR VEHICLE,,0,0,C,DARK-STREET LIGHTS,,,,,,,A,NO PEDESTRIANS INVOLVED,,A,22350,,1,BANCROFT AV,2,,,A,,,78TH AV,,,A,7/31/2024 4:41:46 PM,1/31/2025 4:06:47 PM,,,2,,,,,,,
3077058,19-002855,2,False,0109,1/17/2019 10:49:00 AM,1049,25X,14,109,Oakland,1,True,True,C,REAR END,,Thursday,,,,,False,False,False,,C,OTHER MOTOR VEHICLE,,0,0,A,DAYLIGHT,,,,,,,A,NO PEDESTRIANS INVOLVED,,A,21703,,1,REDWOOD RD,2,,,B,N,9.0,JORDAN RD,F,,D,7/31/2024 4:41:46 PM,1/31/2025 4:06:47 PM,,,2,,,,,,,
3077056,19-003630,2,False,0109,1/22/2019 9:58:00 AM,958,20X,14,109,Oakland,1,True,True,C,REAR END,,Tuesday,,,,,False,False,False,,C,OTHER MOTOR VEHICLE,,0,0,A,DAYLIGHT,,,,,,,A,NO PEDESTRIANS INVOLVED,,A,22350,,1,INTERNATIONAL BL,1,,,A,E,10.0,23RD AV,F,,A,7/31/2024 4:41:46 PM,1/31/2025 4:06:47 PM,,,2,,,,,,,
3077053,19-003151,2,False,0109,1/19/2019 9:07:00 AM,907,34X,14,109,Oakland,1,True,True,A,HEAD-ON,,Saturday,,,,,False,False,True,,I,FIXED OBJECT,,0,0,A,DAYLIGHT,,,,,,,A,NO PEDESTRIANS INVOLVED,,A,22107,,1,98TH AV,2,,,A,,,WALNUT ST,,,D,7/31/2024 4:41:45 PM,1/31/2025 4:06:47 PM,,,2,,,,,,,
3077052,19-000480,2,False,0109,1/3/2019 7:00:00 PM,1900,04X,14,109,Oakland,1,True,True,A,HEAD-ON,,Thursday,,,M,,False,False,False,,C,OTHER MOTOR VEHICLE,,0,0,C,DARK-STREET LIGHTS,,,,,,,A,NO PEDESTRIANS INVOLVED,,A,22350,,1,21ST ST,1,,,A,W,125.0,BROADWAY,F,,D,7/31/2024 4:41:45 PM,1/31/2025 4:06:47 PM,,,2,,,,,,,
3077049,19-002881,2,False,0109,1/17/2019 1:15:00 PM,1315,09X,14,109,Oakland,1,True,True,C,REAR END,,Thursday,,,,,False,False,False,,C,OTHER MOTOR VEHICLE,,1,0,A,DAYLIGHT,,,,,,,A,NO PEDESTRIANS INVOLVED,,A,22350,,1,HOWE ST,1,,,A,E,15.0,PLEASANT VALLEY AV,F,,D,7/31/2024 4:41:45 PM,1/31/2025 4:06:46 PM,,,2,,,,,,,
3077048,19-003357,2,False,0109,1/20/2019 3:51:00 PM,1551,18X,14,109,Oakland,1,True,True,B,SIDE SWIPE,,Sunday,,,M,,False,False,False,,C,OTHER MOTOR VEHICLE,,0,0,A,DAYLIGHT,,,,,,,A,NO PEDESTRIANS INVOLVED,,A,22100B,,1,E 21ST ST,1,,,B,,,20TH AV,,,D,7/31/2024 4:41:45 PM,1/31/2025 4:06:46 PM,,,2,,,,,,,
3077044,19-002893,2,False,0109,1/17/2019 2:43:00 PM,1443,24X,14,109,Oakland,1,True,True,E,HIT OBJECT,,Thursday,,,,,False,False,False,,I,FIXED OBJECT,,0,0,A,DAYLIGHT,,,,,,,A,NO PEDESTRIANS INVOLVED,,A,22107,,1,LYON AV,2,,,B,W,25.0,HIGH ST,F,,D,7/31/2024 4:41:44 PM,1/31/2025 4:06:46 PM,,,2,,,,,,,
3077043,19-003402,2,False,0109,1/20/2019 10:02:00 PM,2202,17X,14,109,Oakland,1,True,True,D,BROADSIDE,,Sunday,,,M,,False,False,False,,E,PARKED MOTOR VEHICLE,,0,0,C,DARK-STREET LIGHTS,,,,,,,A,NO PEDESTRIANS INVOLVED,,B,,,1,E 17TH ST,1,,,B,W,45.0,14TH AV,F,,D,7/31/2024 4:41:44 PM,1/31/2025 4:06:46 PM,,,2,,,,,,,
3077041,19-004566,2,False,0109,1/27/2019 1:10:00 AM,110,27X,14,109,Oakland,1,True,True,A,HEAD-ON,,Sunday,,,M,,False,False,False,,E,PARKED MOTOR VEHICLE,,0,0,C,DARK-STREET LIGHTS,,,,,,,A,NO PEDESTRIANS INVOLVED,,A,22107,,1,AVENAL AV,2,,,A,E,50.0,62ND AV,F,,B,7/31/2024 4:41:43 PM,1/31/2025 4:06:46 PM,,,2,,,,,,,
3077040,19-003356,2,False,0109,1/20/2019 3:18:00 PM,1518,14Y,14,109,Oakland,1,True,True,C,REAR END,,Sunday,,,,,False,False,False,,C,OTHER MOTOR VEHICLE,,0,0,A,DAYLIGHT,,,,,,,A,NO PEDESTRIANS INVOLVED,,A,21703,,1,GRAND AV,1,,,B,N,40.0,LAKE PARK AV,F,,D,7/31/2024 4:41:43 PM,1/31/2025 4:06:46 PM,,,2,,,,,,,
3077037,19-002789,2,False,0109,1/17/2019 3:24:00 AM,324,26X,14,109,Oakland,1,True,True,A,HEAD-ON,,Thursday,,,,,False,False,True,,I,FIXED OBJECT,,0,0,C,DARK-STREET LIGHTS,,,,,,,A,NO PEDESTRIANS INVOLVED,,A,22107,,1,SNELL ST,2,,,B,E,150.0,71ST AV,F,,D,7/31/2024 4:41:43 PM,1/31/2025 4:06:46 PM,,,2,,,,,,,
3077036,19-003324,2,False,0109,1/20/2019 11:58:00 AM,1158,35Y,14,109,Oakland,1,True,True,F,OVERTURNED,,Sunday,,,,,False,False,False,,J,OTHER OBJECT,,0,0,A,DAYLIGHT,,,,,,,A,NO PEDESTRIANS INVOLVED,,A,22350,,1,GOLF LINKS RD,2,,,B,S,100.0,MOUNTAIN BL,F,,D,7/31/2024 4:41:43 PM,1/31/2025 4:06:46 PM,,,2,,,,,,,
3077033,19-003167,2,False,0109,1/19/2019 9:40:00 AM,940,24X,14,109,Oakland,1,True,True,B,SIDE SWIPE,,Saturday,,,,,False,False,False,,E,PARKED MOTOR VEHICLE,,0,0,A,DAYLIGHT,,,,,,,A,NO PEDESTRIANS INVOLVED,,A,22107,,1,35TH AV,2,,,A,S,20.0,HAGEMAN AV,F,,D,7/31/2024 4:41:42 PM,1/31/2025 4:06:45 PM,,,2,,,,,,,
3077032,19-003423,2,False,0109,1/20/2019 11:59:00 PM,2359,02X,14,109,Oakland,1,True,True,D,BROADSIDE,,Sunday,,,,,False,False,False,,C,OTHER MOTOR VEHICLE,,0,0,C,DARK-STREET LIGHTS,,,,,,,A,NO PEDESTRIANS INVOLVED,,A,21802A,,1,5TH ST,1,,,B,,,CASTRO ST,,,A,7/31/2024 4:41:42 PM,1/31/2025 4:06:45 PM,,,2,,,,,,,
3077030,19-003100,2,False,0109,1/18/2019 10:11:00 PM,2211,07X,14,109,Oakland,1,True,True,B,SIDE SWIPE,,Friday,,,,,False,False,False,,C,OTHER MOTOR VEHICLE,,0,0,C,DARK-STREET LIGHTS,,,,,,,A,NO PEDESTRIANS INVOLVED,,A,22107,,1,WEST GRAND AV,1,,,B,W,250.0,CAMPBELL ST,F,,A,7/31/2024 4:41:42 PM,1/31/2025 4:06:45 PM,,,2,,,,,,,
3077027,19-003220,2,False,0109,1/19/2019 2:32:00 AM,232,35X,14,109,Oakland,1,True,True,C,REAR END,,Saturday,,,M,,False,False,False,,E,PARKED MOTOR VEHICLE,,0,0,D,DARK-NO STREET LIGHTS,,,,,,,A,NO PEDESTRIANS INVOLVED,,A,22350,,1,GOLF LINKS RD,2,,,A,E,300.0,COSGRAVE AV,F,,D,7/31/2024 4:41:41 PM,1/31/2025 4:06:45 PM,,,2,,,,,,,
3077024,19-005144,2,False,0109,1/30/2019 7:45:00 AM,745,26X,14,109,Oakland,1,True,True,B,SIDE SWIPE,,Wednesday,,,M,,False,False,False,,E,PARKED MOTOR VEHICLE,,0,0,A,DAYLIGHT,,,,,,,A,NO PEDESTRIANS INVOLVED,,A,22107,,1,B ST,2,,,A,E,100.0,80TH,F,,D,7/31/2024 4:41:41 PM,1/31/2025 4:06:45 PM,,,2,,,,,,,
3077021,19-002242,2,False,0109,1/14/2019 9:30:00 AM,930,07X,14,109,Oakland,1,True,True,D,BROADSIDE,,Monday,,,M,,False,False,False,,C,OTHER MOTOR VEHICLE,,0,0,A,DAYLIGHT,,,,,,,A,NO PEDESTRIANS INVOLVED,,A,21804A,,1,16TH ST,1,,,A,,,POPLAR ST,,,A,7/31/2024 4:41:40 PM,1/31/2025 4:06:45 PM,,,2,,,,,,,
3076992,19-009122,2,False,0109,2/21/2019 10:40:00 AM,1040,19,14,109,Oakland,1,True,True,A,HEAD-ON,,Thursday,,,,,False,False,False,,B,PEDESTRIAN,,1,0,A,DAYLIGHT,,,,,,,B,CROSSING IN CROSS WALK AT INTERSECTION,,A,21950A,,1,45TH ST,1,,,A,,,MARTIN LUTHER KING JR WY,,,A,7/31/2024 4:41:34 PM,1/31/2025 4:06:43 PM,,,2,,,,,,,
3076988,19-005823,2,False,0109,2/2/2019 6:59:00 PM,1859,35,14,109,Oakland,1,True,True,C,REAR END,,Saturday,,,M,,False,False,False,,C,OTHER MOTOR VEHICLE,,1,0,C,DARK-STREET LIGHTS,,,,,,,A,NO PEDESTRIANS INVOLVED,,A,22350,,1,MOUNTAIN BL,2,,,B,,,KELLER AV,,,A,7/31/2024 4:41:34 PM,1/31/2025 4:06:43 PM,,,2,,,,,,,
3075922,19-000008,2,False,0109,1/1/2019 12:55:00 AM,55,34X,14,109,Oakland,1,True,True,B,SIDE SWIPE,,Tuesday,,,,,False,False,False,,C,OTHER MOTOR VEHICLE,,0,0,C,DARK-STREET LIGHTS,,,,,,,A,NO PEDESTRIANS INVOLVED,,B,,,1,90TH AV,2,,,A,N,200.0,OLIVE ST,F,,D,7/31/2024 4:38:28 PM,1/31/2025 4:05:39 PM,,,2,,,,,,,
3075899,19-010967,2,False,0109,2/28/2019 2:00:00 AM,200,5X,14,109,Oakland,1,True,True,E,HIT OBJECT,,Thursday,,,M,,False,False,False,,I,FIXED OBJECT,,0,0,C,DARK-STREET LIGHTS,,,,,,,A,NO PEDESTRIANS INVOLVED,,A,22107,,1,MARITIME ST,1,,,A,N,40.0,W 17TH ST,F,,A,7/31/2024 4:38:24 PM,1/31/2025 4:05:37 PM,,,2,,,,,,,
3075016,19-005500,2,False,0109,1/31/2019 9:21:00 PM,2121,17X,14,109,Oakland,1,True,True,B,SIDE SWIPE,,Thursday,,,,,False,False,False,,E,PARKED MOTOR VEHICLE,,2,0,C,DARK-STREET LIGHTS,,,,,,,A,NO PEDESTRIANS INVOLVED,,A,22107,,1,E 17TH ST,1,,,A,E,45.0,13TH AV,F,,D,7/31/2024 4:35:54 PM,1/31/2025 4:04:47 PM,,,2,,,,,,,
3075012,19-004013,2,False,0109,1/24/2019 8:01:00 AM,801,30X,14,109,Oakland,1,True,True,C,REAR END,,Thursday,,,,,False,False,False,,C,OTHER MOTOR VEHICLE,,0,0,A,DAYLIGHT,,,,,,,A,NO PEDESTRIANS INVOLVED,,A,22350,,1,INTERNATIONAL BL,2,,,A,E,100.0,78TH AV,F,,D,7/31/2024 4:35:54 PM,1/31/2025 4:04:47 PM,,,2,,,,,,,
3074694,19-005452,2,False,0109,1/31/2019 3:19:00 PM,1519,07,14,109,Oakland,1,True,True,G,VEHICLE/PEDESTRAIN,,Thursday,,,,,False,False,False,,B,PEDESTRIAN,,1,0,A,DAYLIGHT,,,,,,,D,CROSSING - NOT IN CROSSWALK,,A,21954A,,1,35TH ST,1,,,A,,,MAGNOLIA ST,,,A,7/31/2024 4:34:59 PM,1/31/2025 4:04:27 PM,,,2,,,,,,,
3074693,19-003487,2,False,0109,1/21/2019 12:08:00 PM,1208,35X,14,109,Oakland,1,True,True,D,BROADSIDE,,Monday,,,,,False,False,False,,C,OTHER MOTOR VEHICLE,,0,0,A,DAYLIGHT,,,,,,,A,NO PEDESTRIANS INVOLVED,,A,21453A,,,BANCROFT AV,2,,,A,,,82ND AV,,,A,7/31/2024 4:34:59 PM,1/31/2025 4:04:27 PM,,,2,,,,,,,
3074692,19-005624,2,False,0109,2/1/2019 3:18:00 PM,1518,23X,14,109,Oakland,1,True,True,A,HEAD-ON,,Friday,,,,,False,False,False,,C,OTHER MOTOR VEHICLE,,1,0,A,DAYLIGHT,,,,,,,A,NO PEDESTRIANS INVOLVED,,A,22107,,1,ALAMEDA AV,2,,,B,E,875.0,FRUITVALE AV,F,,D,7/31/2024 4:34:58 PM,1/31/2025 4:04:28 PM,,,2,,,,,,,
3074690,19-005486,2,False,0109,1/31/2019 7:06:00 PM,1906,34,14,109,Oakland,1,True,True,D,BROADSIDE,,Thursday,,,,,False,False,True,,C,OTHER MOTOR VEHICLE,,2,0,C,DARK-STREET LIGHTS,,,,,,,A,NO PEDESTRIANS INVOLVED,,D,,,,BANCROFT AV,2,,,A,,,90TH AV,,,A,7/31/2024 4:34:58 PM,1/31/2025 4:04:27 PM,,,2,,,,,,,
3074687,19-005420,2,False,0109,1/31/2019 11:56:00 AM,1156,03,14,109,Oakland,1,True,True,D,BROADSIDE,,Thursday,,,,,False,False,True,,C,OTHER MOTOR VEHICLE,,2,0,A,DAYLIGHT,,,,,,,A,NO PEDESTRIANS INVOLVED,,A,22107,,1,10TH ST,1,,,B,W,0.1,2ND AV,M,,D,7/31/2024 4:34:57 PM,1/31/2025 4:04:27 PM,,,2,,,,,,,
3074683,19-005410,2,False,0109,1/31/2019 11:24:00 AM,1124,03,14,109,Oakland,1,True,True,B,SIDE SWIPE,,Thursday,,,,,False,False,False,,E,PARKED MOTOR VEHICLE,,1,0,A,DAYLIGHT,,,,,,,A,NO PEDESTRIANS INVOLVED,,C,,,,6TH ST,1,,,A,W,342.0,WASHINGTON ST,F,,D,7/31/2024 4:34:57 PM,1/31/2025 4:04:27 PM,,,2,,,,,,,
3074679,19-004743,2,False,0109,1/28/2019 8:20:00 AM,820,17,14,109,Oakland,1,True,True,D,BROADSIDE,,Monday,,,,,False,False,False,,C,OTHER MOTOR VEHICLE,,2,0,A,DAYLIGHT,,,,,,,A,NO PEDESTRIANS INVOLVED,,A,21802A,,1,BEAUMONT AV,1,,,A,,,32ND ST,,,A,7/31/2024 4:34:56 PM,1/31/2025 4:04:27 PM,,,2,,,,,,,
3074677,19-003731,2,False,0109,1/22/2019 7:11:00 PM,1911,19,14,109,Oakland,1,True,True,B,SIDE SWIPE,,Tuesday,,,,,False,False,True,,C,OTHER MOTOR VEHICLE,,1,0,C,DARK-STREET LIGHTS,,,,,,,A,NO PEDESTRIANS INVOLVED,,A,21453A,,,E 12TH ST,1,,,A,,,23RD AV,,,A,7/31/2024 4:34:56 PM,1/31/2025 4:04:26 PM,,,2,,,,,,,
3074668,19-003503,2,False,0109,1/21/2019 2:19:00 PM,1419,33,14,109,Oakland,1,True,True,D,BROADSIDE,,Monday,,,M,,False,False,True,,C,OTHER MOTOR VEHICLE,,4,0,A,DAYLIGHT,,,,,,,A,NO PEDESTRIANS INVOLVED,,A,21453A,,1,98TH AV,2,,,A,,,SAN LEANDRO BL,,,A,7/31/2024 4:34:54 PM,1/31/2025 4:04:26 PM,,,2,,,,,,,
3074611,19-005603,2,False,0109,2/1/2019 1:00:00 PM,1300,34X,14,109,Oakland,1,True,True,D,BROADSIDE,,Friday,,,M,,False,False,False,,C,OTHER MOTOR VEHICLE,,0,0,A,DAYLIGHT,,,,,,,A,NO PEDESTRIANS INVOLVED,,A,22107,,1,90TH AV,2,,,A,,,OLIVE ST,,,D,7/31/2024 4:34:45 PM,1/31/2025 4:04:23 PM,,,2,,,,,,,
3074406,19-006499,2,False,0109,2/6/2019 4:06:00 PM,1606,08X,14,109,Oakland,1,True,True,D,BROADSIDE,,Wednesday,,,,,False,False,False,,C,OTHER MOTOR VEHICLE,,0,0,A,DAYLIGHT,,,,,,,A,NO PEDESTRIANS INVOLVED,,A,21802A,,1,SYCAMORE ST,1,,,A,,,NORTHGATE AV,,,A,7/31/2024 4:34:11 PM,1/31/2025 4:04:12 PM,,,2,,,,,,,
3074402,19-006163,2,False,0109,2/4/2019 7:27:00 PM,1927,22X,14,109,Oakland,1,True,True,E,HIT OBJECT,,Monday,,,,,False,False,True,,I,FIXED OBJECT,,0,0,D,DARK-NO STREET LIGHTS,,,,,,,A,NO PEDESTRIANS INVOLVED,,A,22350,,1,35TH AV,1,,,B,N,35.0,VICTOR AV,F,,D,7/31/2024 4:34:10 PM,1/31/2025 4:04:11 PM,,,2,,,,,,,
3074395,19-006673,2,False,0109,2/7/2019 3:02:00 PM,1502,13Y,14,109,Oakland,1,True,True,F,OVERTURNED,,Thursday,,,,,False,False,True,,,,,0,0,A,DAYLIGHT,,,,,,,A,NO PEDESTRIANS INVOLVED,,A,22107,,1,SKYLINE BL,1,,,A,E,100.0,ELVERTON DR,F,,A,7/31/2024 4:34:09 PM,1/31/2025 4:04:11 PM,,,2,,,,,,,
3074365,19-001487,2,False,0109,1/9/2019 8:14:00 PM,2014,22X,14,109,Oakland,1,True,True,E,HIT OBJECT,,Wednesday,,,,,False,False,False,,I,FIXED OBJECT,,0,0,C,DARK-STREET LIGHTS,,,,,,,A,NO PEDESTRIANS INVOLVED,,A,22107,,1,REDWOOD RD,1,,,B,N,10.0,ATLAS AV,F,,D,7/31/2024 4:34:04 PM,1/31/2025 4:04:07 PM,,,2,,,,,,,
3074361,19-002600,2,False,0109,1/16/2019 3:00:00 AM,300,16X,14,109,Oakland,1,True,True,A,HEAD-ON,,Wednesday,,,M,,False,False,False,,C,OTHER MOTOR VEHICLE,,0,0,C,DARK-STREET LIGHTS,,,,,,,A,NO PEDESTRIANS INVOLVED,,A,21460A,,1,MACARTHUR BL,1,,,B,W,100.0,SHEFFIELD AV,F,,D,7/31/2024 4:34:03 PM,1/31/2025 4:04:06 PM,,,2,,,,,,,
3074358,19-000939,2,False,0109,1/6/2019 9:35:00 PM,2135,23X,14,109,Oakland,1,True,True,C,REAR END,,Sunday,,,M,,False,False,False,,C,OTHER MOTOR VEHICLE,,0,0,C,DARK-STREET LIGHTS,,,,,,,A,NO PEDESTRIANS INVOLVED,,A,22107,,1,FOOTHILL BL,2,,,B,W,50.0,HIGH ST,F,,D,7/31/2024 4:34:03 PM,1/31/2025 4:04:06 PM,,,2,,,,,,,
3074353,19-002542,2,False,0109,1/15/2019 5:00:00 PM,1700,28X,14,109,Oakland,1,True,True,D,BROADSIDE,,Tuesday,,,M,,False,False,False,,C,OTHER MOTOR VEHICLE,,0,0,B,DUSK-DAWN,,,,,,,A,NO PEDESTRIANS INVOLVED,,A,21453A,,1,HIGH ST,2,,,B,,,REDDING ST,,,A,7/31/2024 4:34:02 PM,1/31/2025 4:04:06 PM,,,2,,,,,,,
3074350,19-001602,2,False,0109,1/10/2019 1:45:00 PM,1345,04X,14,109,Oakland,1,True,True,H,OTHER,,Thursday,,,M,,False,False,False,,E,PARKED MOTOR VEHICLE,,0,0,A,DAYLIGHT,,,,,,,A,NO PEDESTRIANS INVOLVED,,A,22350,,1,CLAY ST,1,,,A,S,20.0,16TH ST,F,,A,7/31/2024 4:34:01 PM,1/31/2025 4:04:06 PM,,,2,,,,,,,
3074347,19-000834,2,False,0109,1/6/2019 4:40:00 AM,440,13Y,14,109,Oakland,1,True,True,E,HIT OBJECT,,Sunday,,,,,False,False,False,,J,OTHER OBJECT,,0,0,C,DARK-STREET LIGHTS,,,,,,,A,NO PEDESTRIANS INVOLVED,,A,22350,,1,GLENWOOD GLADE,1,,,B,,,BROADWAY TER,,,D,7/31/2024 4:34:00 PM,1/31/2025 4:04:06 PM,,,2,,,,,,,
3074343,19-001153,2,False,0109,1/8/2019 3:01:00 AM,301,19X,14,109,Oakland,1,True,True,D,BROADSIDE,,Tuesday,,,,,False,False,False,,C,OTHER MOTOR VEHICLE,,0,0,C,DARK-STREET LIGHTS,,,,,,,A,NO PEDESTRIANS INVOLVED,,A,21453A,,,INTERNATIONAL BL,1,,,A,,,22ND AV,,,A,7/31/2024 4:34:00 PM,1/31/2025 4:04:05 PM,,,2,,,,,,,
3074338,19-001575,2,False,0109,1/10/2019 11:11:00 AM,1111,04X,14,109,Oakland,1,True,True,G,VEHICLE/PEDESTRAIN,,Thursday,,,,,False,False,False,,B,PEDESTRIAN,,0,0,A,DAYLIGHT,,,,,,,B,CROSSING IN CROSS WALK AT INTERSECTION,,A,21453D,,1,20TH ST,1,,,A,,,BROADWAY,,,A,7/31/2024 4:33:59 PM,1/31/2025 4:04:05 PM,,,2,,,,,,,
3074335,19-001993,2,False,0109,1/12/2019 5:53:00 PM,1753,27X,14,109,Oakland,1,True,True,A,HEAD-ON,,Saturday,,,,,False,False,False,,C,OTHER MOTOR VEHICLE,,0,0,B,DUSK-DAWN,,,,,,,A,NO PEDESTRIANS INVOLVED,,A,21802A,,1,46TH AV,2,,,A,,,BOND ST,,,A,7/31/2024 4:33:58 PM,1/31/2025 4:04:05 PM,,,2,,,,,,,
3074331,19-001872,2,False,0109,1/12/2019 11:57:00 PM,2357,19X,14,109,Oakland,1,True,True,B,SIDE SWIPE,,Saturday,,,,,False,False,False,,C,OTHER MOTOR VEHICLE,,0,0,C,DARK-STREET LIGHTS,,,,,,,A,NO PEDESTRIANS INVOLVED,,A,22100B,,1,INTERNATIONAL BL,1,,,B,,,11TH AV,,,D,7/31/2024 4:33:57 PM,1/31/2025 4:04:05 PM,,,2,,,,,,,
3074327,19-002546,2,False,0109,1/15/2019 6:11:00 PM,1811,07X,14,109,Oakland,1,True,True,D,BROADSIDE,,Tuesday,,,,,False,False,False,,C,OTHER MOTOR VEHICLE,,0,0,C,DARK-STREET LIGHTS,,,,,,,A,NO PEDESTRIANS INVOLVED,,A,21801A,,1,W GRAND AV,1,,,B,,,ADELINE ST,,,A,7/31/2024 4:33:57 PM,1/31/2025 4:04:04 PM,,,2,,,,,,,
3074325,19-006321,2,False,0109,2/5/2019 5:50:00 PM,1750,34X,14,109,Oakland,1,True,True,D,BROADSIDE,,Tuesday,,,M,,False,False,False,,C,OTHER MOTOR VEHICLE,,2,0,B,DUSK-DAWN,,,,,,,A,NO PEDESTRIANS INVOLVED,,A,21209A,,1,96TH AV,2,,,A,,,BANCROFT AV,,,A,7/31/2024 4:33:57 PM,1/31/2025 4:04:04 PM,,,2,,,,,,,
3074322,19-001870,2,False,0109,1/12/2019 11:25:00 PM,2325,20X,14,109,Oakland,1,True,True,A,HEAD-ON,,Saturday,,,M,,False,False,False,,I,FIXED OBJECT,,0,0,C,DARK-STREET LIGHTS,,,,,,,A,NO PEDESTRIANS INVOLVED,,A,22107,,1,FORD ST,1,,,B,W,10.0,29TH AV,F,,A,7/31/2024 4:33:56 PM,1/31/2025 4:04:04 PM,,,2,,,,,,,
3074292,19-002709,2,False,0109,1/16/2019 3:25:00 PM,1525,12Y,14,109,Oakland,1,True,True,H,OTHER,,Wednesday,,,,,False,False,False,,G,BICYCLE,,0,0,A,DAYLIGHT,,,,,,,A,NO PEDESTRIANS INVOLVED,,A,21650,,1,CAVOUR ST,1,,,B,W,100.0,CLAREMONT AV,F,,D,7/31/2024 4:33:48 PM,1/31/2025 4:04:02 PM,,,2,,,,,,,
3074284,19-001985,2,False,0109,1/12/2019 5:09:00 PM,1709,03X,14,109,Oakland,1,True,True,B,SIDE SWIPE,,Saturday,,,,,False,False,False,,C,OTHER MOTOR VEHICLE,,3,0,A,DAYLIGHT,,,,,,,A,NO PEDESTRIANS INVOLVED,,A,22107,,1,12TH ST,1,,,A,,,JACKSON ST,,,A,7/31/2024 4:33:47 PM,1/31/2025 4:04:02 PM,,,2,,,,,,,
3074282,19-001938,2,False,0109,1/12/2019 11:22:00 AM,1122,02Y,14,109,Oakland,1,True,True,H,OTHER,,Saturday,,,,,False,False,False,,C,OTHER MOTOR VEHICLE,,2,0,A,DAYLIGHT,,,,,,,A,NO PEDESTRIANS INVOLVED,,A,21453A,,,ADELINE ST,1,,,A,,,5TH ST,,,A,7/31/2024 4:33:46 PM,1/31/2025 4:04:02 PM,,,2,,,,,,,
3074276,19-001783,2,False,0109,1/11/2019 1:06:00 PM,1306,18X,14,109,Oakland,1,True,True,C,REAR END,,Friday,,,,,False,False,True,,C,OTHER MOTOR VEHICLE,,1,0,A,DAYLIGHT,,,,,,,A,NO PEDESTRIANS INVOLVED,,A,22350,,1,FOOTHILL BL,1,,,B,E,10.0,16TH AV,F,,A,7/31/2024 4:33:44 PM,1/31/2025 4:04:02 PM,,,2,,,,,,,
3074271,19-000955,2,False,0109,1/7/2019 4:48:00 AM,448,17X,14,109,Oakland,1,True,True,D,BROADSIDE,,Monday,,,,,False,False,False,,C,OTHER MOTOR VEHICLE,,1,0,C,DARK-STREET LIGHTS,,,,,,,A,NO PEDESTRIANS INVOLVED,,A,21802A,,1,E 32ND ST,1,,,B,,,BEAUMONT AV,,,A,7/31/2024 4:33:43 PM,1/31/2025 4:04:01 PM,,,2,,,,,,,
3074267,19-002716,2,False,0109,1/16/2019 4:21:00 PM,1621,08X,14,109,Oakland,1,True,True,A,HEAD-ON,,Wednesday,,,M,,False,False,False,,C,OTHER MOTOR VEHICLE,,1,0,A,DAYLIGHT,,,,,,,A,NO PEDESTRIANS INVOLVED,,A,21453A,,1,HARRISON ST,1,,,B,,,PEARL ST,,,A,7/31/2024 4:33:43 PM,1/31/2025 4:04:01 PM,,,2,,,,,,,
3074263,19-001774,2,False,0109,1/11/2019 12:05:00 PM,1205,20X,14,109,Oakland,1,True,True,A,HEAD-ON,,Friday,,,,,False,False,False,,C,OTHER MOTOR VEHICLE,,1,0,A,DAYLIGHT,,,,,,,A,NO PEDESTRIANS INVOLVED,,A,22107,,,FRUITVALE AV,1,,,A,,,12TH ST,,,A,7/31/2024 4:33:42 PM,1/31/2025 4:04:01 PM,,,2,,,,,,,
3074259,19-002656,2,False,0109,1/16/2019 9:30:00 AM,930,12Y,14,109,Oakland,1,True,True,C,REAR END,,Wednesday,,,M,,False,False,False,,C,OTHER MOTOR VEHICLE,,1,0,A,DAYLIGHT,,,,,,,A,NO PEDESTRIANS INVOLVED,,A,21703,,1,TELEGRAPH AV,1,,,B,S,10.0,ALCATRAZ AV,F,,A,7/31/2024 4:33:42 PM,1/31/2025 4:04:01 PM,,,2,,,,,,,