collision-id,report-number,report-version,is-preliminary,ncic-code,crash-date-time,crash-time-description,beat,city-id,city-code,city-name,county-code,city-is-active,city-is-incorporated,collision-type-code,collision-type-description,collision-type-other-desc,day-of-week,dispatch-notified,has-photographs,hit-run,is-attachments-mailed,is-deleted,is-highway-related,is-tow-away,judicial-district,motor-vehicle-involved-with-code,motor-vehicle-involved-with-desc,motor-vehicle-involved-with-other-desc,number-injured,number-killed,lighting-code,lighting-description,latitude,longitude,milepost-direction,milepost-distance,milepost-marker,milepost-unit-of-measure,pedestrian-action-code,pedestrian-action-desc,prepared-date,primary-collision-factor-code,primary-collision-factor-description,primary-collision-factor-is-cited,primary-collision-party-number,primary-road,reporting-district,reporting-district-code,reviewed-date,roadway-surface-code,secondary-direction,secondary-distance,secondary-road,secondary-unit-of-measure,sketch-desc,traffic-control-device-code,created-date,modified-date,is-county-road,is-freeway,chp-555-version,is-additonal-object-struck,notification-date,notification-time-description,has-digital-media-files,evidence-number,is-location-refer-to-narrative,is-aoi-one-same-as-location
3089846,19-007942,2,False,0109,2/14/2019 9:06:00 PM,2106,04X,14,109,Oakland,1,True,True,D,BROADSIDE,,Thursday,,,,,False,False,True,,C,OTHER MOTOR VEHICLE,,1,0,C,DARK-STREET LIGHTS,,,,,,,A,NO PEDESTRIANS INVOLVED,,A,21453A,,1,16TH ST,1,,,B,,,JEFFERSON ST,,,A,7/31/2024 5:21:52 PM,1/31/2025 4:19:10 PM,,,2,,,,,,,
3089841,19-007982,2,False,0109,2/15/2019 3:30:00 AM,330,31X,14,109,Oakland,1,True,True,C,REAR END,,Friday,,,,,False,False,True,,C,OTHER MOTOR VEHICLE,,3,0,C,DARK-STREET LIGHTS,,,,,,,A,NO PEDESTRIANS INVOLVED,,A,22350,,1,HEGENBERGER RD,2,,,B,S,0.25,EDES AV,M,,A,7/31/2024 5:21:51 PM,1/31/2025 4:19:10 PM,,,2,,,,,,,
3089801,19-006580,2,False,0109,2/7/2019 5:32:00 AM,532,26Y,14,109,Oakland,1,True,True,D,BROADSIDE,,Thursday,,,,,False,False,False,,C,OTHER MOTOR VEHICLE,,0,0,C,DARK-STREET LIGHTS,,,,,,,A,NO PEDESTRIANS INVOLVED,,A,22107,,1,66TH AV,2,,,A,S,120.0,LION WY,F,,D,7/31/2024 5:21:43 PM,1/31/2025 4:19:07 PM,,,2,,,,,,,
3089800,19-010226,2,False,0109,2/27/2019 6:08:00 PM,1808,26Y,14,109,Oakland,1,True,True,D,BROADSIDE,,Wednesday,,,,,False,False,False,,,,,0,0,C,DARK-STREET LIGHTS,,,,,,,A,NO PEDESTRIANS INVOLVED,,A,21802A,,1,66TH AV,2,,,B,,,EASTLAWN ST,,,A,7/31/2024 5:21:42 PM,1/31/2025 4:19:07 PM,,,2,,,,,,,
3089796,19-010394,2,False,0109,2/28/2019 2:24:00 PM,1424,27Y,14,109,Oakland,1,True,True,D,BROADSIDE,,Thursday,,,,,False,False,True,,C,OTHER MOTOR VEHICLE,,0,0,A,DAYLIGHT,,,,,,,A,NO PEDESTRIANS INVOLVED,,A,21453A,,1,INTERNATIONAL BL,2,,,A,,,SEMINARY AV,,,A,7/31/2024 5:21:42 PM,1/31/2025 4:19:07 PM,,,2,,,,,,,
3089793,19-007963,2,False,0109,2/14/2019 11:50:00 PM,2350,02X,14,109,Oakland,1,True,True,E,HIT OBJECT,,Thursday,,,,,False,False,True,,I,FIXED OBJECT,,0,0,C,DARK-STREET LIGHTS,,,,,,,A,NO PEDESTRIANS INVOLVED,,A,22107,,1,7TH ST,1,,,B,E,10.0,BRUSH ST,F,,A,7/31/2024 5:21:41 PM,1/31/2025 4:19:07 PM,,,2,,,,,,,
3089790,19-007847,2,False,0109,2/14/2019 9:58:00 AM,958,31X,14,109,Oakland,1,True,True,E,HIT OBJECT,,Thursday,,,,,False,False,True,,I,FIXED OBJECT,,0,0,A,DAYLIGHT,,,,,,,A,NO PEDESTRIANS INVOLVED,,A,22350,,1,HEGENBERGER RD,2,,,B,N,250.0,BALDWIN ST,F,,A,7/31/2024 5:21:41 PM,1/31/2025 4:19:07 PM,,,2,,,,,,,
3089788,19-007838,2,False,0109,2/14/2019 9:15:00 AM,915,32X,14,109,Oakland,1,True,True,B,SIDE SWIPE,,Thursday,,,M,,False,False,True,,C,OTHER MOTOR VEHICLE,,0,0,A,DAYLIGHT,,,,,,,A,NO PEDESTRIANS INVOLVED,,A,21460A,,1,105TH AV,2,,,B,N,160.0,E ST,F,,D,7/31/2024 5:21:40 PM,1/31/2025 4:19:07 PM,,,2,,,,,,,
3089785,19-006256,2,False,0109,2/5/2019 11:05:00 AM,1105,04X,14,109,Oakland,1,True,True,B,SIDE SWIPE,,Tuesday,,,M,,False,False,False,,E,PARKED MOTOR VEHICLE,,0,0,A,DAYLIGHT,,,,,,,A,NO PEDESTRIANS INVOLVED,,A,22107,,1,CASTRO ST,1,,,A,N,30.0,18TH ST,F,,A,7/31/2024 5:21:40 PM,1/31/2025 4:19:06 PM,,,2,,,,,,,
3089782,19-007858,2,False,0109,2/14/2019 11:13:00 AM,1113,17X,14,109,Oakland,1,True,True,A,HEAD-ON,,Thursday,,,M,,False,False,True,,E,PARKED MOTOR VEHICLE,,0,0,A,DAYLIGHT,,,,,,,A,NO PEDESTRIANS INVOLVED,,A,22107,,1,12TH AV,2,,,B,S,25.0,20TH ST,F,,D,7/31/2024 5:21:39 PM,1/31/2025 4:19:06 PM,,,2,,,,,,,
3089779,19-010402,2,False,0109,2/28/2019 2:23:00 PM,1423,26Y,14,109,Oakland,1,True,True,B,SIDE SWIPE,,Thursday,,,M,,False,False,False,,C,OTHER MOTOR VEHICLE,,0,0,A,DAYLIGHT,,,,,,,A,NO PEDESTRIANS INVOLVED,,A,22450A,,1,INTERNATIONAL BL,2,,,A,,,64TH AV,,,A,7/31/2024 5:21:39 PM,1/31/2025 4:19:06 PM,,,2,,,,,,,
3089776,19-007867,2,False,0109,2/14/2019 9:27:00 AM,927,32X,14,109,Oakland,1,True,True,B,SIDE SWIPE,,Thursday,,,M,,False,False,True,,E,PARKED MOTOR VEHICLE,,0,0,A,DAYLIGHT,,,,,,,A,NO PEDESTRIANS INVOLVED,,A,22107,,1,SPRINGFIELD ST,2,,,B,E,10.0,98TH AV,F,,D,7/31/2024 5:21:38 PM,1/31/2025 4:19:06 PM,,,2,,,,,,,
3089762,19-000675,2,False,0109,1/5/2019 11:59:00 PM,2359,02X,14,109,Oakland,1,True,True,A,HEAD-ON,,Saturday,,,M,,False,False,False,,I,FIXED OBJECT,,0,0,C,DARK-STREET LIGHTS,,,,,,,A,NO PEDESTRIANS INVOLVED,,A,22350,,1,MANDELA,1,,,A,,,8TH ST,,,A,7/31/2024 5:21:36 PM,1/31/2025 4:19:05 PM,,,2,,,,,,,
3089759,19-005277,2,False,0109,1/25/2019 2:00:00 PM,1400,33X,14,109,Oakland,1,True,True,C,REAR END,,Friday,,,M,,False,False,False,,C,OTHER MOTOR VEHICLE,,0,0,A,DAYLIGHT,,,,,,,A,NO PEDESTRIANS INVOLVED,,A,22350,,1,INTERNATIONAL BL,2,,,A,,,85TH AV,,,A,7/31/2024 5:21:35 PM,1/31/2025 4:19:05 PM,,,2,,,,,,,
3089491,19-007423,2,False,0109,2/11/2019 9:38:00 PM,2138,3X,14,109,Oakland,1,True,True,D,BROADSIDE,,Monday,,,M,,False,False,False,,C,OTHER MOTOR VEHICLE,,0,0,C,DARK-STREET LIGHTS,,,,,,,A,NO PEDESTRIANS INVOLVED,,A,21453A,,1,12TH ST,1,,,A,,,WEBSTER ST,,,A,7/31/2024 5:20:43 PM,1/31/2025 4:18:50 PM,,,2,,,,,,,
3089486,19-006780,2,False,0109,2/8/2019 4:17:00 AM,417,03X,14,109,Oakland,1,True,True,D,BROADSIDE,,Friday,,,M,,False,False,True,,E,PARKED MOTOR VEHICLE,,0,0,C,DARK-STREET LIGHTS,,,,,,,A,NO PEDESTRIANS INVOLVED,,A,22107,,1,8TH ST,1,,,A,W,100.0,CLAY ST,F,,D,7/31/2024 5:20:42 PM,1/31/2025 4:18:49 PM,,,2,,,,,,,
3089482,19-007102,2,False,0109,2/10/2019 1:16:00 AM,116,21X,14,109,Oakland,1,True,True,A,HEAD-ON,,Sunday,,,M,,False,False,False,,I,FIXED OBJECT,,0,0,C,DARK-STREET LIGHTS,,,,,,,A,NO PEDESTRIANS INVOLVED,,A,22107,,1,FRUITVALE AV,1,,,B,N,10.0,E 23RD ST,F,,A,7/31/2024 5:20:41 PM,1/31/2025 4:18:49 PM,,,2,,,,,,,
3089479,19-007665,2,False,0109,2/13/2019 10:15:00 AM,1015,29X,14,109,Oakland,1,True,True,D,BROADSIDE,,Wednesday,,,,,False,False,False,,C,OTHER MOTOR VEHICLE,,0,0,A,DAYLIGHT,,,,,,,A,NO PEDESTRIANS INVOLVED,,A,22107,,1,HAVENSCOURT BL,2,,,B,S,150.0,BANCROFT AV,F,,D,7/31/2024 5:20:40 PM,1/31/2025 4:18:49 PM,,,2,,,,,,,
3089478,19-006800,2,False,0109,2/8/2019 8:27:00 AM,827,24X,14,109,Oakland,1,True,True,C,REAR END,,Friday,,,,,False,False,False,,C,OTHER MOTOR VEHICLE,,0,0,A,DAYLIGHT,,,,,,,A,NO PEDESTRIANS INVOLVED,,A,22350,,1,FOOTHILL BL,2,,,A,W,10.0,41ST AV,F,,D,7/31/2024 5:20:40 PM,1/31/2025 4:18:49 PM,,,2,,,,,,,
3089476,19-007022,2,False,0109,2/9/2019 3:11:00 PM,1511,03X,14,109,Oakland,1,True,True,B,SIDE SWIPE,,Saturday,,,,,False,False,False,,C,OTHER MOTOR VEHICLE,,0,0,A,DAYLIGHT,,,,,,,A,NO PEDESTRIANS INVOLVED,,A,22107,,,LAKE MERRITT BL,1,,,B,W,100.0,E 12TH ST,F,,A,7/31/2024 5:20:40 PM,1/31/2025 4:18:49 PM,,,2,,,,,,,
3089470,19-007969,2,False,0109,2/15/2019 1:19:00 AM,119,27Y,14,109,Oakland,1,True,True,A,HEAD-ON,,Friday,,,M,,False,False,True,,E,PARKED MOTOR VEHICLE,,0,0,C,DARK-STREET LIGHTS,,,,,,,A,NO PEDESTRIANS INVOLVED,,A,22107,,1,62ND AV,2,,,B,N,5.0,HOLWAY ST,F,,D,7/31/2024 5:20:38 PM,1/31/2025 4:18:49 PM,,,2,,,,,,,
3089467,19-007105,2,False,0109,2/10/2019 2:02:00 AM,202,24X,14,109,Oakland,1,True,True,B,SIDE SWIPE,,Sunday,,,,,False,False,False,,E,PARKED MOTOR VEHICLE,,0,0,C,DARK-STREET LIGHTS,,,,,,,A,NO PEDESTRIANS INVOLVED,,A,22107,,1,35TH AV,2,,,B,N,50.0,PENNIMAN AV,F,,D,7/31/2024 5:20:38 PM,1/31/2025 4:18:49 PM,,,2,,,,,,,
3089462,19-005529,2,False,0109,2/1/2019 2:00:00 AM,200,32X,14,109,Oakland,1,True,True,B,SIDE SWIPE,,Friday,,,M,,False,False,True,,C,OTHER MOTOR VEHICLE,,0,0,C,DARK-STREET LIGHTS,,,,,,,A,NO PEDESTRIANS INVOLVED,,A,22107,,1,98TH AV,2,,,B,,,SAN LEANDRO ST,,,A,7/31/2024 5:20:37 PM,1/31/2025 4:18:48 PM,,,2,,,,,,,
3089461,19-006899,2,False,0109,2/8/2019 6:37:00 PM,1837,28X,14,109,Oakland,1,True,True,A,HEAD-ON,,Friday,,,,,False,False,False,,I,FIXED OBJECT,,0,0,C,DARK-STREET LIGHTS,,,,,,,A,NO PEDESTRIANS INVOLVED,,A,22107,,1,MACARTHUR BL,2,,,B,E,100.0,MILLSVIEW AV,F,,D,7/31/2024 5:20:37 PM,1/31/2025 4:18:48 PM,,,2,,,,,,,
3089454,19-006816,2,False,0109,2/8/2019 8:30:00 AM,830,,14,109,Oakland,1,True,True,B,SIDE SWIPE,,Friday,,,M,,False,False,False,,C,OTHER MOTOR VEHICLE,,0,0,A,DAYLIGHT,,,,,,,A,NO PEDESTRIANS INVOLVED,,A,22107,,1,BRUSH ST,1,,,A,,,17TH ST,,,A,7/31/2024 5:20:36 PM,1/31/2025 4:18:48 PM,,,2,,,,,,,
3089452,19-005673,2,False,0109,2/1/2019 9:19:00 PM,2119,2X,14,109,Oakland,1,True,True,D,BROADSIDE,,Friday,,,M,,False,False,False,,C,OTHER MOTOR VEHICLE,,0,0,C,DARK-STREET LIGHTS,,,,,,,A,NO PEDESTRIANS INVOLVED,,A,22450A,,1,8TH ST,1,,,B,,,CENTER ST,,,A,7/31/2024 5:20:35 PM,1/31/2025 4:18:48 PM,,,2,,,,,,,
3089447,19-007157,2,False,0109,2/10/2019 1:06:00 PM,1306,19X,14,109,Oakland,1,True,True,A,HEAD-ON,,Sunday,,,M,,False,False,False,,C,OTHER MOTOR VEHICLE,,0,0,A,DAYLIGHT,,,,,,,A,NO PEDESTRIANS INVOLVED,,A,22107,,1,15TH AV,1,,,A,,,INTERNATIONAL BL,,,A,7/31/2024 5:20:34 PM,1/31/2025 4:18:47 PM,,,2,,,,,,,
3089443,19-007359,2,False,0109,2/11/2019 2:22:00 PM,1422,12X,14,109,Oakland,1,True,True,D,BROADSIDE,,Monday,,,,,False,False,True,,C,OTHER MOTOR VEHICLE,,0,0,A,DAYLIGHT,,,,,,,A,NO PEDESTRIANS INVOLVED,,A,21453A,,1,40TH ST,1,,,A,,,SHAFTER AV,,,A,7/31/2024 5:20:34 PM,1/31/2025 4:18:47 PM,,,2,,,,,,,
3089439,19-007229,2,False,0109,2/10/2019 10:00:00 PM,2200,29X,14,109,Oakland,1,True,True,D,BROADSIDE,,Sunday,,,,,False,False,False,,E,PARKED MOTOR VEHICLE,,0,0,C,DARK-STREET LIGHTS,,,,,,,A,NO PEDESTRIANS INVOLVED,,A,22107,,1,MACARTHUR BL,2,,,A,W,50.0,68TH AV,F,,D,7/31/2024 5:20:33 PM,1/31/2025 4:18:47 PM,,,2,,,,,,,
3089434,19-007140,2,False,0109,2/10/2019 10:18:00 AM,1018,26Y,14,109,Oakland,1,True,True,B,SIDE SWIPE,,Sunday,,,,,False,False,False,,C,OTHER MOTOR VEHICLE,,0,0,A,DAYLIGHT,,,,,,,A,NO PEDESTRIANS INVOLVED,,A,22107,,1,SAN LEANDRO ST,2,,,A,W,30.0,66TH AV,F,,A,7/31/2024 5:20:32 PM,1/31/2025 4:18:47 PM,,,2,,,,,,,
3089430,19-006217,2,False,0109,2/5/2019 5:54:00 AM,554,31Z,14,109,Oakland,1,True,True,B,SIDE SWIPE,,Tuesday,,,,,False,False,True,,E,PARKED MOTOR VEHICLE,,0,0,B,DUSK-DAWN,,,,,,,A,NO PEDESTRIANS INVOLVED,,A,21650,,1,EL PASEO DR,2,,,B,N,50.0,ESTEPA DR,F,,D,7/31/2024 5:20:31 PM,1/31/2025 4:18:47 PM,,,2,,,,,,,
3089427,19-009591,2,False,0109,2/24/2019 2:17:00 AM,217,04X,14,109,Oakland,1,True,True,C,REAR END,,Sunday,,,,,False,False,False,,C,OTHER MOTOR VEHICLE,,0,0,C,DARK-STREET LIGHTS,,,,,,,A,NO PEDESTRIANS INVOLVED,,A,23152A,,1,TELEGRAPH AV,1,,,A,S,80.0,18TH ST,F,,D,7/31/2024 5:20:31 PM,1/31/2025 4:18:46 PM,,,2,,,,,,,
3089424,19-007640,2,False,0109,2/13/2019 8:27:00 AM,827,19X,14,109,Oakland,1,True,True,C,REAR END,,Wednesday,,,,,False,True,False,,C,OTHER MOTOR VEHICLE,,0,0,A,DAYLIGHT,,,,,,,A,NO PEDESTRIANS INVOLVED,,A,21802A,,1,EMBARCADERO,1,,,B,,,RT 880,,,A,7/31/2024 5:20:30 PM,1/31/2025 4:18:46 PM,,,2,,,,,,,
3089419,19-006754,2,False,0109,2/7/2019 9:02:00 PM,2102,30X,14,109,Oakland,1,True,True,B,SIDE SWIPE,,Thursday,,,M,,False,False,False,,E,PARKED MOTOR VEHICLE,,0,0,C,DARK-STREET LIGHTS,,,,,,,A,NO PEDESTRIANS INVOLVED,,A,22107,,1,68TH AV,2,,,A,S,200.0,FLORA ST,F,,A,7/31/2024 5:20:29 PM,1/31/2025 4:18:46 PM,,,2,,,,,,,
3089415,19-005723,2,False,0109,2/2/2019 5:48:00 AM,548,27X,14,109,Oakland,1,True,True,A,HEAD-ON,,Saturday,,,,,False,False,False,,I,FIXED OBJECT,,0,0,C,DARK-STREET LIGHTS,,,,,,,A,NO PEDESTRIANS INVOLVED,,A,22107,,1,INTERNATIONAL BL,2,,,B,,,66TH AV,,,A,7/31/2024 5:20:28 PM,1/31/2025 4:18:46 PM,,,2,,,,,,,
3089402,19-007797,2,False,0109,2/14/2019 5:45:00 AM,545,13Z,14,109,Oakland,1,True,True,G,VEHICLE/PEDESTRAIN,,Thursday,,,,,False,False,False,,B,PEDESTRIAN,,1,0,C,DARK-STREET LIGHTS,,,,,,,B,CROSSING IN CROSS WALK AT INTERSECTION,,A,21950A,,1,LA SALLE AV,1,,,B,,,MORGAN AV,,,A,7/31/2024 5:20:26 PM,1/31/2025 4:18:45 PM,,,2,,,,,,,
3089399,19-007497,2,False,0109,2/12/2019 10:15:00 AM,1015,08X,14,109,Oakland,1,True,True,H,OTHER,,Tuesday,,,,,False,False,False,,G,BICYCLE,,1,0,A,DAYLIGHT,,,,,,,A,NO PEDESTRIANS INVOLVED,,A,21804A,,1,SHAFTER AV,1,,,A,N,40.0,38TH ST,F,,D,7/31/2024 5:20:26 PM,1/31/2025 4:18:45 PM,,,2,,,,,,,
3089390,19-006219,2,False,0109,2/5/2019 8:10:00 AM,810,08X,14,109,Oakland,1,True,True,B,SIDE SWIPE,,Tuesday,,,,,False,False,False,,C,OTHER MOTOR VEHICLE,,0,0,A,DAYLIGHT,,,,,,,A,NO PEDESTRIANS INVOLVED,,A,22450A,,1,NORTHGATE AV,1,,,B,,,SYCAMORE ST,,,D,7/31/2024 5:20:24 PM,1/31/2025 4:18:44 PM,,,2,,,,,,,
3089386,19-008000,2,False,0109,2/15/2019 8:31:00 AM,831,35X,14,109,Oakland,1,True,True,D,BROADSIDE,,Friday,,,,,False,False,True,,C,OTHER MOTOR VEHICLE,,0,0,A,DAYLIGHT,,,,,,,A,NO PEDESTRIANS INVOLVED,,A,22106,,1,MACARTHUR BL,2,,,B,W,210.0,88TH AV,F,,D,7/31/2024 5:20:23 PM,1/31/2025 4:18:44 PM,,,2,,,,,,,
3089382,19-005863,2,False,0109,2/3/2019 1:27:00 AM,127,28X,14,109,Oakland,1,True,True,A,HEAD-ON,,Sunday,,,,,False,False,True,,I,FIXED OBJECT,,0,0,C,DARK-STREET LIGHTS,,,,,,,A,NO PEDESTRIANS INVOLVED,,A,22350,,1,MACARTHUR BL,2,,,B,W,80.0,MILLSVIEW AV,F,,A,7/31/2024 5:20:22 PM,1/31/2025 4:18:44 PM,,,2,,,,,,,
3089378,19-005854,2,False,0109,2/2/2019 6:30:00 PM,1830,20X,14,109,Oakland,1,True,True,C,REAR END,,Saturday,,,M,,False,False,False,,C,OTHER MOTOR VEHICLE,,0,0,C,DARK-STREET LIGHTS,,,,,,,A,NO PEDESTRIANS INVOLVED,,A,22350,,1,23RD AV,1,,,B,S,5.0,FORD ST,F,,A,7/31/2024 5:20:22 PM,1/31/2025 4:18:44 PM,,,2,,,,,,,
3089374,19-006194,2,False,0109,2/5/2019 1:32:00 AM,132,20X,14,109,Oakland,1,True,True,C,REAR END,,Tuesday,,,M,,False,False,False,,E,PARKED MOTOR VEHICLE,,0,0,C,DARK-STREET LIGHTS,,,,,,,A,NO PEDESTRIANS INVOLVED,,A,22107,,1,FOOTHILL BL,1,,,B,,,MITCHELL ST,,,D,7/31/2024 5:20:21 PM,1/31/2025 4:18:43 PM,,,2,,,,,,,
3089366,19-008118,2,False,0109,2/15/2019 8:36:00 PM,2036,21X,14,109,Oakland,1,True,True,B,SIDE SWIPE,,Friday,,,M,,False,False,True,,E,PARKED MOTOR VEHICLE,,0,0,C,DARK-STREET LIGHTS,,,,,,,A,NO PEDESTRIANS INVOLVED,,A,22107,,1,LYNDE ST,1,,,B,W,20.0,COOLIDGE AV,F,,A,7/31/2024 5:20:19 PM,1/31/2025 4:18:43 PM,,,2,,,,,,,
3089354,19-009332,2,False,0109,2/22/2019 11:35:00 AM,1135,26X,14,109,Oakland,1,True,True,D,BROADSIDE,,Friday,,,M,,False,False,False,,C,OTHER MOTOR VEHICLE,,0,0,A,DAYLIGHT,,,,,,,A,NO PEDESTRIANS INVOLVED,,A,21453A,,1,SEMINARY,2,,,A,,,INTERNATIONAL BL,,,A,7/31/2024 5:20:17 PM,1/31/2025 4:18:42 PM,,,2,,,,,,,
3089349,19-005703,2,False,0109,2/2/2019 12:22:00 AM,22,18X,14,109,Oakland,1,True,True,B,SIDE SWIPE,,Saturday,,,M,,False,False,False,,E,PARKED MOTOR VEHICLE,,0,0,C,DARK-STREET LIGHTS,,,,,,,A,NO PEDESTRIANS INVOLVED,,A,22107,,1,E 23RD ST,1,,,B,,,23RD AV,,,A,7/31/2024 5:20:16 PM,1/31/2025 4:18:42 PM,,,2,,,,,,,
3089346,19-006001,2,False,0109,2/3/2019 11:02:00 PM,2302,19X,14,109,Oakland,1,True,True,D,BROADSIDE,,Sunday,,,,,False,False,False,,C,OTHER MOTOR VEHICLE,,0,0,C,DARK-STREET LIGHTS,,,,,,,A,NO PEDESTRIANS INVOLVED,,A,21801A,,1,INTERNATIONAL BL,1,,,B,,,22ND AV,,,A,7/31/2024 5:20:16 PM,1/31/2025 4:18:42 PM,,,2,,,,,,,
3089341,19-006711,2,False,0109,2/7/2019 6:01:00 PM,1801,08X,14,109,Oakland,1,True,True,D,BROADSIDE,,Thursday,,,,,False,False,False,,G,BICYCLE,,0,0,B,DUSK-DAWN,,,,,,,A,NO PEDESTRIANS INVOLVED,,A,21202A,,,TELEGRAPH AV,1,,,A,,,27TH ST,,,A,7/31/2024 5:20:15 PM,1/31/2025 4:18:42 PM,,,2,,,,,,,
3089337,19-006593,2,False,0109,2/7/2019 8:14:00 AM,814,30X,14,109,Oakland,1,True,True,B,SIDE SWIPE,,Thursday,,,,,False,False,False,,C,OTHER MOTOR VEHICLE,,0,0,A,DAYLIGHT,,,,,,,A,NO PEDESTRIANS INVOLVED,,A,21755,,1,BANCROFT AV,2,,,A,E,10.0,76TH AV,F,,D,7/31/2024 5:20:14 PM,1/31/2025 4:18:41 PM,,,2,,,,,,,
3089253,19-001653,2,False,0109,1/10/2019 6:41:00 PM,1841,26Y,14,109,Oakland,1,True,True,C,REAR END,,Thursday,,,,,False,False,False,,C,OTHER MOTOR VEHICLE,,0,0,C,DARK-STREET LIGHTS,,,,,,,A,NO PEDESTRIANS INVOLVED,,A,22350,,1,INTERNATIONAL BL,2,,,A,,,76TH AV,,,D,7/31/2024 5:19:55 PM,1/31/2025 4:18:37 PM,,,2,,,,,,,
3089248,19-003985,2,False,0109,1/24/2019 2:55:00 AM,255,31X,14,109,Oakland,1,True,True,A,HEAD-ON,,Thursday,,,,,False,False,True,,I,FIXED OBJECT,,0,0,C,DARK-STREET LIGHTS,,,,,,,A,NO PEDESTRIANS INVOLVED,,A,22107,,1,DENSLOWE AV,2,,,A,,,98TH AV,,,A,7/31/2024 5:19:54 PM,1/31/2025 4:18:36 PM,,,2,,,,,,,
3089245,19-000682,2,False,0109,1/5/2019 12:40:00 AM,40,30X,14,109,Oakland,1,True,True,C,REAR END,,Saturday,,,M,,False,False,True,,E,PARKED MOTOR VEHICLE,,0,0,C,DARK-STREET LIGHTS,,,,,,,A,NO PEDESTRIANS INVOLVED,,A,22107,,1,FOOTHILL BL,2,,,A,W,50.0,CHURCH ST,F,,D,7/31/2024 5:19:53 PM,1/31/2025 4:18:36 PM,,,2,,,,,,,
3089242,19-000720,2,False,0109,1/5/2019 8:33:00 PM,2033,24X,14,109,Oakland,1,True,True,A,HEAD-ON,,Saturday,,,M,,False,False,False,,E,PARKED MOTOR VEHICLE,,0,0,A,DAYLIGHT,,,,,,,A,NO PEDESTRIANS INVOLVED,,A,22107,,1,CROSBY AV,2,,,A,N,100.0,FOOTHILL BL,F,,D,7/31/2024 5:19:52 PM,1/31/2025 4:18:36 PM,,,2,,,,,,,
3089240,19-004384,2,False,0109,1/25/2019 11:19:00 PM,2319,15X,14,109,Oakland,1,True,True,G,VEHICLE/PEDESTRAIN,,Friday,,,,,False,False,False,,B,PEDESTRIAN,,1,0,C,DARK-STREET LIGHTS,,,,,,,B,CROSSING IN CROSS WALK AT INTERSECTION,,A,21950A,,1,E 19TH ST,1,,,A,,,PARK BL,,,D,7/31/2024 5:19:52 PM,1/31/2025 4:18:36 PM,,,2,,,,,,,
3089237,19-003276,2,False,0109,1/20/2019 12:45:00 AM,45,07X,14,109,Oakland,1,True,True,D,BROADSIDE,,Sunday,,,M,,False,False,False,,C,OTHER MOTOR VEHICLE,,0,0,C,DARK-STREET LIGHTS,,,,,,,A,NO PEDESTRIANS INVOLVED,,A,21453A,,1,ADELINE ST,1,,,A,,,GRAND AV,,,A,7/31/2024 5:19:52 PM,1/31/2025 4:18:36 PM,,,2,,,,,,,
3089236,19-003240,2,False,0109,1/19/2019 8:41:00 PM,2041,16Y,14,109,Oakland,1,True,True,A,HEAD-ON,,Saturday,,,,,False,False,False,,C,OTHER MOTOR VEHICLE,,1,0,C,DARK-STREET LIGHTS,,,,,,,A,NO PEDESTRIANS INVOLVED,,A,21802A,,1,MACARTHUR BL,1,,,A,,,MONTANA ST,,,D,7/31/2024 5:19:51 PM,1/31/2025 4:18:36 PM,,,2,,,,,,,
3089234,19-005104,2,False,0109,1/29/2019 10:13:00 PM,2213,21X,14,109,Oakland,1,True,True,B,SIDE SWIPE,,Tuesday,,,M,,False,False,False,,E,PARKED MOTOR VEHICLE,,0,0,C,DARK-STREET LIGHTS,,,,,,,A,NO PEDESTRIANS INVOLVED,,A,22107,,1,BONA ST,1,,,A,W,130.0,ATWELL AV,F,,D,7/31/2024 5:19:51 PM,1/31/2025 4:18:36 PM,,,2,,,,,,,
3089227,19-003280,2,False,0109,1/20/2019 2:02:00 AM,202,03X,14,109,Oakland,1,True,True,C,REAR END,,Sunday,,,,,False,False,False,,C,OTHER MOTOR VEHICLE,,0,0,C,DARK-STREET LIGHTS,,,,,,,A,NO PEDESTRIANS INVOLVED,,A,23152A,,1,BROADWAY,1,,,A,N,60.0,12TH ST,F,,A,7/31/2024 5:19:50 PM,1/31/2025 4:18:35 PM,,,2,,,,,,,
3089222,19-002608,2,False,0109,1/16/2019 3:21:00 AM,321,15X,14,109,Oakland,1,True,True,E,HIT OBJECT,,Wednesday,,,,,False,False,False,,I,FIXED OBJECT,,0,0,C,DARK-STREET LIGHTS,,,,,,,A,NO PEDESTRIANS INVOLVED,,A,23152A,,1,LAKESHORE AV,1,,,B,S,450.0,WAYNE AV,F,,D,7/31/2024 5:19:49 PM,1/31/2025 4:18:35 PM,,,2,,,,,,,
3089219,19-004409,2,False,0109,1/26/2019 7:30:00 AM,730,19X,14,109,Oakland,1,True,True,A,HEAD-ON,,Saturday,,,M,,False,False,False,,E,PARKED MOTOR VEHICLE,,0,0,A,DAYLIGHT,,,,,,,A,NO PEDESTRIANS INVOLVED,,A,22107,,1,20TH AV,1,,,A,S,20.0,INTERNATIONAL BL,F,,D,7/31/2024 5:19:48 PM,1/31/2025 4:18:35 PM,,,2,,,,,,,
3089214,19-001316,2,False,0109,1/8/2019 10:35:00 PM,2235,27X,14,109,Oakland,1,True,True,A,HEAD-ON,,Tuesday,,,M,,False,False,False,,E,PARKED MOTOR VEHICLE,,0,0,C,DARK-STREET LIGHTS,,,,,,,A,NO PEDESTRIANS INVOLVED,,A,23152A,,1,HARMON AV,2,,,B,,,SEMINARY AV,,,D,7/31/2024 5:19:47 PM,1/31/2025 4:18:35 PM,,,2,,,,,,,
3089213,19-001871,2,False,0109,1/11/2019 11:53:00 PM,2353,04X,14,109,Oakland,1,True,True,D,BROADSIDE,,Friday,,,M,,False,False,False,,C,OTHER MOTOR VEHICLE,,0,0,C,DARK-STREET LIGHTS,,,,,,,A,NO PEDESTRIANS INVOLVED,,A,21453A,,1,CASTRO ST,1,,,B,,,17TH ST,,,A,7/31/2024 5:19:47 PM,1/31/2025 4:18:35 PM,,,2,,,,,,,