collision-id,report-number,report-version,is-preliminary,ncic-code,crash-date-time,crash-time-description,beat,city-id,city-code,city-name,county-code,city-is-active,city-is-incorporated,collision-type-code,collision-type-description,collision-type-other-desc,day-of-week,dispatch-notified,has-photographs,hit-run,is-attachments-mailed,is-deleted,is-highway-related,is-tow-away,judicial-district,motor-vehicle-involved-with-code,motor-vehicle-involved-with-desc,motor-vehicle-involved-with-other-desc,number-injured,number-killed,lighting-code,lighting-description,latitude,longitude,milepost-direction,milepost-distance,milepost-marker,milepost-unit-of-measure,pedestrian-action-code,pedestrian-action-desc,prepared-date,primary-collision-factor-code,primary-collision-factor-description,primary-collision-factor-is-cited,primary-collision-party-number,primary-road,reporting-district,reporting-district-code,reviewed-date,roadway-surface-code,secondary-direction,secondary-distance,secondary-road,secondary-unit-of-measure,sketch-desc,traffic-control-device-code,created-date,modified-date,is-county-road,is-freeway,chp-555-version,is-additonal-object-struck,notification-date,notification-time-description,has-digital-media-files,evidence-number,is-location-refer-to-narrative,is-aoi-one-same-as-location
3080856,19-005961,2,False,0109,2/3/2019 4:50:00 PM,1650,16X,14,109,Oakland,1,True,True,B,SIDE SWIPE,,Sunday,,,M,,False,False,False,,E,PARKED MOTOR VEHICLE,,0,0,A,DAYLIGHT,,,,,,,A,NO PEDESTRIANS INVOLVED,,A,22107,,1,PALOMA AV,1,,,A,N,15.0,MANDANA AV,F,,D,7/31/2024 4:53:06 PM,1/31/2025 4:10:32 PM,,,2,,,,,,,
3080814,19-007953,2,False,0109,2/14/2019 10:21:00 PM,2221,32X,14,109,Oakland,1,True,True,B,SIDE SWIPE,,Thursday,,,,,False,False,True,,E,PARKED MOTOR VEHICLE,,0,0,C,DARK-STREET LIGHTS,,,,,,,A,NO PEDESTRIANS INVOLVED,,A,23152A,,1,103RD AV,2,,,B,S,56.0,INTERNATIONAL BL,F,,A,7/31/2024 4:52:59 PM,1/31/2025 4:10:29 PM,,,2,,,,,,,
3080811,19-007269,2,False,0109,2/11/2019 7:53:00 AM,753,25Y,14,109,Oakland,1,True,True,H,OTHER,,Monday,,,M,,False,False,False,,E,PARKED MOTOR VEHICLE,,0,0,A,DAYLIGHT,,,,,,,A,NO PEDESTRIANS INVOLVED,,A,22106,,1,39TH AV,2,,,A,S,150.0,BAYO ST,F,,D,7/31/2024 4:52:58 PM,1/31/2025 4:10:29 PM,,,2,,,,,,,
3080809,19-008657,2,False,0109,2/19/2019 7:26:00 AM,726,34X,14,109,Oakland,1,True,True,C,REAR END,,Tuesday,,,M,,False,False,True,,E,PARKED MOTOR VEHICLE,,0,0,C,DARK-STREET LIGHTS,,,,,,,A,NO PEDESTRIANS INVOLVED,,A,22107,,1,PLYMOUTH ST,2,,,A,W,60.0,87TH AV,F,,D,7/31/2024 4:52:57 PM,1/31/2025 4:10:29 PM,,,2,,,,,,,
3080597,19-004745,2,False,0109,1/27/2019 6:00:00 AM,600,30X,14,109,Oakland,1,True,True,G,VEHICLE/PEDESTRAIN,,Sunday,,,M,,False,False,False,,B,PEDESTRIAN,,1,0,C,DARK-STREET LIGHTS,,,,,,,B,CROSSING IN CROSS WALK AT INTERSECTION,,A,21950A,,1,INTERNATIONAL BL,2,,,A,,,82ND AV,,,A,7/31/2024 4:52:20 PM,1/31/2025 4:10:16 PM,,,2,,,,,,,
3080593,19-004768,2,False,0109,1/28/2019 9:42:00 AM,942,34X,14,109,Oakland,1,True,True,C,REAR END,,Monday,,,,,False,False,True,,C,OTHER MOTOR VEHICLE,,2,0,A,DAYLIGHT,,,,,,,A,NO PEDESTRIANS INVOLVED,,A,22350,,1,90TH AV,2,,,A,S,10.0,PLYMOUTH ST,F,,A,7/31/2024 4:52:20 PM,1/31/2025 4:10:16 PM,,,2,,,,,,,
3080590,19-004370,2,False,0109,1/25/2019 9:14:00 PM,2114,26Y,14,109,Oakland,1,True,True,A,HEAD-ON,,Friday,,,,,False,False,False,,,,,2,0,C,DARK-STREET LIGHTS,,,,,,,A,NO PEDESTRIANS INVOLVED,,A,22350,,1,77TH AV,2,,,A,N,50.0,HAMILTON ST,F,,D,7/31/2024 4:52:19 PM,1/31/2025 4:10:16 PM,,,2,,,,,,,
3080588,19-003460,2,False,0109,1/21/2019 9:18:00 AM,918,26X,14,109,Oakland,1,True,True,A,HEAD-ON,,Monday,,,,,False,False,False,,B,PEDESTRIAN,,1,0,A,DAYLIGHT,,,,,,,F,NOT IN ROAD,,A,21804A,,1,HIGH ST,2,,,A,N,10.0,COLISEUM WY,F,,D,7/31/2024 4:52:19 PM,1/31/2025 4:10:15 PM,,,2,,,,,,,
3080586,19-004389,2,False,0109,1/25/2019 11:30:00 PM,2330,33X,14,109,Oakland,1,True,True,B,SIDE SWIPE,,Friday,,,M,,False,False,False,,E,PARKED MOTOR VEHICLE,,0,0,C,DARK-STREET LIGHTS,,,,,,,A,NO PEDESTRIANS INVOLVED,,A,22107,,1,88TH AV,2,,,A,N,150.0,E ST,F,,D,7/31/2024 4:52:18 PM,1/31/2025 4:10:15 PM,,,2,,,,,,,
3080584,19-002504,2,False,0109,1/15/2019 1:43:00 PM,1343,08X,14,109,Oakland,1,True,True,D,BROADSIDE,,Tuesday,,,,,False,False,False,,C,OTHER MOTOR VEHICLE,,1,0,A,DAYLIGHT,,,,,,,A,NO PEDESTRIANS INVOLVED,,A,21801A,,1,NORTHGATE AV,1,,,B,,,SYCAMORE ST,,,D,7/31/2024 4:52:18 PM,1/31/2025 4:10:15 PM,,,2,,,,,,,
3080583,19-003418,2,False,0109,1/21/2019 11:45:00 PM,2345,20X,14,109,Oakland,1,True,True,H,OTHER,,Monday,,,M,,False,False,True,,E,PARKED MOTOR VEHICLE,,0,0,C,DARK-STREET LIGHTS,,,,,,,A,NO PEDESTRIANS INVOLVED,,A,22107,,1,25TH AV,1,,,B,N,150.0,INTERNATIONAL BL,F,,D,7/31/2024 4:52:18 PM,1/31/2025 4:10:15 PM,,,2,,,,,,,
3080581,19-002748,2,False,0109,1/16/2019 7:49:00 PM,1949,04X,14,109,Oakland,1,True,True,G,VEHICLE/PEDESTRAIN,,Wednesday,,,,,False,False,False,,B,PEDESTRIAN,,1,0,C,DARK-STREET LIGHTS,,,,,,,B,CROSSING IN CROSS WALK AT INTERSECTION,,A,21950A,,1,BROADWAY,1,,,B,,,GRAND AV,,,A,7/31/2024 4:52:17 PM,1/31/2025 4:10:15 PM,,,2,,,,,,,
3080580,19-001474,2,False,0109,1/9/2019 8:00:00 PM,2000,22X,14,109,Oakland,1,True,True,C,REAR END,,Wednesday,,,M,,False,False,False,,C,OTHER MOTOR VEHICLE,,0,0,C,DARK-STREET LIGHTS,,,,,,,A,NO PEDESTRIANS INVOLVED,,A,22350,,1,MONTEREY BL,1,,,B,W,100.0,LINCOLN AV,F,,D,7/31/2024 4:52:17 PM,1/31/2025 4:10:15 PM,,,2,,,,,,,
3080578,19-004419,2,False,0109,1/26/2019 2:43:00 AM,243,27Y,14,109,Oakland,1,True,True,C,REAR END,,Saturday,,,M,,False,False,False,,E,PARKED MOTOR VEHICLE,,0,0,A,DAYLIGHT,,,,,,,A,NO PEDESTRIANS INVOLVED,,A,22106,,1,FORTUNE WY,2,,,A,E,50.0,BANCROFT AV,F,,D,7/31/2024 4:52:17 PM,1/31/2025 4:10:15 PM,,,2,,,,,,,
3080575,19-004567,2,False,0109,1/27/2019 1:08:00 AM,108,03X,14,109,Oakland,1,True,True,B,SIDE SWIPE,,Sunday,,,M,,False,False,False,,C,OTHER MOTOR VEHICLE,,0,0,C,DARK-STREET LIGHTS,,,,,,,A,NO PEDESTRIANS INVOLVED,,A,21453A,,1,12TH ST,1,,,A,,,HARRISON ST,,,A,7/31/2024 4:52:17 PM,1/31/2025 4:10:15 PM,,,2,,,,,,,
3080572,19-004467,2,False,0109,1/26/2019 12:06:00 PM,1206,02X,14,109,Oakland,1,True,True,D,BROADSIDE,,Saturday,,,,,False,False,False,,C,OTHER MOTOR VEHICLE,,0,0,A,DAYLIGHT,,,,,,,A,NO PEDESTRIANS INVOLVED,,A,21453A,,,14TH ST,1,,,A,,,MANDELA PKWY,,,A,7/31/2024 4:52:16 PM,1/31/2025 4:10:14 PM,,,2,,,,,,,
3080570,19-001826,2,False,0109,1/11/2019 5:00:00 PM,1700,22X,14,109,Oakland,1,True,True,C,REAR END,,Friday,,,,,False,False,False,,E,PARKED MOTOR VEHICLE,,0,0,A,DAYLIGHT,,,,,,,A,NO PEDESTRIANS INVOLVED,,C,,,,HOOVER AV,1,,,B,E,300.0,EDGE ST,F,,D,7/31/2024 4:52:15 PM,1/31/2025 4:10:14 PM,,,2,,,,,,,
3080567,19-003260,2,False,0109,1/20/2019 9:53:00 PM,2153,33X,14,109,Oakland,1,True,True,B,SIDE SWIPE,,Sunday,,,,,False,False,False,,C,OTHER MOTOR VEHICLE,,0,0,C,DARK-STREET LIGHTS,,,,,,,A,NO PEDESTRIANS INVOLVED,,A,22107,,1,86TH AV,2,,,B,N,50.0,D ST,F,,D,7/31/2024 4:52:15 PM,1/31/2025 4:10:14 PM,,,2,,,,,,,
3100499,19-005091,2,False,0109,1/29/2019 8:35:00 PM,2035,32X,14,109,Oakland,1,True,True,C,REAR END,,Tuesday,,,,,False,False,True,,E,PARKED MOTOR VEHICLE,,0,0,A,DAYLIGHT,,,,,,,A,NO PEDESTRIANS INVOLVED,,A,22107,,1,100TH AV,2,,,A,S,10.0,MACARTHUR BL,F,,A,8/1/2024 9:03:40 AM,1/31/2025 4:29:08 PM,,,2,,,,,,,
3100495,19-001167,2,False,0109,1/8/2019 7:35:00 AM,735,04X,14,109,Oakland,1,True,True,D,BROADSIDE,,Tuesday,,,,,False,False,False,,B,PEDESTRIAN,,0,0,A,DAYLIGHT,,,,,,,E,IN ROAD - INCLUDES SHOULDER,,A,22350,,1,HARRISON ST,1,,,A,N,200.0,15TH ST,F,,A,8/1/2024 9:03:40 AM,1/31/2025 4:29:07 PM,,,2,,,,,,,
3099815,19-002067,2,False,0109,1/13/2019 10:41:00 PM,2241,27Y,14,109,Oakland,1,True,True,D,BROADSIDE,,Sunday,,,M,,False,False,False,,C,OTHER MOTOR VEHICLE,,0,0,C,DARK-STREET LIGHTS,,,,,,,A,NO PEDESTRIANS INVOLVED,,A,22450A,,1,54TH AV,2,,,A,,,HOLLAND ST,,,D,8/1/2024 9:02:54 AM,1/31/2025 4:28:27 PM,,,2,,,,,,,
3099812,19-002197,2,False,0109,1/14/2019 3:00:00 AM,300,28X,14,109,Oakland,1,True,True,D,BROADSIDE,,Monday,,,M,,False,False,False,,E,PARKED MOTOR VEHICLE,,0,0,C,DARK-STREET LIGHTS,,,,,,,A,NO PEDESTRIANS INVOLVED,,A,22106,,1,MONTICELLO AV,2,,,A,,,WALNUT ST,,,D,8/1/2024 9:02:54 AM,1/31/2025 4:28:27 PM,,,2,,,,,,,
3099531,19-009449,2,False,0109,2/23/2019 2:11:00 AM,211,20X,14,109,Oakland,1,True,True,C,REAR END,,Saturday,,,M,,False,False,False,,E,PARKED MOTOR VEHICLE,,0,0,C,DARK-STREET LIGHTS,,,,,,,A,NO PEDESTRIANS INVOLVED,,A,22107,,1,KENNEDY ST,1,,,A,E,50.0,23RD AV,F,,A,8/1/2024 9:02:36 AM,1/31/2025 4:28:10 PM,,,2,,,,,,,
3099519,19-010458,2,False,0109,2/28/2019 10:18:00 PM,2218,27Y,14,109,Oakland,1,True,True,H,OTHER,,Thursday,,,M,,False,False,True,,C,OTHER MOTOR VEHICLE,,0,0,C,DARK-STREET LIGHTS,,,,,,,A,NO PEDESTRIANS INVOLVED,,A,21651A,,1,SEMINARY AV,2,,,A,N,20.0,HOLWAY ST,F,,D,8/1/2024 9:02:35 AM,1/31/2025 4:28:09 PM,,,2,,,,,,,
3098624,19-010547,2,False,0109,3/1/2019 3:00:00 PM,1500,04X,14,109,Oakland,1,True,True,C,REAR END,,Friday,,,M,,False,True,False,,C,OTHER MOTOR VEHICLE,,3,0,A,DAYLIGHT,,,,,,,A,NO PEDESTRIANS INVOLVED,,A,22350,,1,CASTRO ST,1,,,A,,,17TH ST,,,A,8/1/2024 9:01:33 AM,1/31/2025 4:27:17 PM,,,2,,,,,,,
3098041,19-001710,2,False,0109,1/11/2019 2:56:00 AM,256,23X,14,109,Oakland,1,True,True,C,REAR END,,Friday,,,,,False,False,False,,E,PARKED MOTOR VEHICLE,,0,0,C,DARK-STREET LIGHTS,,,,,,,A,NO PEDESTRIANS INVOLVED,,A,22350,,1,E 9TH ST,2,,,A,E,110.0,36TH AV,F,,D,8/1/2024 9:00:52 AM,1/31/2025 4:26:43 PM,,,2,,,,,,,
3096811,19-001345,2,False,0109,1/9/2019 6:35:00 AM,635,04X,14,109,Oakland,1,True,True,D,BROADSIDE,,Wednesday,,,,,False,False,False,,C,OTHER MOTOR VEHICLE,,1,0,B,DUSK-DAWN,,,,,,,A,NO PEDESTRIANS INVOLVED,,A,21453A,,1,MARTIN LUTHER KING JR WY,1,,,B,,,GRAND AV,,,A,7/31/2024 5:45:31 PM,1/31/2025 4:25:56 PM,,,2,,,,,,,
3096782,19-002346,2,False,0109,1/14/2019 7:14:00 PM,1914,07X,14,109,Oakland,1,True,True,C,REAR END,,Monday,,,,,False,False,False,,C,OTHER MOTOR VEHICLE,,1,0,C,DARK-STREET LIGHTS,,,,,,,A,NO PEDESTRIANS INVOLVED,,A,23152A,,1,W GRAND AV,1,,,B,E,20.0,POPLAR ST,F,,A,7/31/2024 5:45:24 PM,1/31/2025 4:25:55 PM,,,2,,,,,,,
3095968,19-003238,2,False,0109,1/19/2019 8:24:00 PM,2024,19X,14,109,Oakland,1,True,True,E,HIT OBJECT,,Saturday,,,,,False,False,False,,I,FIXED OBJECT,,0,0,C,DARK-STREET LIGHTS,,,,,,,A,NO PEDESTRIANS INVOLVED,,A,22100B,,1,EMBARCADERO,1,,,A,W,0.4,16TH AV,M,,A,7/31/2024 5:42:30 PM,1/31/2025 4:25:07 PM,,,2,,,,,,,
3095965,19-004321,2,False,0109,1/25/2019 2:40:00 PM,1440,25X,14,109,Oakland,1,True,True,H,OTHER,,Friday,,,,,False,False,False,,C,OTHER MOTOR VEHICLE,,0,0,A,DAYLIGHT,,,,,,,A,NO PEDESTRIANS INVOLVED,,A,22517,,1,MACARTHUR BL,2,,,A,W,35.0,LOMA VISTA AV,F,,D,7/31/2024 5:42:30 PM,1/31/2025 4:25:07 PM,,,2,,,,,,,
3095962,19-014328,2,False,0109,3/23/2019 8:49:00 PM,2049,26X,14,109,Oakland,1,True,True,A,HEAD-ON,,Saturday,,,,,False,False,False,,C,OTHER MOTOR VEHICLE,,0,0,C,DARK-STREET LIGHTS,,,,,,,A,NO PEDESTRIANS INVOLVED,,A,23152A,,1,SAN LEANDRO ST,2,,,A,,,47TH AV,,,D,7/31/2024 5:42:29 PM,1/31/2025 4:25:07 PM,,,2,,,,,,,
3095960,19-013920,2,False,0109,3/20/2019 7:02:00 AM,702,31Y,14,109,Oakland,1,True,True,B,SIDE SWIPE,,Wednesday,,,,,False,False,False,,C,OTHER MOTOR VEHICLE,,1,0,A,DAYLIGHT,,,,,,,A,NO PEDESTRIANS INVOLVED,,A,22350,,1,RON COWAN PKWY OFF RAMP,2,,,B,S,0.35,BESSIE COLEMAN DR,M,,D,7/31/2024 5:42:29 PM,1/31/2025 4:25:07 PM,,,2,,,,,,,
3095889,19-002933,2,False,0109,1/17/2019 7:50:00 PM,1950,X,14,109,Oakland,1,True,True,B,SIDE SWIPE,,Thursday,,,,,False,False,False,,C,OTHER MOTOR VEHICLE,,0,0,C,DARK-STREET LIGHTS,,,,,,,A,NO PEDESTRIANS INVOLVED,,B,,,1,FOOTHILL BL,2,,,A,,,MIRAMAR AV,,,A,7/31/2024 5:42:15 PM,1/31/2025 4:25:02 PM,,,2,,,,,,,
3095884,19-001546,2,False,0109,1/10/2019 8:32:00 AM,832,32Y,14,109,Oakland,1,True,True,B,SIDE SWIPE,,Thursday,,,,,False,False,False,,E,PARKED MOTOR VEHICLE,,0,0,A,DAYLIGHT,,,,,,,A,NO PEDESTRIANS INVOLVED,,A,22107,,1,MYERS ST,2,,,A,W,10.0,109TH AV,F,,A,7/31/2024 5:42:13 PM,1/31/2025 4:25:02 PM,,,2,,,,,,,
3095880,19-008462,2,False,0109,2/18/2019 1:17:00 AM,117,03X,14,109,Oakland,1,True,True,B,SIDE SWIPE,,Monday,,,,,False,False,False,,C,OTHER MOTOR VEHICLE,,0,0,C,DARK-STREET LIGHTS,,,,,,,A,NO PEDESTRIANS INVOLVED,,A,21453A,,1,JACKSON ST,1,,,A,,,6TH ST,,,A,7/31/2024 5:42:13 PM,1/31/2025 4:25:02 PM,,,2,,,,,,,
3095877,19-007626,2,False,0109,2/13/2019 6:38:00 AM,638,03X,14,109,Oakland,1,True,True,C,REAR END,,Wednesday,,,,,False,False,False,,C,OTHER MOTOR VEHICLE,,0,0,B,DUSK-DAWN,,,,,,,A,NO PEDESTRIANS INVOLVED,,B,,,1,7TH ST,1,,,B,,,CASTRO ST,,,A,7/31/2024 5:42:12 PM,1/31/2025 4:25:02 PM,,,2,,,,,,,
3095844,19-005845,2,False,0109,2/2/2019 10:54:00 PM,2254,19X,14,109,Oakland,1,True,True,C,REAR END,,Saturday,,,,,False,False,False,,E,PARKED MOTOR VEHICLE,,0,0,C,DARK-STREET LIGHTS,,,,,,,A,NO PEDESTRIANS INVOLVED,,A,22350,,1,15TH ST,1,,,B,W,138.0,19TH AV,F,,D,7/31/2024 5:42:05 PM,1/31/2025 4:25:00 PM,,,2,,,,,,,
3095747,19-003845,2,False,0109,1/23/2019 1:00:00 PM,1300,03Y,14,109,Oakland,1,True,True,B,SIDE SWIPE,,Wednesday,,,,,False,False,True,,E,PARKED MOTOR VEHICLE,,0,0,A,DAYLIGHT,,,,,,,A,NO PEDESTRIANS INVOLVED,,B,,,1,14TH ST,1,,,A,,,BROADWAY,,,D,7/31/2024 5:41:46 PM,1/31/2025 4:24:54 PM,,,2,,,,,,,
3095746,19-005331,2,False,0109,1/31/2019 8:32:00 PM,2032,06X,14,109,Oakland,1,True,True,B,SIDE SWIPE,,Thursday,,,M,,False,False,False,,E,PARKED MOTOR VEHICLE,,0,0,C,DARK-STREET LIGHTS,,,,,,,A,NO PEDESTRIANS INVOLVED,,A,22107,,1,24TH ST,1,,,B,,,NORTHGATE AV,,,A,7/31/2024 5:41:45 PM,1/31/2025 4:24:54 PM,,,2,,,,,,,
3095585,19-017294,2,False,0109,4/8/2019 6:49:00 AM,649,03X,14,109,Oakland,1,True,True,D,BROADSIDE,,Monday,,,,,False,False,True,,C,OTHER MOTOR VEHICLE,,1,0,A,DAYLIGHT,,,,,,,A,NO PEDESTRIANS INVOLVED,,A,21453A,,1,14TH,1,,,A,,,WEBSTER,,,A,7/31/2024 5:41:12 PM,1/31/2025 4:24:45 PM,,,2,,,,,,,
3095518,19-0157 46,2,False,0109,3/30/2019 11:36:00 AM,1136,3AY,14,109,Oakland,1,True,True,D,BROADSIDE,,Saturday,,,M,,False,False,True,,C,OTHER MOTOR VEHICLE,,0,0,A,DAYLIGHT,,,,,,,A,NO PEDESTRIANS INVOLVED,,A,22450A,,1,STONEFORD AV,2,,,A,,,MADDUX DR,,,A,7/31/2024 5:40:57 PM,1/31/2025 4:24:40 PM,,,2,,,,,,,
3095488,19-009318,2,False,0109,2/22/2019 10:56:00 AM,1056,23X,14,109,Oakland,1,True,True,D,BROADSIDE,,Friday,,,,,False,False,False,,C,OTHER MOTOR VEHICLE,,0,0,A,DAYLIGHT,,,,,,,A,NO PEDESTRIANS INVOLVED,,A,21801A,,1,40TH AV,2,,,A,,,SAN LEANDRO ST,,,A,7/31/2024 5:40:51 PM,1/31/2025 4:24:39 PM,,,2,,,,,,,
3094656,19-003084,2,False,0109,1/18/2019 7:07:00 PM,1907,32X,14,109,Oakland,1,True,True,C,REAR END,,Friday,,,M,,False,False,False,,C,OTHER MOTOR VEHICLE,,0,0,C,DARK-STREET LIGHTS,,,,,,,A,NO PEDESTRIANS INVOLVED,,A,22350,,1,105TH AV,2,,,A,,,ROYAL ANN COM,,,D,7/31/2024 5:38:00 PM,1/31/2025 4:23:49 PM,,,2,,,,,,,
3094652,19-002919,2,False,0109,1/17/2019 5:28:00 PM,1728,31X,14,109,Oakland,1,True,True,D,BROADSIDE,,Thursday,,,M,,False,False,False,,C,OTHER MOTOR VEHICLE,,0,0,C,DARK-STREET LIGHTS,,,,,,,A,NO PEDESTRIANS INVOLVED,,A,22100A,,1,98TH AV,2,,,B,,,DENSLOWE ST,,,A,7/31/2024 5:37:59 PM,1/31/2025 4:23:49 PM,,,2,,,,,,,
3094524,19-009495,2,False,0109,2/23/2019 12:30:00 PM,1230,26X,14,109,Oakland,1,True,True,G,VEHICLE/PEDESTRAIN,,Saturday,,,,,False,False,False,,G,BICYCLE,,1,0,A,DAYLIGHT,,,,,,,D,CROSSING - NOT IN CROSSWALK,,A,21804A,,1,70TH AV,2,,,A,S,500.0,HAWLEY ST,F,,D,7/31/2024 5:37:32 PM,1/31/2025 4:23:42 PM,,,2,,,,,,,
3094521,19-009458,2,False,0109,2/23/2019 4:22:00 AM,422,25X,14,109,Oakland,1,True,True,B,SIDE SWIPE,,Saturday,,,,,False,False,False,,E,PARKED MOTOR VEHICLE,,1,0,C,DARK-STREET LIGHTS,,,,,,,A,NO PEDESTRIANS INVOLVED,,A,22107,,1,ENOS AV,2,,,A,,,STEELE ST,,,D,7/31/2024 5:37:31 PM,1/31/2025 4:23:42 PM,,,2,,,,,,,
3094485,19-007786,2,False,0109,2/13/2019 10:00:00 PM,2200,23X,14,109,Oakland,1,True,True,B,SIDE SWIPE,,Wednesday,,,M,,False,False,False,,E,PARKED MOTOR VEHICLE,,0,0,C,DARK-STREET LIGHTS,,,,,,,A,NO PEDESTRIANS INVOLVED,,A,22107,,1,SAN LEANDRO ST,2,,,B,E,50.0,35TH AV,F,,D,7/31/2024 5:37:22 PM,1/31/2025 4:23:40 PM,,,2,,,,,,,
3094481,19-007447,2,False,0109,2/12/2019 12:36:00 AM,36,20X,14,109,Oakland,1,True,True,C,REAR END,,Tuesday,,,M,,False,False,True,,E,PARKED MOTOR VEHICLE,,0,0,C,DARK-STREET LIGHTS,,,,,,,A,NO PEDESTRIANS INVOLVED,,A,22350,,1,25TH AV,1,,,A,N,100.0,INTERNATIONAL BL,F,,D,7/31/2024 5:37:21 PM,1/31/2025 4:23:39 PM,,,2,,,,,,,
3094477,19-008285,2,False,0109,2/16/2019 9:20:00 PM,2120,29X,14,109,Oakland,1,True,True,C,REAR END,,Saturday,,,M,,False,False,True,,E,PARKED MOTOR VEHICLE,,0,0,C,DARK-STREET LIGHTS,,,,,,,A,NO PEDESTRIANS INVOLVED,,A,22107,,1,68TH AV,2,,,A,N,200.0,FOOTHILL BL,F,,D,7/31/2024 5:37:21 PM,1/31/2025 4:23:39 PM,,,2,,,,,,,
3094473,19-008481,2,False,0109,2/18/2019 6:50:00 AM,650,33X,14,109,Oakland,1,True,True,B,SIDE SWIPE,,Monday,,,M,,False,False,False,,C,OTHER MOTOR VEHICLE,,0,0,B,DUSK-DAWN,,,,,,,A,NO PEDESTRIANS INVOLVED,,A,22107,,1,88TH AV,2,,,A,,,G ST,,,A,7/31/2024 5:37:20 PM,1/31/2025 4:23:39 PM,,,2,,,,,,,
3094469,19-007438,2,False,0109,2/12/2019 12:09:00 AM,9,30X,14,109,Oakland,1,True,True,D,BROADSIDE,,Tuesday,,,M,,False,False,True,,C,OTHER MOTOR VEHICLE,,0,0,C,DARK-STREET LIGHTS,,,,,,,A,NO PEDESTRIANS INVOLVED,,A,22350,,1,68TH AV,2,,,B,N,150.0,ARTHUR ST,F,,D,7/31/2024 5:37:20 PM,1/31/2025 4:23:39 PM,,,2,,,,,,,
3094465,19-007295,2,False,0109,2/11/2019 10:50:00 AM,1050,24Y,14,109,Oakland,1,True,True,B,SIDE SWIPE,,Monday,,,M,,False,False,False,,E,PARKED MOTOR VEHICLE,,0,0,A,DAYLIGHT,,,,,,,A,NO PEDESTRIANS INVOLVED,,A,22350,,1,PENNIMAN AV,2,,,A,,,SHORT ST,,,D,7/31/2024 5:37:19 PM,1/31/2025 4:23:39 PM,,,2,,,,,,,
3094461,19-007627,2,False,0109,2/13/2019 5:18:00 AM,518,29X,14,109,Oakland,1,True,True,B,SIDE SWIPE,,Wednesday,,,M,,False,False,True,,E,PARKED MOTOR VEHICLE,,0,0,C,DARK-STREET LIGHTS,,,,,,,A,NO PEDESTRIANS INVOLVED,,A,22107,,1,MACARTHUR BL,2,,,B,E,250.0,66TH AV,F,,D,7/31/2024 5:37:18 PM,1/31/2025 4:23:38 PM,,,2,,,,,,,
3094457,19-007511,2,False,0109,2/12/2019 9:13:00 AM,913,23X,14,109,Oakland,1,True,True,C,REAR END,,Tuesday,,,,,False,False,False,,C,OTHER MOTOR VEHICLE,,0,0,A,DAYLIGHT,,,,,,,A,NO PEDESTRIANS INVOLVED,,A,22107,,,FRUITVALE AV,2,,,A,S,100.0,E 12TH ST,F,,A,7/31/2024 5:37:17 PM,1/31/2025 4:23:38 PM,,,2,,,,,,,
3094456,19-007082,2,False,0109,2/9/2019 9:38:00 PM,2138,30X,14,109,Oakland,1,True,True,B,SIDE SWIPE,,Saturday,,,,,False,False,False,,E,PARKED MOTOR VEHICLE,,0,0,C,DARK-STREET LIGHTS,,,,,,,A,NO PEDESTRIANS INVOLVED,,A,23152A,,1,70TH AV,2,,,B,S,50.0,MORKEN,F,,D,7/31/2024 5:37:17 PM,1/31/2025 4:23:38 PM,,,2,,,,,,,
3094453,19-008278,2,False,0109,2/16/2019 7:33:00 PM,1933,23X,14,109,Oakland,1,True,True,A,HEAD-ON,,Saturday,,,,,False,False,True,,E,PARKED MOTOR VEHICLE,,0,0,C,DARK-STREET LIGHTS,,,,,,,A,NO PEDESTRIANS INVOLVED,,A,22107,,1,E 17TH ST,2,,,A,E,200.0,FRUITVALE AV,F,,D,7/31/2024 5:37:17 PM,1/31/2025 4:23:38 PM,,,2,,,,,,,
3094452,19-007737,2,False,0109,2/13/2019 5:15:00 PM,1715,34X,14,109,Oakland,1,True,True,A,HEAD-ON,,Wednesday,,,,,False,False,True,,C,OTHER MOTOR VEHICLE,,0,0,C,DARK-STREET LIGHTS,,,,,,,A,NO PEDESTRIANS INVOLVED,,A,22107,,1,OLIVE ST,2,,,B,E,150.0,96TH AV,F,,D,7/31/2024 5:37:17 PM,1/31/2025 4:23:38 PM,,,2,,,,,,,
3094449,19-008508,2,False,0109,2/18/2019 11:43:00 AM,1143,34X,14,109,Oakland,1,True,True,D,BROADSIDE,,Monday,,,,,False,False,True,,C,OTHER MOTOR VEHICLE,,0,0,A,DAYLIGHT,,,,,,,A,NO PEDESTRIANS INVOLVED,,A,21801A,,1,98TH AV,2,,,A,,,SUNNYSIDE ST,,,D,7/31/2024 5:37:16 PM,1/31/2025 4:23:38 PM,,,2,,,,,,,
3094414,19-008176,2,False,0109,2/16/2019 7:04:00 AM,704,26Y,14,109,Oakland,1,True,True,A,HEAD-ON,,Saturday,,,M,,False,False,True,,E,PARKED MOTOR VEHICLE,,0,0,A,DAYLIGHT,,,,,,,A,NO PEDESTRIANS INVOLVED,,A,22107,,1,77TH AV,2,,,B,N,300.0,HAMILTON,F,,D,7/31/2024 5:37:09 PM,1/31/2025 4:23:35 PM,,,2,,,,,,,
3094316,19-015288,2,False,0109,3/27/2019 3:36:00 PM,1536,26X,14,109,Oakland,1,True,True,D,BROADSIDE,,Wednesday,,,,,False,False,False,,C,OTHER MOTOR VEHICLE,,3,0,A,DAYLIGHT,,,,,,,A,NO PEDESTRIANS INVOLVED,,A,21801A,,1,SAN LEANDRO ST,2,,,A,,,50TH AV,,,A,7/31/2024 5:36:50 PM,1/31/2025 4:23:30 PM,,,2,,,,,,,
3093788,19-009533,2,False,0109,2/23/2019 6:43:00 PM,1843,10,14,109,Oakland,1,True,True,A,HEAD-ON,,Saturday,,,M,,False,False,False,,C,OTHER MOTOR VEHICLE,,1,0,B,DUSK-DAWN,,,,,,,A,NO PEDESTRIANS INVOLVED,,A,22450A,,1,52ND ST,1,,,A,,,WEST ST,,,A,7/31/2024 5:35:01 PM,1/31/2025 4:22:59 PM,,,2,,,,,,,