collision-id,report-number,report-version,is-preliminary,ncic-code,crash-date-time,crash-time-description,beat,city-id,city-code,city-name,county-code,city-is-active,city-is-incorporated,collision-type-code,collision-type-description,collision-type-other-desc,day-of-week,dispatch-notified,has-photographs,hit-run,is-attachments-mailed,is-deleted,is-highway-related,is-tow-away,judicial-district,motor-vehicle-involved-with-code,motor-vehicle-involved-with-desc,motor-vehicle-involved-with-other-desc,number-injured,number-killed,lighting-code,lighting-description,latitude,longitude,milepost-direction,milepost-distance,milepost-marker,milepost-unit-of-measure,pedestrian-action-code,pedestrian-action-desc,prepared-date,primary-collision-factor-code,primary-collision-factor-description,primary-collision-factor-is-cited,primary-collision-party-number,primary-road,reporting-district,reporting-district-code,reviewed-date,roadway-surface-code,secondary-direction,secondary-distance,secondary-road,secondary-unit-of-measure,sketch-desc,traffic-control-device-code,created-date,modified-date,is-county-road,is-freeway,chp-555-version,is-additonal-object-struck,notification-date,notification-time-description,has-digital-media-files,evidence-number,is-location-refer-to-narrative,is-aoi-one-same-as-location
3129874,19-013293,2,False,0109,3/16/2019 9:47:00 PM,2147,31Y,14,109,Oakland,1,True,True,A,HEAD-ON,,Saturday,,,,,False,False,False,,C,OTHER MOTOR VEHICLE,,0,0,C,DARK-STREET LIGHTS,,,,,,,A,NO PEDESTRIANS INVOLVED,,D,,,,EDES AV,2,,,A,,,98TH AV,,,A,8/1/2024 9:38:14 AM,2/3/2025 8:32:47 AM,,,2,,,,,,,
3129567,19-022466,2,False,0109,5/5/2019 7:33:00 PM,1933,30X,14,109,Oakland,1,True,True,B,SIDE SWIPE,,Sunday,,,M,,False,False,False,,C,OTHER MOTOR VEHICLE,,1,0,B,DUSK-DAWN,,,,,,,A,NO PEDESTRIANS INVOLVED,,A,21453A,,1,BANCROFT AV,1,,,A,,,77TH AV,,,A,8/1/2024 9:37:47 AM,2/3/2025 8:32:40 AM,,,2,,,,,,,
3129498,19-017698,2,False,0109,4/10/2019 8:14:00 AM,814,04,14,109,Oakland,1,True,True,G,VEHICLE/PEDESTRAIN,,Wednesday,,,,,False,False,False,,B,PEDESTRIAN,,1,0,A,DAYLIGHT,,,,,,,B,CROSSING IN CROSS WALK AT INTERSECTION,,A,21950A,,1,WEST GRAND AV,1,,,A,,,VALLEY ST,,,A,8/1/2024 9:37:41 AM,2/3/2025 8:32:38 AM,,,2,,,,,,,
3129481,19-011926,2,False,0109,3/9/2019 6:27:00 AM,627,22X,14,109,Oakland,1,True,True,D,BROADSIDE,,Saturday,,,M,,False,False,False,,C,OTHER MOTOR VEHICLE,,1,0,A,DAYLIGHT,,,,,,,A,NO PEDESTRIANS INVOLVED,,A,22450A,,1,MACARTHUR BL,1,,,A,,,BOSTON AV,,,A,8/1/2024 9:37:39 AM,2/3/2025 8:32:38 AM,,,2,,,,,,,
3129472,19-022468,2,False,0109,5/5/2019 7:18:00 PM,1918,05Y,14,109,Oakland,1,True,True,E,HIT OBJECT,,Sunday,,,,,False,False,False,,I,FIXED OBJECT,,0,0,A,DAYLIGHT,,,,,,,A,NO PEDESTRIANS INVOLVED,,A,23152A,,1,18TH ST,1,,,A,W,20.0,MANDELA PKWY,F,,D,8/1/2024 9:37:39 AM,2/3/2025 8:32:38 AM,,,2,,,,,,,
3129454,19-018691,2,False,0109,4/15/2019 1:18:00 PM,1318,07X,14,109,Oakland,1,True,True,D,BROADSIDE,,Monday,,,,,False,False,False,,C,OTHER MOTOR VEHICLE,,2,0,A,DAYLIGHT,,,,,,,A,NO PEDESTRIANS INVOLVED,,A,21802A,,1,SAN PABLO AV,1,,,A,,,MEAD AV,,,A,8/1/2024 9:37:37 AM,2/3/2025 8:32:37 AM,,,2,,,,,,,
3128762,19-016781,2,False,0109,4/5/2019 3:25:00 AM,325,10X,14,109,Oakland,1,True,True,D,BROADSIDE,,Friday,,,M,,False,False,False,,C,OTHER MOTOR VEHICLE,,0,0,C,DARK-STREET LIGHTS,,,,,,,A,NO PEDESTRIANS INVOLVED,,A,22450A,,1,MARTIN LUTHER KING JR WY,1,,,A,S,5.0,56TH ST,F,,D,8/1/2024 9:36:40 AM,2/3/2025 8:32:19 AM,,,2,,,,,,,
3128757,19-016765,2,False,0109,4/5/2019 1:22:00 AM,122,35X,14,109,Oakland,1,True,True,A,HEAD-ON,,Friday,,,,,False,False,True,,C,OTHER MOTOR VEHICLE,,0,0,C,DARK-STREET LIGHTS,,,,,,,A,NO PEDESTRIANS INVOLVED,,A,21453A,,1,82ND AV,2,,,A,,,BANCROFT AV,,,A,8/1/2024 9:36:39 AM,2/3/2025 8:32:19 AM,,,2,,,,,,,
3128754,19-017095,2,False,0109,4/6/2019 8:16:00 PM,2016,26Y,14,109,Oakland,1,True,True,B,SIDE SWIPE,,Saturday,,,M,,False,False,False,,E,PARKED MOTOR VEHICLE,,0,0,C,DARK-STREET LIGHTS,,,,,,,A,NO PEDESTRIANS INVOLVED,,A,22106,,1,73RD AV,2,,,A,N,40.0,INTERNATIONAL BL,F,,D,8/1/2024 9:36:39 AM,2/3/2025 8:32:19 AM,,,2,,,,,,,
3128751,19-016837,2,False,0109,4/5/2019 9:10:00 AM,910,34X,14,109,Oakland,1,True,True,D,BROADSIDE,,Friday,,,,,False,False,False,,C,OTHER MOTOR VEHICLE,,0,0,A,DAYLIGHT,,,,,,,A,NO PEDESTRIANS INVOLVED,,D,,,,90TH AV,2,,,B,,,PLYMOUTH ST,,,A,8/1/2024 9:36:39 AM,2/3/2025 8:32:19 AM,,,2,,,,,,,
3128748,19-016312,2,False,0109,4/2/2019 9:16:00 PM,2116,35X,14,109,Oakland,1,True,True,A,HEAD-ON,,Tuesday,,,,,False,False,False,,I,FIXED OBJECT,,1,0,C,DARK-STREET LIGHTS,,,,,,,A,NO PEDESTRIANS INVOLVED,,A,22350,,1,FONTAINE ST,2,,,B,N,870.0,CREST AV,F,,D,8/1/2024 9:36:39 AM,2/3/2025 8:32:19 AM,,,2,,,,,,,
3128746,19-019796,2,False,0109,4/21/2019 6:53:00 PM,1853,31Z,14,109,Oakland,1,True,True,D,BROADSIDE,,Sunday,,,,,False,False,False,,D,MOTOR VEHICLE ON OTHER ROADWAY,,0,0,A,DAYLIGHT,,,,,,,A,NO PEDESTRIANS INVOLVED,,A,22107,,1,SAN LEANDRO ST,2,,,A,E,100.0,APPLE,F,,D,8/1/2024 9:36:38 AM,2/3/2025 8:32:19 AM,,,2,,,,,,,
3128744,19-017034,2,False,0109,4/6/2019 1:00:00 PM,1300,35X,14,109,Oakland,1,True,True,C,REAR END,,Saturday,,,,,False,False,False,,C,OTHER MOTOR VEHICLE,,1,0,A,DAYLIGHT,,,,,,,A,NO PEDESTRIANS INVOLVED,,A,22350,,1,BANCROFT AV,2,,,A,,,86TH AV,,,A,8/1/2024 9:36:38 AM,2/3/2025 8:32:19 AM,,,2,,,,,,,
3128742,19-016121,2,False,0109,4/1/2019 9:44:00 PM,2144,30X,14,109,Oakland,1,True,True,A,HEAD-ON,,Monday,,,,,False,False,False,,E,PARKED MOTOR VEHICLE,,0,0,C,DARK-STREET LIGHTS,,,,,,,A,NO PEDESTRIANS INVOLVED,,A,23152A,,1,HOLLY ST,2,,,A,W,10.0,74TH AV,F,,D,8/1/2024 9:36:38 AM,2/3/2025 8:32:19 AM,,,2,,,,,,,
3128740,19-020423,2,False,0109,4/24/2019 1:16:00 PM,1316,02X,14,109,Oakland,1,True,True,D,BROADSIDE,,Wednesday,,,M,,False,False,False,,C,OTHER MOTOR VEHICLE,,1,0,A,DAYLIGHT,,,,,,,A,NO PEDESTRIANS INVOLVED,,A,21801A,,1,MARKET ST,1,,,A,,,10TH ST,,,A,8/1/2024 9:36:38 AM,2/3/2025 8:32:19 AM,,,2,,,,,,,
3128736,19-017684,2,False,0109,4/10/2019 4:23:00 AM,423,23X,14,109,Oakland,1,True,True,A,HEAD-ON,,Wednesday,,,M,,False,False,False,,C,OTHER MOTOR VEHICLE,,1,0,C,DARK-STREET LIGHTS,,,,,,,A,NO PEDESTRIANS INVOLVED,,A,21651B,,1,INTERNATIONAL BL,2,,,A,,,36TH AV,,,A,8/1/2024 9:36:38 AM,2/3/2025 8:32:19 AM,,,2,,,,,,,
3128734,19-021186,2,False,0109,4/28/2019 3:53:00 PM,1553,06X,14,109,Oakland,1,True,True,B,SIDE SWIPE,,Sunday,,,M,,False,False,False,,E,PARKED MOTOR VEHICLE,,0,0,A,DAYLIGHT,,,,,,,A,NO PEDESTRIANS INVOLVED,,A,22107,,1,MARTIN LUTHER KING JR WY,1,,,A,N,8.0,29TH ST,F,,D,8/1/2024 9:36:37 AM,2/3/2025 8:32:19 AM,,,2,,,,,,,
3128733,19-017571,2,False,0109,4/9/2019 2:13:00 PM,1413,03X,14,109,Oakland,1,True,True,D,BROADSIDE,,Tuesday,,,,,False,False,False,,C,OTHER MOTOR VEHICLE,,1,0,A,DAYLIGHT,,,,,,,A,NO PEDESTRIANS INVOLVED,,A,21453A,,1,13TH ST,1,,,A,,,JACKSON ST,,,A,8/1/2024 9:36:37 AM,2/3/2025 8:32:18 AM,,,2,,,,,,,
3128730,19-021620,2,False,0109,4/30/2019 10:31:00 PM,2231,19X,14,109,Oakland,1,True,True,A,HEAD-ON,,Tuesday,,,M,,False,False,False,,E,PARKED MOTOR VEHICLE,,0,0,C,DARK-STREET LIGHTS,,,,,,,A,NO PEDESTRIANS INVOLVED,,A,23152A,,1,INTERNATIONAL BL,1,,,A,W,150.0,22ND AV,F,,D,8/1/2024 9:36:37 AM,2/3/2025 8:32:18 AM,,,2,,,,,,,
3128728,19-017435,2,False,0109,4/8/2019 8:49:00 PM,2049,04X,14,109,Oakland,1,True,True,A,HEAD-ON,,Monday,,,,,False,False,False,,B,PEDESTRIAN,,1,0,C,DARK-STREET LIGHTS,,,,,,,D,CROSSING - NOT IN CROSSWALK,,A,21954A,,1,JACKSON ST,1,,,B,,,14TH ST,,,A,8/1/2024 9:36:37 AM,2/3/2025 8:32:18 AM,,,2,,,,,,,
3128723,19-019498,2,False,0109,4/19/2019 1:40:00 PM,1340,34X,14,109,Oakland,1,True,True,D,BROADSIDE,,Friday,,,,,False,False,False,,C,OTHER MOTOR VEHICLE,,0,0,A,DAYLIGHT,,,,,,,A,NO PEDESTRIANS INVOLVED,,A,21802A,,1,88TH AV,2,,,A,,,OLIVE ST,,,A,8/1/2024 9:36:37 AM,2/3/2025 8:32:18 AM,,,2,,,,,,,
3128628,19-023302,2,False,0109,5/9/2019 11:07:00 PM,2307,14X,14,109,Oakland,1,True,True,E,HIT OBJECT,,Thursday,,,,,False,False,False,,I,FIXED OBJECT,,0,0,C,DARK-STREET LIGHTS,,,,,,,A,NO PEDESTRIANS INVOLVED,,A,23152B,,1,MACARTHUR BL,1,,,A,W,0.1,GRAND AV,M,,D,8/1/2024 9:36:30 AM,2/3/2025 8:32:15 AM,,,2,,,,,,,
3128614,19-024021,2,False,0109,5/14/2019 1:48:00 AM,148,30,14,109,Oakland,1,True,True,E,HIT OBJECT,,Tuesday,,,,,False,False,False,,I,FIXED OBJECT,,0,0,C,DARK-STREET LIGHTS,,,,,,,A,NO PEDESTRIANS INVOLVED,,A,23152A,,1,79TH AV,2,,,A,N,660.0,HILLSIDE ST,F,,D,8/1/2024 9:36:28 AM,2/3/2025 8:32:15 AM,,,2,,,,,,,
3128611,19-013243,2,False,0109,3/16/2019 11:23:00 AM,1123,30X,14,109,Oakland,1,True,True,D,BROADSIDE,,Saturday,,,M,,False,False,True,,C,OTHER MOTOR VEHICLE,,0,0,A,DAYLIGHT,,,,,,,A,NO PEDESTRIANS INVOLVED,,A,22350,,1,81ST AV,2,,,A,N,85.0,PLYMOUTH ST,F,,D,8/1/2024 9:36:28 AM,2/3/2025 8:32:15 AM,,,2,,,,,,,
3128607,19-019411,2,False,0109,4/19/2019 6:32:00 AM,632,03X,14,109,Oakland,1,True,True,D,BROADSIDE,,Friday,,,,,False,False,True,,C,OTHER MOTOR VEHICLE,,0,0,A,DAYLIGHT,,,,,,,A,NO PEDESTRIANS INVOLVED,,A,22350,,1,12TH ST,1,,,A,,,JACKSON ST,,,A,8/1/2024 9:36:28 AM,2/3/2025 8:32:15 AM,,,2,,,,,,,
3128601,19-025912,2,False,0109,5/23/2019 10:00:00 PM,2200,29X,14,109,Oakland,1,True,True,B,SIDE SWIPE,,Thursday,,,M,,False,False,True,,C,OTHER MOTOR VEHICLE,,0,0,C,DARK-STREET LIGHTS,,,,,,,A,NO PEDESTRIANS INVOLVED,,A,22107,,1,73RD AV,2,,,A,N,20.0,HILLMONT DR,F,,D,8/1/2024 9:36:27 AM,2/3/2025 8:32:15 AM,,,2,,,,,,,
3127727,19-016789,2,False,0109,4/5/2019 4:59:00 AM,459,16X,14,109,Oakland,1,True,True,B,SIDE SWIPE,,Friday,,,M,,False,False,False,,E,PARKED MOTOR VEHICLE,,0,0,C,DARK-STREET LIGHTS,,,,,,,A,NO PEDESTRIANS INVOLVED,,A,22107,,1,EXCELSIOR AV,1,,,A,E,125.0,ELSTON AV,F,,D,8/1/2024 9:35:12 AM,2/3/2025 8:31:53 AM,,,2,,,,,,,
3127022,19-015645,2,False,0109,3/29/2019 6:20:00 PM,1820,07X,14,109,Oakland,1,True,True,B,SIDE SWIPE,,Friday,,,,,False,False,True,,C,OTHER MOTOR VEHICLE,,0,0,A,DAYLIGHT,,,,,,,A,NO PEDESTRIANS INVOLVED,,A,21801A,,1,ADELLE ST,1,,,A,,,24TH ST,,,A,8/1/2024 9:34:14 AM,2/3/2025 8:31:37 AM,,,2,,,,,,,
3127018,19-015482,2,False,0109,3/28/2019 8:52:00 PM,2052,26X,14,109,Oakland,1,True,True,D,BROADSIDE,,Thursday,,,,,False,False,True,,C,OTHER MOTOR VEHICLE,,0,0,C,DARK-STREET LIGHTS,,,,,,,A,NO PEDESTRIANS INVOLVED,,A,22450,,1,50TH AV,2,,,B,,,12TH AV,,,A,8/1/2024 9:34:14 AM,2/3/2025 8:31:35 AM,,,2,,,,,,,
3126974,19-012768,2,False,0109,3/13/2019 8:37:00 PM,2037,07X,14,109,Oakland,1,True,True,B,SIDE SWIPE,,Wednesday,,,,,False,False,False,,C,OTHER MOTOR VEHICLE,,0,0,C,DARK-STREET LIGHTS,,,,,,,A,NO PEDESTRIANS INVOLVED,,A,21801A,,1,WEST GRAND AV,1,,,A,,,MANDELA PKWY BL,,,A,8/1/2024 9:34:10 AM,2/3/2025 8:31:34 AM,,,2,,,,,,,
3126969,19-013116,2,False,0109,3/15/2019 2:52:00 PM,1452,29X,14,109,Oakland,1,True,True,B,SIDE SWIPE,,Friday,,,,,False,False,True,,E,PARKED MOTOR VEHICLE,,0,0,A,DAYLIGHT,,,,,,,A,NO PEDESTRIANS INVOLVED,,A,22107,,1,MACARTHUR BL,2,,,A,E,15.0,60TH AV,F,,D,8/1/2024 9:34:10 AM,2/3/2025 8:31:34 AM,,,2,,,,,,,
3126966,19-010926,2,False,0109,3/3/2019 11:24:00 PM,2324,23X,14,109,Oakland,1,True,True,C,REAR END,,Sunday,,,M,,False,False,False,,C,OTHER MOTOR VEHICLE,,0,0,C,DARK-STREET LIGHTS,,,,,,,A,NO PEDESTRIANS INVOLVED,,A,22350,,1,35TH AV,2,,,A,N,10.0,E 12TH ST,F,,A,8/1/2024 9:34:10 AM,2/3/2025 8:31:34 AM,,,2,,,,,,,
3126962,19-013211,2,False,0109,3/16/2019 7:38:00 AM,738,32Y,14,109,Oakland,1,True,True,B,SIDE SWIPE,,Saturday,,,M,,False,False,False,,C,OTHER MOTOR VEHICLE,,0,0,A,DAYLIGHT,,,,,,,A,NO PEDESTRIANS INVOLVED,,A,22107,,1,MACARTHUR BL,2,,,A,E,60.0,TRUMAN AV,F,,D,8/1/2024 9:34:09 AM,2/3/2025 8:31:34 AM,,,2,,,,,,,
3126958,19-014188,2,False,0109,3/21/2019 10:43:00 AM,1043,03X,14,109,Oakland,1,True,True,B,SIDE SWIPE,,Thursday,,,,,False,False,False,,E,PARKED MOTOR VEHICLE,,0,0,A,DAYLIGHT,,,,,,,A,NO PEDESTRIANS INVOLVED,,A,22107,,1,HARRISON ST,1,,,A,,,14TH ST,,,D,8/1/2024 9:34:09 AM,2/3/2025 8:31:34 AM,,,2,,,,,,,
3126954,19-014210,2,False,0109,3/21/2019 12:24:00 PM,1224,23X,14,109,Oakland,1,True,True,B,SIDE SWIPE,,Thursday,,,M,,False,False,False,,C,OTHER MOTOR VEHICLE,,0,0,A,DAYLIGHT,,,,,,,A,NO PEDESTRIANS INVOLVED,,A,22350,,1,FOOTHILL BL,2,,,A,E,89.0,33RD AV,F,,D,8/1/2024 9:34:09 AM,2/3/2025 8:31:34 AM,,,2,,,,,,,
3126951,19-012570,2,False,0109,3/12/2019 8:10:00 AM,810,29X,14,109,Oakland,1,True,True,B,SIDE SWIPE,,Tuesday,,,M,,False,False,False,,,,,0,0,A,DAYLIGHT,,,,,,,A,NO PEDESTRIANS INVOLVED,,A,22107,,1,SEMINARY AV,2,,,A,S,50.0,OVERDALE AV,F,,A,8/1/2024 9:34:08 AM,2/3/2025 8:31:34 AM,,,2,,,,,,,
3126948,19-010812,2,False,0109,3/3/2019 4:35:00 AM,435,19X,14,109,Oakland,1,True,True,H,OTHER,,Sunday,,,M,,False,False,False,,C,OTHER MOTOR VEHICLE,,0,0,C,DARK-STREET LIGHTS,,,,,,,A,NO PEDESTRIANS INVOLVED,,A,22350,,1,5TH AV,1,,,A,,,E 12TH ST,,,A,8/1/2024 9:34:08 AM,2/3/2025 8:31:34 AM,,,2,,,,,,,
3126944,19-013319,2,False,0109,3/25/2019 1:31:00 AM,131,04X,14,109,Oakland,1,True,True,C,REAR END,,Monday,,,,,False,False,False,,C,OTHER MOTOR VEHICLE,,0,0,C,DARK-STREET LIGHTS,,,,,,,A,NO PEDESTRIANS INVOLVED,,A,22350,,1,SAN PABLO AV,1,,,A,W,15.0,17TH ST,F,,A,8/1/2024 9:34:08 AM,2/3/2025 8:31:34 AM,,,2,,,,,,,
3126940,19-014974,2,False,0109,3/25/2019 10:02:00 PM,2202,31Y,14,109,Oakland,1,True,True,C,REAR END,,Monday,,,,,False,False,False,,C,OTHER MOTOR VEHICLE,,0,0,C,DARK-STREET LIGHTS,,,,,,,A,NO PEDESTRIANS INVOLVED,,D,,,,98TH AV,2,,,B,W,30.0,EDES AV,F,,A,8/1/2024 9:34:08 AM,2/3/2025 8:31:34 AM,,,2,,,,,,,
3126929,19-017051,2,False,0109,4/6/2019 3:18:00 PM,1518,09X,14,109,Oakland,1,True,True,C,REAR END,,Saturday,,,M,,False,False,False,,C,OTHER MOTOR VEHICLE,,0,0,A,DAYLIGHT,,,,,,,A,NO PEDESTRIANS INVOLVED,,A,22350,,1,PIEDMONT AV,1,,,A,N,50.0,WEST MACARTHUR BL,F,,A,8/1/2024 9:34:07 AM,2/3/2025 8:31:33 AM,,,2,,,,,,,
3126743,19-009461,2,False,0109,2/23/2019 6:45:00 AM,645,14X,14,109,Oakland,1,True,True,D,BROADSIDE,,Saturday,,,,,False,False,False,,I,FIXED OBJECT,,1,0,A,DAYLIGHT,,,,,,,A,NO PEDESTRIANS INVOLVED,,A,22350,,1,LAKE PARK AV,1,,,A,,,LAKESHORE AV,,,A,8/1/2024 9:33:52 AM,2/3/2025 8:31:29 AM,,,2,,,,,,,
3126739,19-010086,2,False,0109,2/26/2019 9:06:00 PM,2106,14X,14,109,Oakland,1,True,True,G,VEHICLE/PEDESTRAIN,,Tuesday,,,,,False,False,False,,B,PEDESTRIAN,,1,0,C,DARK-STREET LIGHTS,,,,,,,B,CROSSING IN CROSS WALK AT INTERSECTION,,A,21950A,,1,GRAND AV,1,,,B,,,WELDON ST,,,D,8/1/2024 9:33:52 AM,2/3/2025 8:31:29 AM,,,2,,,,,,,
3126731,19-009834,2,False,0109,2/25/2019 3:34:00 PM,1534,21X,14,109,Oakland,1,True,True,C,REAR END,,Monday,,,M,,False,False,False,,C,OTHER MOTOR VEHICLE,,1,0,A,DAYLIGHT,,,,,,,A,NO PEDESTRIANS INVOLVED,,A,22107,,1,FRUITVALE AV,1,,,B,N,6.0,LOGAN ST,F,,D,8/1/2024 9:33:51 AM,2/3/2025 8:31:29 AM,,,2,,,,,,,
3126727,19-009529,2,False,0109,2/24/2019 6:21:00 PM,1821,22X,14,109,Oakland,1,True,True,G,VEHICLE/PEDESTRAIN,,Sunday,,,,,False,False,False,,B,PEDESTRIAN,,1,0,C,DARK-STREET LIGHTS,,,,,,,B,CROSSING IN CROSS WALK AT INTERSECTION,,A,21950A,,1,JOAQUIN MILLER RD,1,,,A,N,190.0,MONTEREY BL,F,,D,8/1/2024 9:33:51 AM,2/3/2025 8:31:29 AM,,,2,,,,,,,
3126613,19-015351,2,False,0109,3/28/2019 1:59:00 AM,159,06X,14,109,Oakland,1,True,True,G,VEHICLE/PEDESTRAIN,,Thursday,,,,,False,False,False,,B,PEDESTRIAN,,1,0,C,DARK-STREET LIGHTS,,,,,,,F,NOT IN ROAD,,D,,,,23RD ST,1,,,A,W,50.0,MARTIN LUTHER KING JR WY,F,,D,8/1/2024 9:33:42 AM,2/3/2025 8:31:26 AM,,,2,,,,,,,
3126609,19-015638,2,False,0109,3/29/2019 5:31:00 PM,1731,19X,14,109,Oakland,1,True,True,D,BROADSIDE,,Friday,,,M,,False,False,False,,C,OTHER MOTOR VEHICLE,,1,0,A,DAYLIGHT,,,,,,,A,NO PEDESTRIANS INVOLVED,,A,22450A,,1,18TH AV,1,,,A,,,E 15TH ST,,,A,8/1/2024 9:33:41 AM,2/3/2025 8:31:26 AM,,,2,,,,,,,
3126605,19-015116,2,False,0109,3/26/2019 3:55:00 PM,1555,32X,14,109,Oakland,1,True,True,B,SIDE SWIPE,,Tuesday,,,,,False,False,False,,E,PARKED MOTOR VEHICLE,,1,0,A,DAYLIGHT,,,,,,,A,NO PEDESTRIANS INVOLVED,,A,22107,,1,104TH AV,2,,,A,N,225.0,PLYMOUTH ST,F,,D,8/1/2024 9:33:41 AM,2/3/2025 8:31:26 AM,,,2,,,,,,,
3126602,19-014987,2,False,0109,3/25/2019 6:02:00 PM,1802,14X,14,109,Oakland,1,True,True,B,SIDE SWIPE,,Monday,,,,,False,False,False,,C,OTHER MOTOR VEHICLE,,1,0,A,DAYLIGHT,,,,,,,A,NO PEDESTRIANS INVOLVED,,D,,,,GRAND AV,1,,,A,E,100.0,STATEN AV,F,,A,8/1/2024 9:33:41 AM,2/3/2025 8:31:26 AM,,,2,,,,,,,
3126599,19-011892,2,False,0109,3/8/2019 11:42:00 PM,2342,23X,14,109,Oakland,1,True,True,B,SIDE SWIPE,,Friday,,,M,,False,False,True,,C,OTHER MOTOR VEHICLE,,1,0,C,DARK-STREET LIGHTS,,,,,,,A,NO PEDESTRIANS INVOLVED,,A,21453A,,1,INTERNATIONAL BL,2,,,A,,,38TH AVE,,,A,8/1/2024 9:33:40 AM,2/3/2025 8:31:26 AM,,,2,,,,,,,
3126595,19-015665,2,False,0109,3/29/2019 9:24:00 PM,2124,06X,14,109,Oakland,1,True,True,D,BROADSIDE,,Friday,,,,,False,False,False,,C,OTHER MOTOR VEHICLE,,1,0,C,DARK-STREET LIGHTS,,,,,,,A,NO PEDESTRIANS INVOLVED,,A,21802A,,1,MARTIN LUTHER KING JR WY,1,,,A,,,37TH ST,,,D,8/1/2024 9:33:40 AM,2/3/2025 8:31:26 AM,,,2,,,,,,,
3126591,19-015905,2,False,0109,3/31/2019 1:20:00 PM,1320,13X,14,109,Oakland,1,True,True,B,SIDE SWIPE,,Sunday,,,,,False,False,False,,B,PEDESTRIAN,,1,0,A,DAYLIGHT,,,,,,,F,NOT IN ROAD,,A,22107,,1,LA SALLE AV,1,,,A,S,40.0,MOUNTAIN BL,F,,D,8/1/2024 9:33:40 AM,2/3/2025 8:31:26 AM,,,2,,,,,,,
3126587,19-011270,2,False,0109,3/5/2019 12:29:00 PM,1229,21X,14,109,Oakland,1,True,True,D,BROADSIDE,,Tuesday,,,,,False,False,False,,C,OTHER MOTOR VEHICLE,,1,0,A,DAYLIGHT,,,,,,,A,NO PEDESTRIANS INVOLVED,,A,22107,,1,SCHOOL ST,1,,,A,,,MAPLE AV,,,A,8/1/2024 9:33:39 AM,2/3/2025 8:31:25 AM,,,2,,,,,,,
3126184,19-017306,2,False,0109,4/8/2019 8:00:00 AM,800,35X,14,109,Oakland,1,True,True,D,BROADSIDE,,Monday,,,,,False,False,False,,C,OTHER MOTOR VEHICLE,,0,0,A,DAYLIGHT,,,,,,,A,NO PEDESTRIANS INVOLVED,,A,21804A,,1,98TH AV,2,,,A,N,100.0,BANCROFT AV,F,,A,8/1/2024 9:33:07 AM,2/3/2025 8:31:15 AM,,,2,,,,,,,
3126180,19-017126,2,False,0109,4/7/2019 12:36:00 AM,36,19X,14,109,Oakland,1,True,True,B,SIDE SWIPE,,Sunday,,,,,False,False,False,,C,OTHER MOTOR VEHICLE,,0,0,C,DARK-STREET LIGHTS,,,,,,,A,NO PEDESTRIANS INVOLVED,,A,21460A,,1,INTERNATIONAL BL,1,,,A,,,11TH AV,,,D,8/1/2024 9:33:06 AM,2/3/2025 8:31:15 AM,,,2,,,,,,,
3126176,19-018880,2,False,0109,4/16/2019 11:19:00 AM,1119,03X,14,109,Oakland,1,True,True,D,BROADSIDE,,Tuesday,,,,,False,False,False,,C,OTHER MOTOR VEHICLE,,0,0,A,DAYLIGHT,,,,,,,A,NO PEDESTRIANS INVOLVED,,A,21802A,,1,8TH ST,1,,,A,,,ALICE ST,,,A,8/1/2024 9:33:06 AM,2/3/2025 8:31:15 AM,,,2,,,,,,,
3126169,19-016140,2,False,0109,4/1/2019 11:30:00 PM,2330,32X,14,109,Oakland,1,True,True,B,SIDE SWIPE,,Monday,,,M,,False,False,False,,C,OTHER MOTOR VEHICLE,,0,0,C,DARK-STREET LIGHTS,,,,,,,A,NO PEDESTRIANS INVOLVED,,A,22107,,1,MACARTHUR BL,2,,,A,W,100.0,100TH AV,F,,A,8/1/2024 9:33:05 AM,2/3/2025 8:31:15 AM,,,2,,,,,,,
3126165,19-016929,2,False,0109,4/5/2019 7:30:00 PM,1930,31Y,14,109,Oakland,1,True,True,C,REAR END,,Friday,,,M,,False,False,False,,C,OTHER MOTOR VEHICLE,,0,0,A,DAYLIGHT,,,,,,,A,NO PEDESTRIANS INVOLVED,,A,22350,,1,HEGENBERGER RD,2,,,A,,,EDES AV,,,A,8/1/2024 9:33:05 AM,2/3/2025 8:31:15 AM,,,2,,,,,,,
3126161,19-020957,2,False,0109,4/27/2019 9:00:00 AM,900,33X,14,109,Oakland,1,True,True,C,REAR END,,Saturday,,,M,,False,False,True,,E,PARKED MOTOR VEHICLE,,0,0,A,DAYLIGHT,,,,,,,A,NO PEDESTRIANS INVOLVED,,A,22107,,1,90TH AV,2,,,A,,,D ST,,,D,8/1/2024 9:33:05 AM,2/3/2025 8:31:15 AM,,,2,,,,,,,
3126157,19-016941,2,False,0109,4/5/2019 8:45:00 PM,2045,34X,14,109,Oakland,1,True,True,D,BROADSIDE,,Friday,,,,,False,False,False,,C,OTHER MOTOR VEHICLE,,0,0,C,DARK-STREET LIGHTS,,,,,,,A,NO PEDESTRIANS INVOLVED,,A,21801A,,1,90TH AV,2,,,A,,,HOLLY ST,,,D,8/1/2024 9:33:05 AM,2/3/2025 8:31:15 AM,,,2,,,,,,,
3126153,19-016861,2,False,0109,4/5/2019 11:39:00 AM,1139,03Y,14,109,Oakland,1,True,True,B,SIDE SWIPE,,Friday,,,,,False,False,False,,C,OTHER MOTOR VEHICLE,,0,0,A,DAYLIGHT,,,,,,,A,NO PEDESTRIANS INVOLVED,,A,21453A,,1,7TH ST,1,,,B,,,MARTIN LUTHER KING JR WY,,,A,8/1/2024 9:33:04 AM,2/3/2025 8:31:15 AM,,,2,,,,,,,
3126150,19-022357,2,False,0109,5/4/2019 11:30:00 PM,2330,21X,14,109,Oakland,1,True,True,B,SIDE SWIPE,,Saturday,,,M,,False,False,False,,E,PARKED MOTOR VEHICLE,,0,0,C,DARK-STREET LIGHTS,,,,,,,A,NO PEDESTRIANS INVOLVED,,A,22107,,1,E 24TH ST,1,,,A,E,50.0,24TH,F,,D,8/1/2024 9:33:04 AM,2/3/2025 8:31:14 AM,,,2,,,,,,,
3126149,19-019213,2,False,0109,4/18/2019 12:20:00 AM,20,34X,14,109,Oakland,1,True,True,C,REAR END,,Thursday,,,M,,False,False,True,,E,PARKED MOTOR VEHICLE,,0,0,C,DARK-STREET LIGHTS,,,,,,,A,NO PEDESTRIANS INVOLVED,,A,22107,,1,OLIVE ST,2,,,A,W,75.0,85TH AV,F,,D,8/1/2024 9:33:04 AM,2/3/2025 8:31:14 AM,,,2,,,,,,,