collision-id,report-number,report-version,is-preliminary,ncic-code,crash-date-time,crash-time-description,beat,city-id,city-code,city-name,county-code,city-is-active,city-is-incorporated,collision-type-code,collision-type-description,collision-type-other-desc,day-of-week,dispatch-notified,has-photographs,hit-run,is-attachments-mailed,is-deleted,is-highway-related,is-tow-away,judicial-district,motor-vehicle-involved-with-code,motor-vehicle-involved-with-desc,motor-vehicle-involved-with-other-desc,number-injured,number-killed,lighting-code,lighting-description,latitude,longitude,milepost-direction,milepost-distance,milepost-marker,milepost-unit-of-measure,pedestrian-action-code,pedestrian-action-desc,prepared-date,primary-collision-factor-code,primary-collision-factor-description,primary-collision-factor-is-cited,primary-collision-party-number,primary-road,reporting-district,reporting-district-code,reviewed-date,roadway-surface-code,secondary-direction,secondary-distance,secondary-road,secondary-unit-of-measure,sketch-desc,traffic-control-device-code,created-date,modified-date,is-county-road,is-freeway,chp-555-version,is-additonal-object-struck,notification-date,notification-time-description,has-digital-media-files,evidence-number,is-location-refer-to-narrative,is-aoi-one-same-as-location
3132869,19-013304,2,False,0109,3/16/2019 10:57:00 PM,2257,30X,14,109,Oakland,1,True,True,B,SIDE SWIPE,,Saturday,,,,,False,False,False,,E,PARKED MOTOR VEHICLE,,0,0,C,DARK-STREET LIGHTS,,,,,,,A,NO PEDESTRIANS INVOLVED,,A,22107,,1,76TH AV,2,,,A,S,100.0,HILLSIDE AV,F,,D,8/1/2024 9:42:47 AM,2/3/2025 8:34:04 AM,,,2,,,,,,,
3132865,19-014054,2,False,0109,3/2/2019 5:16:00 PM,1716,26X,14,109,Oakland,1,True,True,A,HEAD-ON,,Saturday,,,,,False,False,False,,C,OTHER MOTOR VEHICLE,,0,0,A,DAYLIGHT,,,,,,,A,NO PEDESTRIANS INVOLVED,,A,21801A,,1,INTERNATIONAL BL,2,,,A,,,HIGH ST,,,A,8/1/2024 9:42:47 AM,2/3/2025 8:34:04 AM,,,2,,,,,,,
3132863,19-015290,2,False,0109,3/27/2019 3:50:00 PM,1550,30X,14,109,Oakland,1,True,True,D,BROADSIDE,,Wednesday,,,M,,False,False,False,,C,OTHER MOTOR VEHICLE,,0,0,A,DAYLIGHT,,,,,,,A,NO PEDESTRIANS INVOLVED,,A,21453A,,1,CASTRO ST,1,,,A,,,11TH ST,,,A,8/1/2024 9:42:47 AM,2/3/2025 8:34:04 AM,,,2,,,,,,,
3132656,19-022190,2,False,0109,5/4/2019 11:45:00 PM,2345,15X,14,109,Oakland,1,True,True,D,BROADSIDE,,Saturday,,,M,,False,False,False,,C,OTHER MOTOR VEHICLE,,1,0,C,DARK-STREET LIGHTS,,,,,,,A,NO PEDESTRIANS INVOLVED,,A,21453A,,1,PARK BL,1,,,A,,,MACARTHUR BL,,,A,8/1/2024 9:42:30 AM,2/3/2025 8:33:58 AM,,,2,,,,,,,
3132652,19-022452,2,False,0109,5/5/2019 4:39:00 PM,1639,02X,14,109,Oakland,1,True,True,D,BROADSIDE,,Sunday,,,M,,False,False,False,,C,OTHER MOTOR VEHICLE,,2,0,A,DAYLIGHT,,,,,,,A,NO PEDESTRIANS INVOLVED,,A,21453A,,1,ADELINE ST,1,,,A,,,7TH ST,,,A,8/1/2024 9:42:29 AM,2/3/2025 8:33:58 AM,,,2,,,,,,,
3132582,19-018885,2,False,0109,4/16/2019 11:45:00 AM,1145,23X,14,109,Oakland,1,True,True,B,SIDE SWIPE,,Tuesday,,,,,False,False,False,,C,OTHER MOTOR VEHICLE,,0,0,A,DAYLIGHT,,,,,,,A,NO PEDESTRIANS INVOLVED,,A,22107,,,INTERNATIONAL BL,2,,,A,W,100.0,40TH AV,F,,D,8/1/2024 9:42:22 AM,2/3/2025 8:33:56 AM,,,2,,,,,,,
3132577,19-017510,2,False,0109,4/9/2019 10:13:00 AM,1013,26X,14,109,Oakland,1,True,True,D,BROADSIDE,,Tuesday,,,,,False,False,False,,C,OTHER MOTOR VEHICLE,,0,0,A,DAYLIGHT,,,,,,,A,NO PEDESTRIANS INVOLVED,,D,,,,SAN LEANDRO ST,2,,,A,,,45TH AV,,,A,8/1/2024 9:42:22 AM,2/3/2025 8:33:55 AM,,,2,,,,,,,
3132573,19-017568,2,False,0109,4/9/2019 12:45:00 PM,1245,31X,14,109,Oakland,1,True,True,B,SIDE SWIPE,,Tuesday,,,,,False,False,False,,C,OTHER MOTOR VEHICLE,,0,0,A,DAYLIGHT,,,,,,,A,NO PEDESTRIANS INVOLVED,,A,22107,,,98TH AV,2,,,A,N,100.0,PIPPIN ST,F,,D,8/1/2024 9:42:22 AM,2/3/2025 8:33:55 AM,,,2,,,,,,,
3132571,19-018408,2,False,0109,4/13/2019 10:18:00 PM,2218,23X,14,109,Oakland,1,True,True,D,BROADSIDE,,Saturday,,,M,,False,False,False,,C,OTHER MOTOR VEHICLE,,0,0,C,DARK-STREET LIGHTS,,,,,,,A,NO PEDESTRIANS INVOLVED,,A,21453A,,1,HIGH ST,2,,,A,,,INTERNATIONAL BL,,,A,8/1/2024 9:42:22 AM,2/3/2025 8:33:55 AM,,,2,,,,,,,
3132565,19-018084,2,False,0109,4/11/2019 11:03:00 PM,2303,27X,14,109,Oakland,1,True,True,B,SIDE SWIPE,,Thursday,,,,,False,False,True,,E,PARKED MOTOR VEHICLE,,0,0,C,DARK-STREET LIGHTS,,,,,,,A,NO PEDESTRIANS INVOLVED,,A,23152A,,1,47TH AV,2,,,A,N,300.0,SAN CARLOS AV,F,,D,8/1/2024 9:42:21 AM,2/3/2025 8:33:55 AM,,,2,,,,,,,
3132562,19-024722,2,False,0109,5/17/2019 2:55:00 PM,1455,06X,14,109,Oakland,1,True,True,D,BROADSIDE,,Friday,,,,,False,False,False,,C,OTHER MOTOR VEHICLE,,0,0,A,DAYLIGHT,,,,,,,A,NO PEDESTRIANS INVOLVED,,A,22107,,1,W MACARTHUR BL,1,,,A,W,100.0,WEST ST,F,,A,8/1/2024 9:42:21 AM,2/3/2025 8:33:55 AM,,,2,,,,,,,
3132558,19-019086,2,False,0109,4/17/2019 10:04:00 AM,1004,13Z,14,109,Oakland,1,True,True,E,HIT OBJECT,,Wednesday,,,,,False,False,False,,I,FIXED OBJECT,,0,0,A,DAYLIGHT,,,,,,,A,NO PEDESTRIANS INVOLVED,,A,22350,,1,AITKEN DR,1,,,A,S,100.0,MOORE DR,F,,D,8/1/2024 9:42:20 AM,2/3/2025 8:33:55 AM,,,2,,,,,,,
3150727,19-019771,2,False,0109,4/21/2019 10:16:00 AM,1016,10X,14,109,Oakland,1,True,True,D,BROADSIDE,,Sunday,,,,,False,False,True,,C,OTHER MOTOR VEHICLE,,0,0,A,DAYLIGHT,,,,,,,A,NO PEDESTRIANS INVOLVED,,B,,,1,AILEEN ST,1,,,A,,,LOWELL ST,,,A,8/1/2024 10:14:54 AM,2/3/2025 8:42:37 AM,,,2,,,,,,,
3150724,19-003080,2,False,0109,1/18/2019 6:43:00 PM,1843,19X,14,109,Oakland,1,True,True,D,BROADSIDE,,Friday,,,,,False,False,False,,C,OTHER MOTOR VEHICLE,,1,0,C,DARK-STREET LIGHTS,,,,,,,A,NO PEDESTRIANS INVOLVED,,B,,,1,1ST AV,1,,,A,,,E 12TH ST,,,A,8/1/2024 10:14:54 AM,2/3/2025 8:42:37 AM,,,2,,,,,,,
3150491,19-032680,2,False,0109,6/28/2019 11:10:00 AM,1110,14X,14,109,Oakland,1,True,True,C,REAR END,,Friday,,,M,,False,False,False,,C,OTHER MOTOR VEHICLE,,0,0,A,DAYLIGHT,,,,,,,A,NO PEDESTRIANS INVOLVED,,A,22350,,,HARRISON ST,3,,,A,,,24TH ST,,,A,8/1/2024 10:14:27 AM,2/3/2025 8:42:31 AM,,,2,,,,,,,
3148842,19-021225,2,False,0109,4/28/2019 9:17:00 PM,2117,19X,14,109,Oakland,1,True,True,D,BROADSIDE,,Sunday,,,,,False,False,True,,E,PARKED MOTOR VEHICLE,,2,0,C,DARK-STREET LIGHTS,,,,,,,F,NOT IN ROAD,,A,23152A,,1,13TH AV,1,,,A,E,90.0,18TH ST,F,,D,8/1/2024 10:11:06 AM,2/3/2025 8:41:41 AM,,,2,,,,,,,
3148838,19-028300,2,False,0109,6/5/2019 1:39:00 PM,1339,,14,109,Oakland,1,True,True,B,SIDE SWIPE,,Wednesday,,,,,False,False,False,,C,OTHER MOTOR VEHICLE,,0,0,A,DAYLIGHT,,,,,,,A,NO PEDESTRIANS INVOLVED,,A,22107,,1,SAN LEANDRO ST,2,,,A,E,20.0,STONE ST,F,,D,8/1/2024 10:11:06 AM,2/3/2025 8:41:41 AM,,,2,,,,,,,
3148834,19-028331,2,False,0109,6/5/2019 6:24:00 PM,1824,26Y,14,109,Oakland,1,True,True,D,BROADSIDE,,Wednesday,,,,,False,False,False,,C,OTHER MOTOR VEHICLE,,2,0,A,DAYLIGHT,,,,,,,A,NO PEDESTRIANS INVOLVED,,A,21802A,,1,SAN LEANDRO ST,2,,,A,W,50.0,66TH AV,F,,D,8/1/2024 10:11:06 AM,2/3/2025 8:41:41 AM,,,2,,,,,,,
3148830,19-029950,2,False,0109,6/14/2019 9:58:00 AM,958,23X,14,109,Oakland,1,True,True,C,REAR END,,Friday,,,,,False,False,False,,C,OTHER MOTOR VEHICLE,,7,0,A,DAYLIGHT,,,,,,,A,NO PEDESTRIANS INVOLVED,,A,22350,,1,INTERNATIONAL BL,2,,,A,E,30.0,40TH AV,F,,A,8/1/2024 10:11:05 AM,2/3/2025 8:41:41 AM,,,2,,,,,,,
3148773,19-031175,2,False,0109,6/20/2019 12:00:00 PM,1200,27X,14,109,Oakland,1,True,True,E,HIT OBJECT,,Thursday,,,M,,False,False,True,,I,FIXED OBJECT,,1,0,A,DAYLIGHT,,,,,,,F,NOT IN ROAD,,A,22107,,1,COLE ST,2,,,A,S,138.0,BANCROFT AV,F,,D,8/1/2024 10:10:58 AM,2/3/2025 8:41:30 AM,,,2,,,,,,,
3148769,19-030982,2,False,0109,6/19/2019 3:35:00 PM,1535,25X,14,109,Oakland,1,True,True,D,BROADSIDE,,Wednesday,,,,,False,False,False,,C,OTHER MOTOR VEHICLE,,1,0,A,DAYLIGHT,,,,,,,A,NO PEDESTRIANS INVOLVED,,A,216501,,1,35TH AV,2,,,A,S,5.0,REDDING ST,F,,A,8/1/2024 10:10:58 AM,2/3/2025 8:41:30 AM,,,2,,,,,,,
3148764,19-030979,2,False,0109,6/19/2019 3:47:00 PM,1547,19X,14,109,Oakland,1,True,True,D,BROADSIDE,,Wednesday,,,,,False,False,False,,C,OTHER MOTOR VEHICLE,,1,0,A,DAYLIGHT,,,,,,,A,NO PEDESTRIANS INVOLVED,,A,21453A,,1,E 12TH ST,2,,,A,,,14TH AV,,,A,8/1/2024 10:10:57 AM,2/3/2025 8:41:30 AM,,,2,,,,,,,
3148761,19-029303,2,False,0109,6/11/2019 11:31:00 AM,1131,14X,14,109,Oakland,1,True,True,H,OTHER,,Tuesday,,,,,False,False,False,,G,BICYCLE,,1,0,A,DAYLIGHT,,,,,,,A,NO PEDESTRIANS INVOLVED,,A,22107,,1,GRAND AV,1,,,A,W,50.0,ELLITA,F,,D,8/1/2024 10:10:57 AM,2/3/2025 8:41:30 AM,,,2,,,,,,,
3148756,19-029771,2,False,0109,6/13/2019 12:05:00 PM,1205,06X,14,109,Oakland,1,True,True,D,BROADSIDE,,Thursday,,,,,False,False,True,,C,OTHER MOTOR VEHICLE,,1,0,A,DAYLIGHT,,,,,,,A,NO PEDESTRIANS INVOLVED,,A,21802A,,1,MARKET ST,1,,,A,,,31ST ST,,,A,8/1/2024 10:10:56 AM,2/3/2025 8:41:30 AM,,,2,,,,,,,
3148753,19-028230,2,False,0109,6/5/2019 9:40:00 AM,940,27X,14,109,Oakland,1,True,True,G,VEHICLE/PEDESTRAIN,,Wednesday,,,,,False,False,False,,B,PEDESTRIAN,,1,0,A,DAYLIGHT,,,,,,,B,CROSSING IN CROSS WALK AT INTERSECTION,,A,22106,,1,INTERNATIONAL BL,2,,,A,,,47TH AV,,,A,8/1/2024 10:10:55 AM,2/3/2025 8:41:29 AM,,,2,,,,,,,
3148749,19-027528,2,False,0109,6/1/2019 12:00:00 PM,1200,03X,14,109,Oakland,1,True,True,C,REAR END,,Saturday,,,,,False,False,False,,C,OTHER MOTOR VEHICLE,,1,0,A,DAYLIGHT,,,,,,,A,NO PEDESTRIANS INVOLVED,,A,22350,,1,FRANKLIN ST,1,,,A,N,20.0,12TH ST,F,,D,8/1/2024 10:10:55 AM,2/3/2025 8:41:29 AM,,,2,,,,,,,
3148745,19-027529,2,False,0109,6/1/2019 12:12:00 PM,1212,32Y,14,109,Oakland,1,True,True,D,BROADSIDE,,Saturday,,,,,False,False,True,,C,OTHER MOTOR VEHICLE,,1,0,A,DAYLIGHT,,,,,,,A,NO PEDESTRIANS INVOLVED,,A,21802A,,1,BANCROFT AV,2,,,A,,,108TH AV,,,A,8/1/2024 10:10:55 AM,2/3/2025 8:41:29 AM,,,2,,,,,,,
3148741,19-031618,2,False,0109,6/22/2019 10:27:00 PM,2227,06X,14,109,Oakland,1,True,True,D,BROADSIDE,,Saturday,,,,,False,False,False,,C,OTHER MOTOR VEHICLE,,1,0,A,DAYLIGHT,,,,,,,A,NO PEDESTRIANS INVOLVED,,A,21453A,,1,W MACARTHUR BL,1,,,A,,,MARKET ST,,,A,8/1/2024 10:10:54 AM,2/3/2025 8:41:29 AM,,,2,,,,,,,
3148737,19-027699,2,False,0109,6/2/2019 1:52:00 PM,1352,27X,14,109,Oakland,1,True,True,H,OTHER,,Sunday,,,,,False,False,False,,G,BICYCLE,,1,0,A,DAYLIGHT,,,,,,,A,NO PEDESTRIANS INVOLVED,,A,21802A,,1,SEMINARY AV,2,,,A,,,HAYES ST,,,A,8/1/2024 10:10:53 AM,2/3/2025 8:41:29 AM,,,2,,,,,,,
3147465,19-018568,2,False,0109,4/15/2019 10:45:00 PM,2245,31Y,14,109,Oakland,1,True,True,E,HIT OBJECT,,Monday,,,M,,False,False,False,,I,FIXED OBJECT,,0,0,D,DARK-NO STREET LIGHTS,,,,,,,A,NO PEDESTRIANS INVOLVED,,D,,,,OAKPORT ST,2,,,A,W,60.0,ZHONE WY,F,,D,8/1/2024 10:08:24 AM,2/3/2025 8:40:51 AM,,,2,,,,,,,
3147460,19-020428,2,False,0109,4/24/2019 1:32:00 PM,1332,03X,14,109,Oakland,1,True,True,D,BROADSIDE,,Wednesday,,,M,,False,False,False,,C,OTHER MOTOR VEHICLE,,0,0,A,DAYLIGHT,,,,,,,A,NO PEDESTRIANS INVOLVED,,A,21453A,,1,HARRISON ST,1,,,A,,,11TH ST,,,A,8/1/2024 10:08:24 AM,2/3/2025 8:40:51 AM,,,2,,,,,,,
3147450,19-021162,2,False,0109,4/28/2019 11:35:00 AM,1135,26Y,14,109,Oakland,1,True,True,C,REAR END,,Sunday,,,M,,False,False,False,,E,PARKED MOTOR VEHICLE,,0,0,A,DAYLIGHT,,,,,,,B,CROSSING IN CROSS WALK AT INTERSECTION,,A,22107,,1,73RD AV,2,,,A,N,100.0,HAMILTON ST,F,,D,8/1/2024 10:08:23 AM,2/3/2025 8:40:50 AM,,,2,,,,,,,
3147446,19021126,2,False,0109,4/28/2019 7:22:00 AM,722,29X,14,109,Oakland,1,True,True,A,HEAD-ON,,Sunday,,,M,,False,False,True,,E,PARKED MOTOR VEHICLE,,0,0,A,DAYLIGHT,,,,,,,A,NO PEDESTRIANS INVOLVED,,A,22107,,1,FLEMING AV,2,,,A,E,300.0,MORSE DR,F,,D,8/1/2024 10:08:22 AM,2/3/2025 8:40:50 AM,,,2,,,,,,,
3147442,19-019718,2,False,0109,4/20/2019 8:27:00 PM,2027,08X,14,109,Oakland,1,True,True,C,REAR END,,Saturday,,,M,,False,False,False,,E,PARKED MOTOR VEHICLE,,0,0,C,DARK-STREET LIGHTS,,,,,,,A,NO PEDESTRIANS INVOLVED,,A,22106,,1,PEARL ST,1,,,A,W,200.0,HARRISON ST,F,,D,8/1/2024 10:08:22 AM,2/3/2025 8:40:50 AM,,,2,,,,,,,
3147439,19-024270,2,False,0109,5/15/2019 4:30:00 AM,430,23X,14,109,Oakland,1,True,True,B,SIDE SWIPE,,Wednesday,,,M,,False,False,False,,C,OTHER MOTOR VEHICLE,,0,0,A,DAYLIGHT,,,,,,,A,NO PEDESTRIANS INVOLVED,,A,22107,,1,38TH AV,2,,,B,S,1000.0,FOOTHILL BL,F,,D,8/1/2024 10:08:21 AM,2/3/2025 8:40:50 AM,,,2,,,,,,,
3147438,19-021195,2,False,0109,4/28/2019 8:09:00 AM,809,27X,14,109,Oakland,1,True,True,B,SIDE SWIPE,,Sunday,,,M,,False,False,True,,E,PARKED MOTOR VEHICLE,,0,0,A,DAYLIGHT,,,,,,,A,NO PEDESTRIANS INVOLVED,,A,22107,,1,BANCROFT AV,2,,,A,E,50.0,46TH AV,F,,D,8/1/2024 10:08:21 AM,2/3/2025 8:40:50 AM,,,2,,,,,,,
3147435,19-020496,2,False,0109,4/24/2019 6:30:00 PM,1830,21X,14,109,Oakland,1,True,True,A,HEAD-ON,,Wednesday,,,M,,False,False,False,,C,OTHER MOTOR VEHICLE,,0,0,A,DAYLIGHT,,,,,,,A,NO PEDESTRIANS INVOLVED,,A,22450A,,1,E 20TH ST,2,,,A,,,26TH AV,,,A,8/1/2024 10:08:21 AM,2/3/2025 8:40:50 AM,,,2,,,,,,,
3147430,19-017271,2,False,0109,4/8/2019 11:17:00 PM,2317,31X,14,109,Oakland,1,True,True,B,SIDE SWIPE,,Monday,,,M,,False,False,True,,C,OTHER MOTOR VEHICLE,,0,0,C,DARK-STREET LIGHTS,,,,,,,A,NO PEDESTRIANS INVOLVED,,A,22350,,1,68TH AV,2,,,A,N,150.0,MACARTHUR BL,F,,D,8/1/2024 10:08:21 AM,2/3/2025 8:40:50 AM,,,2,,,,,,,
3147427,19-024984,2,False,0109,5/19/2019 12:09:00 PM,1209,32Y,14,109,Oakland,1,True,True,D,BROADSIDE,,Sunday,,,,,False,False,False,,C,OTHER MOTOR VEHICLE,,0,0,A,DAYLIGHT,,,,,,,A,NO PEDESTRIANS INVOLVED,,A,22350,,1,BIRCH ST,2,,,A,E,2.0,98TH AV,F,,A,8/1/2024 10:08:20 AM,2/3/2025 8:40:49 AM,,,2,,,,,,,
3147426,19-021409,2,False,0109,4/29/2019 9:48:00 PM,2148,31X,14,109,Oakland,1,True,True,A,HEAD-ON,,Monday,,,M,,False,False,True,,E,PARKED MOTOR VEHICLE,,0,0,A,DAYLIGHT,,,,,,,A,NO PEDESTRIANS INVOLVED,,A,22107,,1,ESTEPA DR,2,,,A,W,27.0,BERGEDO DR,F,,D,8/1/2024 10:08:20 AM,2/3/2025 8:40:50 AM,,,2,,,,,,,
3147422,19-021320,2,False,0109,4/29/2019 1:19:00 PM,1319,02X,14,109,Oakland,1,True,True,A,HEAD-ON,,Monday,,,M,,False,False,False,,C,OTHER MOTOR VEHICLE,,0,0,A,DAYLIGHT,,,,,,,A,NO PEDESTRIANS INVOLVED,,A,21453A,,1,12TH ST,1,,,A,,,BRUSH ST,,,A,8/1/2024 10:08:20 AM,2/3/2025 8:40:49 AM,,,2,,,,,,,
3147417,19-024453,2,False,0109,4/9/2019 3:22:00 AM,322,33X,14,109,Oakland,1,True,True,C,REAR END,,Tuesday,,,M,,False,False,False,,E,PARKED MOTOR VEHICLE,,0,0,C,DARK-STREET LIGHTS,,,,,,,A,NO PEDESTRIANS INVOLVED,,A,,,1,87TH AV,2,,,A,,,A ST,,,D,8/1/2024 10:08:19 AM,2/3/2025 8:40:49 AM,,,2,,,,,,,
3147414,19-031412,2,False,0109,6/21/2019 5:09:00 PM,1709,03X,14,109,Oakland,1,True,True,D,BROADSIDE,,Friday,,,,,False,False,False,,C,OTHER MOTOR VEHICLE,,0,0,A,DAYLIGHT,,,,,,,A,NO PEDESTRIANS INVOLVED,,A,21453A,,1,WEBSTER ST,1,,,A,,,13TH ST,,,A,8/1/2024 10:08:19 AM,2/3/2025 8:40:49 AM,,,2,,,,,,,
3147413,19-017622,2,False,0109,4/9/2019 6:48:00 PM,1848,30X,14,109,Oakland,1,True,True,B,SIDE SWIPE,,Tuesday,,,,,False,False,False,,G,BICYCLE,,0,0,A,DAYLIGHT,,,,,,,A,NO PEDESTRIANS INVOLVED,,A,22107,,1,INTERNATIONAL BL,2,,,A,,,78TH AV,,,D,8/1/2024 10:08:19 AM,2/3/2025 8:40:49 AM,,,2,,,,,,,
3147411,19-021771,2,False,0109,5/1/2019 9:19:00 PM,2119,31X,14,109,Oakland,1,True,True,C,REAR END,,Wednesday,,,M,,False,False,False,,C,OTHER MOTOR VEHICLE,,0,0,C,DARK-STREET LIGHTS,,,,,,,A,NO PEDESTRIANS INVOLVED,,A,22350,,1,HEGENBERGER RD,2,,,A,N,10.0,EDES AV,F,,A,8/1/2024 10:08:19 AM,2/3/2025 8:40:49 AM,,,2,,,,,,,
3147410,19-019986,2,False,0109,4/22/2019 3:20:00 PM,1520,27X,14,109,Oakland,1,True,True,B,SIDE SWIPE,,Monday,,,,,False,False,False,,C,OTHER MOTOR VEHICLE,,0,0,A,DAYLIGHT,,,,,,,A,NO PEDESTRIANS INVOLVED,,A,22107,,1,HIGH ST,2,,,A,,,BANCROFT AV,,,A,8/1/2024 10:08:19 AM,2/3/2025 8:40:49 AM,,,2,,,,,,,
3147409,19-031417,2,False,0109,6/21/2019 4:34:00 PM,1634,32Y,14,109,Oakland,1,True,True,D,BROADSIDE,,Friday,,,,,False,False,False,,C,OTHER MOTOR VEHICLE,,0,0,A,DAYLIGHT,,,,,,,A,NO PEDESTRIANS INVOLVED,,A,21802A,,1,SUNNYSIDE ST,2,,,A,,,107TH AV,,,A,8/1/2024 10:08:19 AM,2/3/2025 8:40:49 AM,,,2,,,,,,,
3147407,19-021864,2,False,0109,5/2/2019 7:52:00 AM,752,21X,14,109,Oakland,1,True,True,H,OTHER,,Thursday,,,M,,False,False,False,,I,FIXED OBJECT,,0,0,A,DAYLIGHT,,,,,,,A,NO PEDESTRIANS INVOLVED,,A,22107,,1,FRUITVALE AV,1,,,A,N,2.0,BONA ST,F,,D,8/1/2024 10:08:19 AM,2/3/2025 8:40:49 AM,,,2,,,,,,,
3147406,19-017706,2,False,0109,4/18/2019 7:56:00 AM,756,32Y,14,109,Oakland,1,True,True,B,SIDE SWIPE,,Thursday,,,M,,False,False,True,,E,PARKED MOTOR VEHICLE,,0,0,A,DAYLIGHT,,,,,,,A,NO PEDESTRIANS INVOLVED,,A,21663,,1,99TH AV,2,,,A,S,60.0,MACARTHUR BL,F,,D,8/1/2024 10:08:18 AM,2/3/2025 8:40:49 AM,,,2,,,,,,,
3147405,19-031613,2,False,0109,6/22/2019 9:53:00 PM,2153,30Y,14,109,Oakland,1,True,True,D,BROADSIDE,,Saturday,,,,,False,False,False,,C,OTHER MOTOR VEHICLE,,0,0,C,DARK-STREET LIGHTS,,,,,,,A,NO PEDESTRIANS INVOLVED,,A,22450A,,1,75TH AV,2,,,A,,,GARFIELD AV,,,A,8/1/2024 10:08:18 AM,2/3/2025 8:40:49 AM,,,2,,,,,,,
3147403,19-021860,2,False,0109,5/2/2019 6:44:00 AM,644,30X,14,109,Oakland,1,True,True,C,REAR END,,Thursday,,,,,False,False,True,,C,OTHER MOTOR VEHICLE,,0,0,A,DAYLIGHT,,,,,,,A,NO PEDESTRIANS INVOLVED,,A,21703,,1,INTERNATIONAL BL,2,,,A,,,SUNSHINE CT,,,D,8/1/2024 10:08:18 AM,2/3/2025 8:40:49 AM,,,2,,,,,,,
3147402,19-019319,2,False,0109,4/18/2019 4:30:00 PM,1630,13Z,14,109,Oakland,1,True,True,B,SIDE SWIPE,,Thursday,,,,,False,False,False,,C,OTHER MOTOR VEHICLE,,0,0,A,DAYLIGHT,,,,,,,A,NO PEDESTRIANS INVOLVED,,D,,,,MOUNTAIN BL,1,,,A,E,60.0,SNAKE,F,,A,8/1/2024 10:08:18 AM,2/3/2025 8:40:49 AM,,,2,,,,,,,
3147400,19-031576,2,False,0109,6/22/2019 4:56:00 PM,1656,02X,14,109,Oakland,1,True,True,E,HIT OBJECT,,Saturday,,,,,False,False,False,,I,FIXED OBJECT,,0,0,A,DAYLIGHT,,,,,,,A,NO PEDESTRIANS INVOLVED,,A,22107,,1,7TH ST,1,,,A,E,100.0,MANDELA PKWY,F,,A,8/1/2024 10:08:18 AM,2/3/2025 8:40:49 AM,,,2,,,,,,,
3147399,19-024164,2,False,0109,5/14/2019 4:40:00 PM,1640,22X,14,109,Oakland,1,True,True,D,BROADSIDE,,Tuesday,,,,,False,False,True,,C,OTHER MOTOR VEHICLE,,0,0,A,DAYLIGHT,,,,,,,A,NO PEDESTRIANS INVOLVED,,A,21802A,,1,PARK BL,1,,,A,,,ESTATES DR,,,D,8/1/2024 10:08:18 AM,2/3/2025 8:40:49 AM,,,2,,,,,,,
3147398,19-021094,2,False,0109,4/28/2019 1:55:00 AM,155,31X,14,109,Oakland,1,True,True,C,REAR END,,Sunday,,,M,,False,False,False,,C,OTHER MOTOR VEHICLE,,0,0,C,DARK-STREET LIGHTS,,,,,,,A,NO PEDESTRIANS INVOLVED,,A,22350,,1,HEGENBERGER RD,2,,,A,S,200.0,SAN LEANDRO ST,F,,D,8/1/2024 10:08:18 AM,2/3/2025 8:40:49 AM,,,2,,,,,,,
3147397,19-029761,2,False,0109,6/13/2019 11:00:00 AM,1100,35X,14,109,Oakland,1,True,True,B,SIDE SWIPE,,Thursday,,,,,False,False,False,,C,OTHER MOTOR VEHICLE,,0,0,A,DAYLIGHT,,,,,,,A,NO PEDESTRIANS INVOLVED,,A,22107,,1,MACARTHUR BL,2,,,A,E,20.0,82ND AV,F,,A,8/1/2024 10:08:17 AM,2/3/2025 8:40:49 AM,,,2,,,,,,,
3147396,19-022137,2,False,0109,5/3/2019 5:10:00 PM,1710,19X,14,109,Oakland,1,True,True,B,SIDE SWIPE,,Friday,,,,,False,False,True,,C,OTHER MOTOR VEHICLE,,0,0,A,DAYLIGHT,,,,,,,A,NO PEDESTRIANS INVOLVED,,A,22350,,1,E 12TH ST,1,,,A,W,20.0,22ND AV,F,,D,8/1/2024 10:08:17 AM,2/3/2025 8:40:49 AM,,,2,,,,,,,
3147394,19-031004,2,False,0109,6/19/2019 5:27:00 PM,1727,19X,14,109,Oakland,1,True,True,B,SIDE SWIPE,,Wednesday,,,,,False,False,False,,C,OTHER MOTOR VEHICLE,,0,0,A,DAYLIGHT,,,,,,,A,NO PEDESTRIANS INVOLVED,,A,21804A,,1,INTERNATIONAL BL,1,,,A,E,30.0,5TH AV,F,,A,8/1/2024 10:08:17 AM,2/3/2025 8:40:49 AM,,,2,,,,,,,
3147312,19-021727,2,False,0109,5/1/2019 3:23:00 PM,1523,03Y,14,109,Oakland,1,True,True,B,SIDE SWIPE,,Wednesday,,,,,False,False,False,,G,BICYCLE,,1,0,A,DAYLIGHT,,,,,,,A,NO PEDESTRIANS INVOLVED,,A,22100A,,1,7TH ST,1,,,A,,,MADISON ST,,,A,8/1/2024 10:08:08 AM,2/3/2025 8:40:46 AM,,,2,,,,,,,
3147308,19-024346,2,False,0109,5/15/2019 1:13:00 PM,1313,25X,14,109,Oakland,1,True,True,D,BROADSIDE,,Wednesday,,,,,False,False,True,,C,OTHER MOTOR VEHICLE,,1,0,A,DAYLIGHT,,,,,,,A,NO PEDESTRIANS INVOLVED,,A,21460A,,1,MOUNTAIN BL,2,,,B,W,280.0,GERANIUM PL,F,,A,8/1/2024 10:08:07 AM,2/3/2025 8:40:46 AM,,,2,,,,,,,
3147305,19-025852,2,False,0109,5/23/2019 4:11:00 PM,1611,31Z,14,109,Oakland,1,True,True,D,BROADSIDE,,Thursday,,,,,False,False,False,,C,OTHER MOTOR VEHICLE,,3,0,A,DAYLIGHT,,,,,,,A,NO PEDESTRIANS INVOLVED,,A,21802A,,1,105TH AV,2,,,A,,,PEARMAIN ST,,,A,8/1/2024 10:08:07 AM,2/3/2025 8:40:46 AM,,,2,,,,,,,
3147302,19-021664,2,False,0109,5/1/2019 7:33:00 AM,733,21X,14,109,Oakland,1,True,True,G,VEHICLE/PEDESTRAIN,,Wednesday,,,,,False,False,False,,B,PEDESTRIAN,,1,0,A,DAYLIGHT,,,,,,,B,CROSSING IN CROSS WALK AT INTERSECTION,,A,21950A,,1,PARK BL,1,,,A,,,HOLLYWOOD AV,,,A,8/1/2024 10:08:06 AM,2/3/2025 8:40:46 AM,,,2,,,,,,,