collision-id,report-number,report-version,is-preliminary,ncic-code,crash-date-time,crash-time-description,beat,city-id,city-code,city-name,county-code,city-is-active,city-is-incorporated,collision-type-code,collision-type-description,collision-type-other-desc,day-of-week,dispatch-notified,has-photographs,hit-run,is-attachments-mailed,is-deleted,is-highway-related,is-tow-away,judicial-district,motor-vehicle-involved-with-code,motor-vehicle-involved-with-desc,motor-vehicle-involved-with-other-desc,number-injured,number-killed,lighting-code,lighting-description,latitude,longitude,milepost-direction,milepost-distance,milepost-marker,milepost-unit-of-measure,pedestrian-action-code,pedestrian-action-desc,prepared-date,primary-collision-factor-code,primary-collision-factor-description,primary-collision-factor-is-cited,primary-collision-party-number,primary-road,reporting-district,reporting-district-code,reviewed-date,roadway-surface-code,secondary-direction,secondary-distance,secondary-road,secondary-unit-of-measure,sketch-desc,traffic-control-device-code,created-date,modified-date,is-county-road,is-freeway,chp-555-version,is-additonal-object-struck,notification-date,notification-time-description,has-digital-media-files,evidence-number,is-location-refer-to-narrative,is-aoi-one-same-as-location
3153997,19-022949,2,False,0109,5/8/2019 9:33:00 AM,933,02X,14,109,Oakland,1,True,True,D,BROADSIDE,,Wednesday,,,,,False,False,True,,C,OTHER MOTOR VEHICLE,,0,0,A,DAYLIGHT,,,,,,,A,NO PEDESTRIANS INVOLVED,,A,21453A,,1,7TH ST,1,,,A,,,UNION ST,,,A,8/1/2024 10:21:38 AM,1/31/2025 11:10:43 AM,,,2,,,,,,,
3153498,19-017216,2,False,0109,4/7/2019 4:56:00 PM,1656,23X,14,109,Oakland,1,True,True,G,VEHICLE/PEDESTRAIN,,Sunday,,,F,,False,False,False,,B,PEDESTRIAN,,2,0,A,DAYLIGHT,,,,,,,C,CROSSING IN CROSS WALK - NOT AT INTERSECTION,,A,22107,,1,42ND AV,2,,,A,,,INTERNATIONAL BL,,,A,8/1/2024 10:20:37 AM,1/31/2025 11:10:24 AM,,,2,,,,,,,
3153482,19-017143,2,False,0109,4/7/2019 2:51:00 AM,251,04X,14,109,Oakland,1,True,True,B,SIDE SWIPE,,Sunday,,,,,False,False,False,,C,OTHER MOTOR VEHICLE,,1,0,C,DARK-STREET LIGHTS,,,,,,,A,NO PEDESTRIANS INVOLVED,,A,22107,,1,14TH ST,1,,,A,,,HARRISON ST,,,A,8/1/2024 10:20:35 AM,1/31/2025 11:10:24 AM,,,2,,,,,,,
3153462,19-015681,2,False,0109,3/30/2019 12:17:00 AM,17,19X,14,109,Oakland,1,True,True,B,SIDE SWIPE,,Saturday,,,M,,False,False,False,,B,PEDESTRIAN,,1,0,C,DARK-STREET LIGHTS,,,,,,,C,CROSSING IN CROSS WALK - NOT AT INTERSECTION,,A,21950A,,1,INTERNATIONAL BL,1,,,A,,,11TH AV,,,D,8/1/2024 10:20:32 AM,2/3/2025 8:43:51 AM,,,2,,,,,,,
3153458,19-015914,2,False,0109,3/31/2019 2:33:00 PM,1433,23X,14,109,Oakland,1,True,True,D,BROADSIDE,,Sunday,,,M,,False,False,False,,C,OTHER MOTOR VEHICLE,,1,0,A,DAYLIGHT,,,,,,,A,NO PEDESTRIANS INVOLVED,,A,21453A,,1,INTERNATIONAL BL,2,,,A,,,35TH AV,,,A,8/1/2024 10:20:32 AM,2/3/2025 8:43:51 AM,,,2,,,,,,,
3153454,19-010588,2,False,0109,3/1/2019 6:23:00 PM,1823,23X,14,109,Oakland,1,True,True,D,BROADSIDE,,Friday,,,,,False,False,False,,B,PEDESTRIAN,,1,0,C,DARK-STREET LIGHTS,,,,,,,B,CROSSING IN CROSS WALK AT INTERSECTION,,D,,,,HIGH ST,2,,,B,,,INTERNATIONAL BL,,,A,8/1/2024 10:20:31 AM,2/3/2025 8:43:51 AM,,,2,,,,,,,
3153216,19-032274,2,False,0109,6/26/2019 9:00:00 AM,900,03X,14,109,Oakland,1,True,True,B,SIDE SWIPE,,Wednesday,,,,,False,False,False,,E,PARKED MOTOR VEHICLE,,0,0,A,DAYLIGHT,,,,,,,A,NO PEDESTRIANS INVOLVED,,A,22107,,1,14TH ST,1,,,A,W,40.0,FRANKLIN ST,F,,D,8/1/2024 10:19:59 AM,2/3/2025 8:43:45 AM,,,2,,,,,,,
3153212,19-031251,2,False,0109,6/20/2019 7:51:00 PM,1951,06X,14,109,Oakland,1,True,True,B,SIDE SWIPE,,Thursday,,,M,,False,False,False,,E,PARKED MOTOR VEHICLE,,0,0,A,DAYLIGHT,,,,,,,A,NO PEDESTRIANS INVOLVED,,A,22350,,1,SAN PABLO AV,1,,,A,S,15.0,26TH ST,F,,D,8/1/2024 10:19:58 AM,2/3/2025 8:43:45 AM,,,2,,,,,,,
3153208,19-028613,2,False,0109,6/7/2019 10:30:00 AM,1030,07X,14,109,Oakland,1,True,True,D,BROADSIDE,,Friday,,,M,,False,False,False,,C,OTHER MOTOR VEHICLE,,0,0,A,DAYLIGHT,,,,,,,A,NO PEDESTRIANS INVOLVED,,A,21802A,,1,SAN PABLO AV,1,,,A,,,MEAD AV,,,A,8/1/2024 10:19:58 AM,2/3/2025 8:43:45 AM,,,2,,,,,,,
3153192,19-022182,2,False,0109,5/3/2019 10:54:00 PM,2254,24X,14,109,Oakland,1,True,True,G,VEHICLE/PEDESTRAIN,,Friday,,,,,False,False,False,,B,PEDESTRIAN,,1,0,C,DARK-STREET LIGHTS,,,,,,,B,CROSSING IN CROSS WALK AT INTERSECTION,,A,21950A,,1,35TH AV,2,,,A,,,HAGEMAN AV,,,D,8/1/2024 10:19:56 AM,2/3/2025 8:43:44 AM,,,2,,,,,,,
3153084,19-022103,2,False,0109,5/3/2019 1:40:00 PM,1340,02X,14,109,Oakland,1,True,True,B,SIDE SWIPE,,Friday,,,,,False,False,False,,C,OTHER MOTOR VEHICLE,,0,0,A,DAYLIGHT,,,,,,,A,NO PEDESTRIANS INVOLVED,,A,22107,,1,7TH ST,1,,,A,,,MARKET ST,,,D,8/1/2024 10:19:41 AM,2/3/2025 8:43:41 AM,,,2,,,,,,,
3153080,19-022541,2,False,0109,5/6/2019 7:00:00 AM,700,06X,14,109,Oakland,1,True,True,H,OTHER,,Monday,,,M,,False,False,False,,C,OTHER MOTOR VEHICLE,,0,0,A,DAYLIGHT,,,,,,,A,NO PEDESTRIANS INVOLVED,,A,21453A,,1,MARTIN LUTHER KING JR WY,1,,,A,,,27TH ST,,,A,8/1/2024 10:19:40 AM,2/3/2025 8:43:41 AM,,,2,,,,,,,
3153076,19-022524,2,False,0109,5/6/2019 7:55:00 AM,755,10X,14,109,Oakland,1,True,True,D,BROADSIDE,,Monday,,,M,,False,False,False,,C,OTHER MOTOR VEHICLE,,0,0,A,DAYLIGHT,,,,,,,A,NO PEDESTRIANS INVOLVED,,A,22450A,,1,BAKER ST,1,,,B,,,63RD ST,,,D,8/1/2024 10:19:40 AM,2/3/2025 8:43:41 AM,,,2,,,,,,,
3153071,19-021810,2,False,0109,5/3/2019 3:49:00 AM,349,08X,14,109,Oakland,1,True,True,E,HIT OBJECT,,Friday,,,M,,False,False,True,,I,FIXED OBJECT,,0,0,C,DARK-STREET LIGHTS,,,,,,,B,CROSSING IN CROSS WALK AT INTERSECTION,,A,22107,,1,BROADWAY,1,,,A,N,120.0,HAWTHORNE AV,F,,A,8/1/2024 10:19:39 AM,2/3/2025 8:43:41 AM,,,2,,,,,,,
3153046,19-025796,2,False,0109,5/23/2019 10:19:00 AM,1019,07X,14,109,Oakland,1,True,True,D,BROADSIDE,,Thursday,,,,,False,False,True,,C,OTHER MOTOR VEHICLE,,1,0,A,DAYLIGHT,,,,,,,A,NO PEDESTRIANS INVOLVED,,A,21801A,,1,SAN PABLO AV,1,,,A,,,MEAD AV,,,D,8/1/2024 10:19:36 AM,2/3/2025 8:43:40 AM,,,2,,,,,,,
3153041,19-022448,2,False,0109,5/5/2019 2:56:00 PM,1456,34X,14,109,Oakland,1,True,True,C,REAR END,,Sunday,,,,,False,False,False,,C,OTHER MOTOR VEHICLE,,1,0,A,DAYLIGHT,,,,,,,A,NO PEDESTRIANS INVOLVED,,A,22107,,1,85TH AV,2,,,A,N,15.0,INTERNATIONAL BL,F,,D,8/1/2024 10:19:35 AM,2/3/2025 8:43:40 AM,,,2,,,,,,,
3153037,19-022207,2,False,0109,5/4/2019 2:06:00 AM,206,32X,14,109,Oakland,1,True,True,D,BROADSIDE,,Saturday,,,,,False,False,True,,C,OTHER MOTOR VEHICLE,,3,0,C,DARK-STREET LIGHTS,,,,,,,A,NO PEDESTRIANS INVOLVED,,A,22350,,1,SAN LEANDRO ST,2,,,A,W,100.0,98TH AV,F,,A,8/1/2024 10:19:35 AM,2/3/2025 8:43:40 AM,,,2,,,,,,,
3153007,19-031887,2,False,0109,6/24/2019 10:20:00 AM,1020,07X,14,109,Oakland,1,True,True,B,SIDE SWIPE,,Monday,,,,,False,False,False,,E,PARKED MOTOR VEHICLE,,0,0,A,DAYLIGHT,,,,,,,A,NO PEDESTRIANS INVOLVED,,A,22350,,1,SAN PABLO AV,1,,,A,N,90.0,BRUSH ST,F,,D,8/1/2024 10:19:31 AM,2/3/2025 8:43:39 AM,,,2,,,,,,,
3153003,19-022057,2,False,0109,5/3/2019 9:16:00 AM,916,33X,14,109,Oakland,1,True,True,C,REAR END,,Friday,,,,,False,False,False,,C,OTHER MOTOR VEHICLE,,0,0,A,DAYLIGHT,,,,,,,A,NO PEDESTRIANS INVOLVED,,A,22350,,1,98TH AV,1,,,A,S,25.0,B ST,F,,A,8/1/2024 10:19:31 AM,2/3/2025 8:43:39 AM,,,2,,,,,,,
3152999,19-030222,2,False,0109,6/15/2019 7:35:00 PM,1935,19X,14,109,Oakland,1,True,True,D,BROADSIDE,,Saturday,,,,,False,False,False,,E,PARKED MOTOR VEHICLE,,0,0,B,DUSK-DAWN,,,,,,,A,NO PEDESTRIANS INVOLVED,,A,23152A,,1,EMBARCADERO,1,,,A,,,EMBARCADERO 1840,,,D,8/1/2024 10:19:30 AM,2/3/2025 8:43:39 AM,,,2,,,,,,,
3152995,19-021095,2,False,0109,4/28/2019 1:52:00 AM,152,34X,14,109,Oakland,1,True,True,C,REAR END,,Sunday,,,,,False,False,True,,E,PARKED MOTOR VEHICLE,,0,0,C,DARK-STREET LIGHTS,,,,,,,A,NO PEDESTRIANS INVOLVED,,A,22107,,1,90TH AV,2,,,A,S,100.0,HOLLY ST,F,,A,8/1/2024 10:19:29 AM,2/3/2025 8:43:39 AM,,,2,,,,,,,
3152991,19-022155,2,False,0109,5/4/2019 7:30:00 PM,1930,02X,14,109,Oakland,1,True,True,B,SIDE SWIPE,,Saturday,,,M,,False,False,False,,C,OTHER MOTOR VEHICLE,,0,0,A,DAYLIGHT,,,,,,,A,NO PEDESTRIANS INVOLVED,,A,21650,,1,WILLOW ST,1,,,A,N,100.0,7TH ST,F,,A,8/1/2024 10:19:29 AM,2/3/2025 8:43:39 AM,,,2,,,,,,,
3151520,19-019482,2,False,0109,4/19/2019 8:30:00 AM,830,21,14,109,Oakland,1,True,True,B,SIDE SWIPE,,Friday,,,M,,False,False,False,,B,PEDESTRIAN,,1,0,A,DAYLIGHT,,,,,,,C,CROSSING IN CROSS WALK - NOT AT INTERSECTION,,A,21950A,,1,COOLIDGE AV,1,,,A,S,200.0,LOGAN ST,F,,D,8/1/2024 10:16:30 AM,2/3/2025 8:42:59 AM,,,2,,,,,,,
3151518,19-019171,2,False,0109,4/17/2019 9:07:00 PM,2107,27,14,109,Oakland,1,True,True,B,SIDE SWIPE,,Wednesday,,,,,False,False,False,,C,OTHER MOTOR VEHICLE,,2,0,C,DARK-STREET LIGHTS,,,,,,,A,NO PEDESTRIANS INVOLVED,,A,21802A,,1,45TH AV,2,,,A,,,BANCROFT AV,,,A,8/1/2024 10:16:29 AM,2/3/2025 8:42:59 AM,,,2,,,,,,,
3151516,19-017355,2,False,0109,4/8/2019 11:48:00 AM,1148,26,14,109,Oakland,1,True,True,D,BROADSIDE,,Monday,,,,,False,False,False,,G,BICYCLE,,1,0,A,DAYLIGHT,,,,,,,A,NO PEDESTRIANS INVOLVED,,A,216501,,1,INTERNATIONAL BL,2,,,A,,,73RD AV,,,A,8/1/2024 10:16:29 AM,2/3/2025 8:42:59 AM,,,2,,,,,,,
3151511,19-021475,2,False,0109,4/30/2019 8:30:00 AM,830,30Y,14,109,Oakland,1,True,True,B,SIDE SWIPE,,Tuesday,,,,,False,False,True,,C,OTHER MOTOR VEHICLE,,4,0,A,DAYLIGHT,,,,,,,A,NO PEDESTRIANS INVOLVED,,A,22350,,1,73RD AV,2,,,A,S,30.0,BANTRY AV,F,,D,8/1/2024 10:16:29 AM,2/3/2025 8:42:59 AM,,,2,,,,,,,
3151505,19-016071,2,False,0109,4/1/2019 2:11:00 PM,1411,19,14,109,Oakland,1,True,True,D,BROADSIDE,,Monday,,,,,False,False,False,,C,OTHER MOTOR VEHICLE,,1,0,A,DAYLIGHT,,,,,,,A,NO PEDESTRIANS INVOLVED,,A,21453A,,1,KENNEDY ST,1,,,A,,,E7TH ST,,,A,8/1/2024 10:16:28 AM,2/3/2025 8:42:58 AM,,,2,,,,,,,
3151478,19-018236,2,False,0109,4/12/2019 6:25:00 PM,1825,19X,14,109,Oakland,1,True,True,A,HEAD-ON,,Friday,,,,,False,False,True,,E,PARKED MOTOR VEHICLE,,0,0,A,DAYLIGHT,,,,,,,A,NO PEDESTRIANS INVOLVED,,A,23152A,,1,18TH AV,1,,,A,N,75.0,INTERNATIONAL BL,F,,D,8/1/2024 10:16:25 AM,2/3/2025 8:42:58 AM,,,2,,,,,,,
3151474,19-018559,2,False,0109,4/14/2019 9:36:00 PM,2136,23X,14,109,Oakland,1,True,True,B,SIDE SWIPE,,Sunday,,,,,False,False,False,,E,PARKED MOTOR VEHICLE,,0,0,C,DARK-STREET LIGHTS,,,,,,,A,NO PEDESTRIANS INVOLVED,,A,23152A,,1,35TH AV,2,,,A,N,200.0,FOOTHILL BL,F,,D,8/1/2024 10:16:24 AM,2/3/2025 8:42:57 AM,,,2,,,,,,,
3151470,19-020930,2,False,0109,4/27/2019 2:30:00 AM,230,26Y,14,109,Oakland,1,True,True,C,REAR END,,Saturday,,,,,False,False,False,,E,PARKED MOTOR VEHICLE,,0,0,C,DARK-STREET LIGHTS,,,,,,,A,NO PEDESTRIANS INVOLVED,,A,23152A,,1,62ND AV,2,,,A,S,60.0,MALDON ST,F,,D,8/1/2024 10:16:24 AM,2/3/2025 8:42:57 AM,,,2,,,,,,,
3151466,19-020757,2,False,0109,4/26/2019 7:11:00 AM,711,07X,14,109,Oakland,1,True,True,A,HEAD-ON,,Friday,,,M,,False,False,False,,I,FIXED OBJECT,,0,0,A,DAYLIGHT,,,,,,,A,NO PEDESTRIANS INVOLVED,,A,,,1,MANDELA PKWY,1,,,A,S,800.0,HORTON ST,F,,A,8/1/2024 10:16:23 AM,2/3/2025 8:42:57 AM,,,2,,,,,,,
3151462,19-019416,2,False,0109,4/19/2019 4:54:00 AM,454,21X,14,109,Oakland,1,True,True,D,BROADSIDE,,Friday,,,M,,False,False,False,,E,PARKED MOTOR VEHICLE,,0,0,C,DARK-STREET LIGHTS,,,,,,,A,NO PEDESTRIANS INVOLVED,,A,22107,,1,SCHOOL ST,1,,,A,E,50.0,CURRAN ST,F,,D,8/1/2024 10:16:23 AM,2/3/2025 8:42:57 AM,,,2,,,,,,,
3151458,19-019561,2,False,0109,4/19/2019 7:52:00 PM,1952,31Z,14,109,Oakland,1,True,True,D,BROADSIDE,,Friday,,,M,,False,False,False,,E,PARKED MOTOR VEHICLE,,0,0,C,DARK-STREET LIGHTS,,,,,,,A,NO PEDESTRIANS INVOLVED,,A,22350,,1,EL VERANO AV,2,,,A,W,50.0,ISLETON,F,,D,8/1/2024 10:16:22 AM,2/3/2025 8:42:57 AM,,,2,,,,,,,
3151453,19-021100,2,False,0109,4/28/2019 2:23:00 AM,223,26X,14,109,Oakland,1,True,True,E,HIT OBJECT,,Sunday,,,M,,False,False,False,,I,FIXED OBJECT,,0,0,C,DARK-STREET LIGHTS,,,,,,,A,NO PEDESTRIANS INVOLVED,,A,22107,,1,INTERNATIONAL BL,2,,,A,E,20.0,77TH AV,F,,A,8/1/2024 10:16:22 AM,2/3/2025 8:42:57 AM,,,2,,,,,,,
3151377,19-027172,2,False,0109,5/30/2019 3:02:00 PM,1502,18X,14,109,Oakland,1,True,True,A,HEAD-ON,,Thursday,,,,,False,False,False,,B,PEDESTRIAN,,2,0,A,DAYLIGHT,,,,,,,B,CROSSING IN CROSS WALK AT INTERSECTION,,A,22350,,1,23RD AV,1,,,A,N,10.0,E 21ST ST,F,,A,8/1/2024 10:16:12 AM,2/3/2025 8:42:55 AM,,,2,,,,,,,
3151251,19-026113,2,False,0109,5/25/2019 12:19:00 AM,19,32X,14,109,Oakland,1,True,True,D,BROADSIDE,,Saturday,,,,,False,False,True,,E,PARKED MOTOR VEHICLE,,0,0,C,DARK-STREET LIGHTS,,,,,,,A,NO PEDESTRIANS INVOLVED,,A,22107,,1,88TH AV,2,,,A,N,3.0,INTERNATIONAL BL,F,,D,8/1/2024 10:15:57 AM,2/3/2025 8:42:52 AM,,,2,,,,,,,
3151248,19-021741,2,False,0109,5/1/2019 5:02:00 PM,1702,19X,14,109,Oakland,1,True,True,G,VEHICLE/PEDESTRAIN,,Wednesday,,,,,False,False,False,,B,PEDESTRIAN,,0,0,A,DAYLIGHT,,,,,,,C,CROSSING IN CROSS WALK - NOT AT INTERSECTION,,D,,,,E 18TH ST,2,,,A,W,18.0,11TH AV,F,,D,8/1/2024 10:15:56 AM,2/3/2025 8:42:52 AM,,,2,,,,,,,
3151244,19-026070,2,False,0109,5/24/2019 6:16:00 PM,1816,26Y,14,109,Oakland,1,True,True,C,REAR END,,Friday,,,,,False,False,False,,C,OTHER MOTOR VEHICLE,,0,0,A,DAYLIGHT,,,,,,,A,NO PEDESTRIANS INVOLVED,,A,23152A,,1,HEGENBERGER RD,2,,,A,N,15.0,HAMILTON ST,F,,A,8/1/2024 10:15:56 AM,2/3/2025 8:42:51 AM,,,2,,,,,,,
3151239,19-024737,2,False,0109,5/17/2019 4:47:00 PM,1647,31X,14,109,Oakland,1,True,True,B,SIDE SWIPE,,Friday,,,,,False,False,False,,C,OTHER MOTOR VEHICLE,,0,0,A,DAYLIGHT,,,,,,,A,NO PEDESTRIANS INVOLVED,,A,22350,,1,HEGENBERGER RD,2,,,A,,,EDES AV,,,B,8/1/2024 10:15:55 AM,2/3/2025 8:42:51 AM,,,2,,,,,,,
3171193,19-034828,2,False,0109,7/9/2019 8:15:00 PM,2015,34X,14,109,Oakland,1,True,True,A,HEAD-ON,,Tuesday,,,,,False,False,False,,I,FIXED OBJECT,,1,0,A,DAYLIGHT,,,,,,,A,NO PEDESTRIANS INVOLVED,,A,22107,,1,98TH AV,2,,,A,N,20.0,WALTER AV,F,,D,8/1/2024 11:04:14 AM,1/31/2025 11:23:00 AM,,,2,,,,,,,
3171189,19-034050,2,False,0109,7/5/2019 6:54:00 PM,1854,19X,14,109,Oakland,1,True,True,A,HEAD-ON,,Friday,,,,,False,False,False,,C,OTHER MOTOR VEHICLE,,1,0,A,DAYLIGHT,,,,,,,A,NO PEDESTRIANS INVOLVED,,A,21801A,,1,FOOTHILL BL,1,,,A,,,22ND AV,,,A,8/1/2024 11:04:13 AM,1/31/2025 11:23:00 AM,,,2,,,,,,,
3171185,19-036973,2,False,0109,7/20/2019 6:18:00 PM,1818,13Y,14,109,Oakland,1,True,True,A,HEAD-ON,,Saturday,,,,,False,False,True,,C,OTHER MOTOR VEHICLE,,4,0,A,DAYLIGHT,,,,,,,A,NO PEDESTRIANS INVOLVED,,A,23152A,,1,GRIZZLY PEAK BL,1,,,A,E,0.2,CENTENNIAL DR,M,,D,8/1/2024 11:04:12 AM,1/31/2025 11:23:00 AM,,,2,,,,,,,
3170904,19-024809,2,False,0109,5/18/2019 12:30:00 AM,30,33X,14,109,Oakland,1,True,True,A,HEAD-ON,,Saturday,,,M,,False,False,False,,E,PARKED MOTOR VEHICLE,,0,0,C,DARK-STREET LIGHTS,,,,,,,A,NO PEDESTRIANS INVOLVED,,A,22107,,1,91ST AV,2,,,A,S,50.0,INTERNATIONAL BL,F,,D,8/1/2024 11:03:30 AM,1/31/2025 11:22:48 AM,,,2,,,,,,,
3168878,19-024249,2,False,0109,5/15/2019 8:07:00 AM,807,31X,14,109,Oakland,1,True,True,C,REAR END,,Wednesday,,,,,False,False,False,,C,OTHER MOTOR VEHICLE,,0,0,A,DAYLIGHT,,,,,,,A,NO PEDESTRIANS INVOLVED,,A,22350,,1,HEGENBERGER RD,2,,,B,N,1000.0,EDGEWATER DR,F,,A,8/1/2024 10:57:42 AM,1/31/2025 11:21:15 AM,,,2,,,,,,,
3168869,19-024761,2,False,0109,5/17/2019 8:35:00 PM,2035,34X,14,109,Oakland,1,True,True,B,SIDE SWIPE,,Friday,,,M,,False,False,False,,C,OTHER MOTOR VEHICLE,,0,0,C,DARK-STREET LIGHTS,,,,,,,A,NO PEDESTRIANS INVOLVED,,A,21209A,,1,BANCROFT AV,2,,,A,W,15.0,88TH AV,F,,D,8/1/2024 10:57:41 AM,1/31/2025 11:21:14 AM,,,2,,,,,,,
3168866,19-024212,2,False,0109,5/15/2019 12:19:00 AM,19,24X,14,109,Oakland,1,True,True,C,REAR END,,Wednesday,,,M,,False,False,False,,E,PARKED MOTOR VEHICLE,,0,0,C,DARK-STREET LIGHTS,,,,,,,A,NO PEDESTRIANS INVOLVED,,D,,,,36TH AV,2,,,A,,,FOOTHILL BL,,,A,8/1/2024 10:57:41 AM,1/31/2025 11:21:14 AM,,,2,,,,,,,
3168862,19-024678,2,False,0109,5/17/2019 9:58:00 AM,958,15X,14,109,Oakland,1,True,True,B,SIDE SWIPE,,Friday,,,,,False,False,False,,C,OTHER MOTOR VEHICLE,,0,0,A,DAYLIGHT,,,,,,,A,NO PEDESTRIANS INVOLVED,,D,,,,LAKESHORE AV,1,,,A,,,HANOVER AV,,,A,8/1/2024 10:57:40 AM,1/31/2025 11:21:14 AM,,,2,,,,,,,
3168859,19-024567,2,False,0109,5/16/2019 4:00:00 PM,1600,35X,14,109,Oakland,1,True,True,C,REAR END,,Thursday,,,,,False,False,False,,C,OTHER MOTOR VEHICLE,,0,0,A,DAYLIGHT,,,,,,,A,NO PEDESTRIANS INVOLVED,,A,22350,,1,92ND AV,2,,,A,,,BANCROFT AV,,,D,8/1/2024 10:57:40 AM,1/31/2025 11:21:14 AM,,,2,,,,,,,
3168854,19-024953,2,False,0109,5/19/2019 7:40:00 AM,740,27X,14,109,Oakland,1,True,True,B,SIDE SWIPE,,Sunday,,,,,False,False,False,,E,PARKED MOTOR VEHICLE,,0,0,B,DUSK-DAWN,,,,,,,A,NO PEDESTRIANS INVOLVED,,A,22107,,1,MELROSE AV,2,,,B,E,14.0,48TH AV,F,,D,8/1/2024 10:57:39 AM,1/31/2025 11:21:14 AM,,,2,,,,,,,
3168852,19-031679,2,False,0109,6/23/2019 10:12:00 AM,1012,24X,14,109,Oakland,1,True,True,C,REAR END,,Sunday,,,,,False,False,False,,G,BICYCLE,,0,0,A,DAYLIGHT,,,,,,,E,IN ROAD - INCLUDES SHOULDER,,A,22106,,1,38TH AV,2,,,A,N,10.0,LIESE ST,F,,D,8/1/2024 10:57:39 AM,1/31/2025 11:21:14 AM,,,2,,,,,,,
3168850,19-025025,2,False,0109,5/19/2019 5:57:00 PM,1757,27X,14,109,Oakland,1,True,True,D,BROADSIDE,,Sunday,,,,,False,False,False,,C,OTHER MOTOR VEHICLE,,0,0,A,DAYLIGHT,,,,,,,A,NO PEDESTRIANS INVOLVED,,A,22106,,1,50TH AV,2,,,A,N,100.0,INTERNATIONAL BL,F,,D,8/1/2024 10:57:39 AM,1/31/2025 11:21:14 AM,,,2,,,,,,,
3168848,19-02449,2,False,0109,6/6/2019 10:33:00 AM,1033,24X,14,109,Oakland,1,True,True,C,REAR END,,Thursday,,,,,False,False,False,,C,OTHER MOTOR VEHICLE,,0,0,A,DAYLIGHT,,,,,,,A,NO PEDESTRIANS INVOLVED,,A,22350A,,1,35TH AV,2,,,A,N,50.0,SCHOOL ST,F,,A,8/1/2024 10:57:38 AM,1/31/2025 11:21:13 AM,,,2,,,,,,,
3168846,19-024368,2,False,0109,5/15/2019 2:45:00 PM,1445,10X,14,109,Oakland,1,True,True,D,BROADSIDE,,Wednesday,,,,,False,False,False,,C,OTHER MOTOR VEHICLE,,0,0,A,DAYLIGHT,,,,,,,A,NO PEDESTRIANS INVOLVED,,A,21802A,,1,MARKET ST,1,,,A,,,54TH ST,,,D,8/1/2024 10:57:38 AM,1/31/2025 11:21:13 AM,,,2,,,,,,,
3168844,19-028052,2,False,0109,6/4/2019 11:13:00 AM,1113,33X,14,109,Oakland,1,True,True,C,REAR END,,Tuesday,,,,,False,False,False,,C,OTHER MOTOR VEHICLE,,0,0,A,DAYLIGHT,,,,,,,A,NO PEDESTRIANS INVOLVED,,A,22350,,1,INTERNATIONAL BL,2,,,A,,,85TH AV,,,A,8/1/2024 10:57:38 AM,1/31/2025 11:21:13 AM,,,2,,,,,,,
3168838,19-024878,2,False,0109,5/18/2019 2:03:00 PM,1403,31Z,14,109,Oakland,1,True,True,B,SIDE SWIPE,,Saturday,,,,,False,False,False,,C,OTHER MOTOR VEHICLE,,0,0,A,DAYLIGHT,,,,,,,A,NO PEDESTRIANS INVOLVED,,A,22450A,,1,105TH AV,2,,,B,W,30.0,RUSSETT ST,F,,D,8/1/2024 10:57:37 AM,1/31/2025 11:21:13 AM,,,2,,,,,,,
3168834,19-025033,2,False,0109,5/19/2019 5:51:00 PM,1751,08X,14,109,Oakland,1,True,True,B,SIDE SWIPE,,Sunday,,,,,False,False,False,,E,PARKED MOTOR VEHICLE,,0,0,A,DAYLIGHT,,,,,,,A,NO PEDESTRIANS INVOLVED,,A,22107,,1,TELEGRAPH AV,1,,,A,N,90.0,30TH ST,F,,A,8/1/2024 10:57:36 AM,1/31/2025 11:21:13 AM,,,2,,,,,,,
3168796,19-030465,2,False,0109,6/17/2019 8:33:00 AM,833,29,14,109,Oakland,1,True,True,D,BROADSIDE,,Monday,,,,,False,False,False,,C,OTHER MOTOR VEHICLE,,4,0,A,DAYLIGHT,,,,,,,A,NO PEDESTRIANS INVOLVED,,A,21802A,,1,73RD AV,2,,,A,,,AT OUTLOOK AV,,,D,8/1/2024 10:57:31 AM,1/31/2025 11:21:11 AM,,,2,,,,,,,
3168494,19-024150,2,False,0109,5/14/2019 3:40:00 PM,1540,31Y,14,109,Oakland,1,True,True,G,VEHICLE/PEDESTRAIN,,Tuesday,,,M,,False,False,False,,B,PEDESTRIAN,,1,0,A,DAYLIGHT,,,,,,,D,CROSSING - NOT IN CROSSWALK,,A,21954A,,1,HEGENBERGER LOOP,2,,,A,E,240.0,HEGENBERGER RD,F,,D,8/1/2024 10:56:46 AM,1/31/2025 11:20:59 AM,,,2,,,,,,,
3168490,19-025502,2,False,0109,5/21/2019 8:58:00 PM,2058,06X,14,109,Oakland,1,True,True,D,BROADSIDE,,Tuesday,,,F,,False,False,False,,C,OTHER MOTOR VEHICLE,,1,0,C,DARK-STREET LIGHTS,,,,,,,A,NO PEDESTRIANS INVOLVED,,A,21802A,,1,MARKET ST,1,,,A,,,32ND ST,,,D,8/1/2024 10:56:45 AM,1/31/2025 11:20:58 AM,,,2,,,,,,,
3168487,19-024353,2,False,0109,5/15/2019 1:30:00 PM,1330,04X,14,109,Oakland,1,True,True,D,BROADSIDE,,Wednesday,,,,,False,False,False,,C,OTHER MOTOR VEHICLE,,2,0,A,DAYLIGHT,,,,,,,A,NO PEDESTRIANS INVOLVED,,A,21453A,,1,18TH ST,1,,,B,,,BRUSH ST,,,A,8/1/2024 10:56:44 AM,1/31/2025 11:20:58 AM,,,2,,,,,,,
3168483,19-017215,2,False,0109,4/7/2019 4:57:00 PM,1657,23X,14,109,Oakland,1,True,True,G,VEHICLE/PEDESTRAIN,,Sunday,,,F,,False,False,False,,B,PEDESTRIAN,,1,0,A,DAYLIGHT,,,,,,,E,IN ROAD - INCLUDES SHOULDER,,A,22107,,1,42ND AV,2,,,A,,,INTERNATIONAL BL,,,A,8/1/2024 10:56:44 AM,1/31/2025 11:20:58 AM,,,2,,,,,,,