collision-id,report-number,report-version,is-preliminary,ncic-code,crash-date-time,crash-time-description,beat,city-id,city-code,city-name,county-code,city-is-active,city-is-incorporated,collision-type-code,collision-type-description,collision-type-other-desc,day-of-week,dispatch-notified,has-photographs,hit-run,is-attachments-mailed,is-deleted,is-highway-related,is-tow-away,judicial-district,motor-vehicle-involved-with-code,motor-vehicle-involved-with-desc,motor-vehicle-involved-with-other-desc,number-injured,number-killed,lighting-code,lighting-description,latitude,longitude,milepost-direction,milepost-distance,milepost-marker,milepost-unit-of-measure,pedestrian-action-code,pedestrian-action-desc,prepared-date,primary-collision-factor-code,primary-collision-factor-description,primary-collision-factor-is-cited,primary-collision-party-number,primary-road,reporting-district,reporting-district-code,reviewed-date,roadway-surface-code,secondary-direction,secondary-distance,secondary-road,secondary-unit-of-measure,sketch-desc,traffic-control-device-code,created-date,modified-date,is-county-road,is-freeway,chp-555-version,is-additonal-object-struck,notification-date,notification-time-description,has-digital-media-files,evidence-number,is-location-refer-to-narrative,is-aoi-one-same-as-location
3206126,19-036720,2,False,0109,7/19/2019 10:15:00 AM,1015,33X,14,109,Oakland,1,True,True,B,SIDE SWIPE,,Friday,,,,,False,False,False,,E,PARKED MOTOR VEHICLE,,0,0,A,DAYLIGHT,,,,,,,A,NO PEDESTRIANS INVOLVED,,A,22107,,1,87TH AV,2,,,A,S,60.0,A ST,F,,D,8/1/2024 1:43:39 PM,1/31/2025 11:52:13 AM,,,2,,,,,,,
3205703,19-036602,2,False,0109,7/18/2019 4:13:00 PM,1613,11X,14,109,Oakland,1,True,True,A,HEAD-ON,,Thursday,,,,,False,False,False,,I,FIXED OBJECT,,0,0,A,DAYLIGHT,,,,,,,A,NO PEDESTRIANS INVOLVED,,A,22350,,1,SHATTUCK AV,1,,,A,,,66TH ST,,,D,8/1/2024 1:43:18 PM,1/31/2025 11:51:49 AM,,,2,,,,,,,
3205700,19-034395,2,False,0109,7/7/2019 7:26:00 PM,1926,01X,14,109,Oakland,1,True,True,H,OTHER,,Sunday,,,M,,False,False,False,,I,FIXED OBJECT,,0,0,B,DUSK-DAWN,,,,,,,A,NO PEDESTRIANS INVOLVED,,A,22107,,1,BROADWAY,1,,,A,,,5TH ST,,,A,8/1/2024 1:43:18 PM,1/31/2025 11:51:49 AM,,,2,,,,,,,
3204118,19-034178,2,False,0109,7/6/2019 2:45:00 PM,1445,08X,14,109,Oakland,1,True,True,B,SIDE SWIPE,,Saturday,,,,,False,False,False,,C,OTHER MOTOR VEHICLE,,0,0,A,DAYLIGHT,,,,,,,A,NO PEDESTRIANS INVOLVED,,A,22100B,,1,W GRAND AV,1,,,A,,,TELEGRAPH AV,,,A,8/1/2024 1:41:58 PM,1/31/2025 11:50:17 AM,,,2,,,,,,,
3204114,19-035129,2,False,0109,7/11/2019 9:31:00 AM,931,19X,14,109,Oakland,1,True,True,H,OTHER,,Thursday,,,,,False,False,False,,C,OTHER MOTOR VEHICLE,,0,0,A,DAYLIGHT,,,,,,,A,NO PEDESTRIANS INVOLVED,,A,22106,,1,12TH ST,1,,,A,W,50.0,18TH AV,F,,D,8/1/2024 1:41:58 PM,1/31/2025 11:50:17 AM,,,2,,,,,,,
3204109,19-0354492,2,False,0109,7/13/2019 10:18:00 AM,1018,34X,14,109,Oakland,1,True,True,A,HEAD-ON,,Saturday,,,,,False,False,False,,E,PARKED MOTOR VEHICLE,,0,0,A,DAYLIGHT,,,,,,,A,NO PEDESTRIANS INVOLVED,,A,22107,,1,BIRCH ST,2,,,A,E,20.0,87TH AV,F,,D,8/1/2024 1:41:58 PM,1/31/2025 11:50:17 AM,,,2,,,,,,,
3204106,19-035128,2,False,0109,7/11/2019 9:49:00 AM,949,27X,14,109,Oakland,1,True,True,D,BROADSIDE,,Thursday,,,,,False,False,True,,C,OTHER MOTOR VEHICLE,,0,0,A,DAYLIGHT,,,,,,,A,NO PEDESTRIANS INVOLVED,,A,21802A,,1,BANCROFT AV,2,,,A,,,46TH AV,,,A,8/1/2024 1:41:58 PM,1/31/2025 11:50:17 AM,,,2,,,,,,,
3204102,19-033154,2,False,0109,7/1/2019 10:23:00 AM,1023,11X,14,109,Oakland,1,True,True,D,BROADSIDE,,Monday,,,,,False,False,False,,C,OTHER MOTOR VEHICLE,,0,0,A,DAYLIGHT,,,,,,,A,NO PEDESTRIANS INVOLVED,,A,21453A,,1,TELEGRAPH AV,1,,,A,,,56TH ST,,,A,8/1/2024 1:41:58 PM,1/31/2025 11:50:16 AM,,,2,,,,,,,
3204098,19-033860,2,False,0109,7/4/2019 6:23:00 PM,1823,10X,14,109,Oakland,1,True,True,D,BROADSIDE,,Thursday,,,,,False,False,False,,C,OTHER MOTOR VEHICLE,,0,0,A,DAYLIGHT,,,,,,,A,NO PEDESTRIANS INVOLVED,,A,22106,,1,46TH ST,1,,,A,W,280.0,MARTIN LUTHER KING JR WY,F,,D,8/1/2024 1:41:57 PM,1/31/2025 11:50:16 AM,,,2,,,,,,,
3204095,19-034261,2,False,0109,7/7/2019 12:40:00 AM,40,22X,14,109,Oakland,1,True,True,A,HEAD-ON,,Sunday,,,,,False,False,False,,I,FIXED OBJECT,,0,0,C,DARK-STREET LIGHTS,,,,,,,A,NO PEDESTRIANS INVOLVED,,A,22107,,1,LAGUNA AV,1,,,A,N,20.0,POTOMAC ST,F,,D,8/1/2024 1:41:57 PM,1/31/2025 11:50:16 AM,,,2,,,,,,,
3204090,19-035470,2,False,0109,7/13/2019 4:29:00 AM,429,26X,14,109,Oakland,1,True,True,A,HEAD-ON,,Saturday,,,M,,False,False,True,,I,FIXED OBJECT,,0,0,C,DARK-STREET LIGHTS,,,,,,,A,NO PEDESTRIANS INVOLVED,,A,22107,,1,INDEPENDENT RD,2,,,A,S,200.0,COLISEUM WY,F,,D,8/1/2024 1:41:57 PM,1/31/2025 11:50:16 AM,,,2,,,,,,,
3204087,19-034301,2,False,0109,7/7/2019 10:30:00 AM,1030,08X,14,109,Oakland,1,True,True,D,BROADSIDE,,Sunday,,,,,False,False,False,,C,OTHER MOTOR VEHICLE,,1,0,A,DAYLIGHT,,,,,,,A,NO PEDESTRIANS INVOLVED,,A,21801A,,1,W MACARTHUR BL,1,,,A,,,WEBSTER ST,,,A,8/1/2024 1:41:57 PM,1/31/2025 11:50:15 AM,,,2,,,,,,,
3203827,19-040879,2,False,0109,8/9/2019 10:40:00 AM,1040,35Y,14,109,Oakland,1,True,True,A,HEAD-ON,,Friday,,,M,,False,False,True,,I,FIXED OBJECT,,0,0,A,DAYLIGHT,,,,,,,A,NO PEDESTRIANS INVOLVED,,A,22350,,1,SKYLINE BL,2,,,A,E,50.0,KELLER AV,F,,D,8/1/2024 1:41:45 PM,1/31/2025 11:50:01 AM,,,2,,,,,,,
3203823,19-040439,2,False,0109,8/7/2019 11:38:00 PM,2338,03Y,14,109,Oakland,1,True,True,D,BROADSIDE,,Wednesday,,,M,,False,False,False,,C,OTHER MOTOR VEHICLE,,0,0,C,DARK-STREET LIGHTS,,,,,,,A,NO PEDESTRIANS INVOLVED,,A,22450A,,1,JEFFERSON ST,1,,,A,,,15TH ST,,,A,8/1/2024 1:41:45 PM,1/31/2025 11:50:01 AM,,,2,,,,,,,
3203462,19-040849,2,False,0109,8/10/2019 11:53:00 PM,2353,20X,14,109,Oakland,1,True,True,B,SIDE SWIPE,,Saturday,,,,,False,False,False,,C,OTHER MOTOR VEHICLE,,0,0,C,DARK-STREET LIGHTS,,,,,,,A,NO PEDESTRIANS INVOLVED,,A,21460A,,1,27TH AV,1,,,A,,,INTERNATIONAL BL,,,A,8/1/2024 1:41:27 PM,1/31/2025 11:49:41 AM,,,2,,,,,,,
3203459,19-040698,2,False,0109,8/9/2019 6:11:00 AM,611,27X,14,109,Oakland,1,True,True,A,HEAD-ON,,Friday,,,,,False,False,False,,E,PARKED MOTOR VEHICLE,,0,0,A,DAYLIGHT,,,,,,,A,NO PEDESTRIANS INVOLVED,,C,,,,46TH AV,2,,,A,N,30.0,BANCROFT AV,F,,D,8/1/2024 1:41:27 PM,1/31/2025 11:49:41 AM,,,2,,,,,,,
3203455,19-040549,2,False,0109,8/8/2019 1:11:00 PM,1311,04X,14,109,Oakland,1,True,True,H,OTHER,,Thursday,,,,,False,False,False,,H,ANIMAL,,0,0,A,DAYLIGHT,,,,,,,B,CROSSING IN CROSS WALK AT INTERSECTION,,A,21950A,,1,TELEGRAPH AV,1,,,A,,,W GRAND AV,,,A,8/1/2024 1:41:27 PM,1/31/2025 11:49:40 AM,,,2,,,,,,,
3203450,19-040731,2,False,0109,8/10/2019 12:00:00 AM,2500,06X,14,109,Oakland,1,True,True,E,HIT OBJECT,,Saturday,,,M,,False,False,True,,I,FIXED OBJECT,,0,0,A,DAYLIGHT,,,,,,,A,NO PEDESTRIANS INVOLVED,,A,22107,,1,MARTIN LUTHER KING JR WY,1,,,A,W,10.0,25TH ST,F,,A,8/1/2024 1:41:27 PM,1/31/2025 11:49:40 AM,,,2,,,,,,,
3203448,19-036997,2,False,0109,8/9/2019 4:00:00 PM,1600,06X,14,109,Oakland,1,True,True,B,SIDE SWIPE,,Friday,,,M,,False,False,False,,C,OTHER MOTOR VEHICLE,,0,0,A,DAYLIGHT,,,,,,,A,NO PEDESTRIANS INVOLVED,,A,22107,,1,WEST ST,1,,,A,,,28TH ST,,,D,8/1/2024 1:41:27 PM,1/31/2025 11:49:40 AM,,,2,,,,,,,
3203443,19-040924,2,False,0109,8/10/2019 9:12:00 PM,2112,34X,14,109,Oakland,1,True,True,B,SIDE SWIPE,,Saturday,,,M,,False,False,True,,C,OTHER MOTOR VEHICLE,,0,0,C,DARK-STREET LIGHTS,,,,,,,A,NO PEDESTRIANS INVOLVED,,A,22107,,1,96TH AV,2,,,A,S,20.0,BIRCH ST,F,,A,8/1/2024 1:41:27 PM,1/31/2025 11:49:40 AM,,,2,,,,,,,
3203441,19-040621,2,False,0109,8/8/2019 7:09:00 PM,1909,33X,14,109,Oakland,1,True,True,A,HEAD-ON,,Thursday,,,M,,False,False,False,,I,FIXED OBJECT,,0,0,A,DAYLIGHT,,,,,,,A,NO PEDESTRIANS INVOLVED,,A,22350,,1,81ST AV,2,,,A,S,10.0,SAN LEANDRO ST,F,,A,8/1/2024 1:41:26 PM,1/31/2025 11:49:39 AM,,,2,,,,,,,
3203436,19-040897,2,False,0109,8/10/2019 6:04:00 AM,604,17X,14,109,Oakland,1,True,True,B,SIDE SWIPE,,Saturday,,,,,False,False,False,,I,FIXED OBJECT,,0,0,A,DAYLIGHT,,,,,,,A,NO PEDESTRIANS INVOLVED,,A,22107,,1,MACARTHUR BL,1,,,A,E,20.0,BEAUMONT AV,F,,A,8/1/2024 1:41:26 PM,1/31/2025 11:49:39 AM,,,2,,,,,,,
3203231,19-049332,2,False,0109,9/22/2019 7:15:00 AM,715,24X,14,109,Oakland,1,True,True,B,SIDE SWIPE,,Sunday,,,,,False,False,False,,E,PARKED MOTOR VEHICLE,,0,0,A,DAYLIGHT,,,,,,,A,NO PEDESTRIANS INVOLVED,,A,22107,,1,HIGH ST,2,,,A,N,300.0,CARRINGTON ST,F,,D,8/1/2024 1:41:17 PM,1/31/2025 11:49:28 AM,,,2,,,,,,,
3203223,19-040751,2,False,0109,8/9/2019 1:54:00 PM,1354,23X,14,109,Oakland,1,True,True,A,HEAD-ON,,Friday,,,F,,False,False,False,,B,PEDESTRIAN,,1,0,A,DAYLIGHT,,,,,,,B,CROSSING IN CROSS WALK AT INTERSECTION,,A,21950A,,1,SAN LEANDRO ST,2,,,A,,,HIGH ST,,,A,8/1/2024 1:41:17 PM,1/31/2025 11:49:28 AM,,,2,,,,,,,
3203219,19-040943,2,False,0109,8/10/2019 11:51:00 AM,1151,32X,14,109,Oakland,1,True,True,C,REAR END,,Saturday,,,,,False,False,False,,C,OTHER MOTOR VEHICLE,,2,0,A,DAYLIGHT,,,,,,,A,NO PEDESTRIANS INVOLVED,,A,22350,,1,INTERNATIONAL BL,2,,,A,W,200.0,DURANT AV,F,,D,8/1/2024 1:41:17 PM,1/31/2025 11:49:27 AM,,,2,,,,,,,
3203215,19-040611,2,False,0109,8/8/2019 5:53:00 PM,1753,01X,14,109,Oakland,1,True,True,D,BROADSIDE,,Thursday,,,,,False,False,False,,,,,1,0,A,DAYLIGHT,,,,,,,A,NO PEDESTRIANS INVOLVED,,A,22350,,1,FRANKLIN ST,1,,,A,,,EMBARCADERO,,,A,8/1/2024 1:41:16 PM,1/31/2025 11:49:27 AM,,,2,,,,,,,
3203153,19-035237,2,False,0109,7/11/2019 9:43:00 PM,2143,22Y,14,109,Oakland,1,True,True,D,BROADSIDE,,Thursday,,,,,False,False,False,,C,OTHER MOTOR VEHICLE,,1,0,C,DARK-STREET LIGHTS,,,,,,,A,NO PEDESTRIANS INVOLVED,,A,21802A,,1,35TH AV,1,,,A,,,WISCONSIN ST,,,A,8/1/2024 1:41:14 PM,1/31/2025 11:49:24 AM,,,2,,,,,,,
3203152,19-035811,2,False,0109,7/15/2019 1:39:00 AM,139,27X,14,109,Oakland,1,True,True,A,HEAD-ON,,Monday,,,M,,False,False,True,,E,PARKED MOTOR VEHICLE,,0,0,C,DARK-STREET LIGHTS,,,,,,,A,NO PEDESTRIANS INVOLVED,,A,22107,,1,VICKSBURG AV,2,,,A,W,10.0,MONTICELLO AV,F,,D,8/1/2024 1:41:14 PM,1/31/2025 11:49:24 AM,,,2,,,,,,,
3203151,19-030422,2,False,0109,6/17/2019 12:47:00 AM,47,24X,14,109,Oakland,1,True,True,C,REAR END,,Monday,,,,,False,False,False,,E,PARKED MOTOR VEHICLE,,0,0,C,DARK-STREET LIGHTS,,,,,,,A,NO PEDESTRIANS INVOLVED,,D,,,,42ND AV,2,,,A,N,60.0,FOOTHILL BL,F,,A,8/1/2024 1:41:14 PM,1/31/2025 11:49:24 AM,,,2,,,,,,,
3203149,19-035321,2,False,0109,7/12/2019 9:47:00 AM,947,30Y,14,109,Oakland,1,True,True,D,BROADSIDE,,Friday,,,F,,False,False,False,,C,OTHER MOTOR VEHICLE,,1,0,A,DAYLIGHT,,,,,,,A,NO PEDESTRIANS INVOLVED,,A,21801A,,1,MACARTHUR BL,2,,,A,,,76TH AV,,,D,8/1/2024 1:41:14 PM,1/31/2025 11:49:24 AM,,,2,,,,,,,
3203148,19-034121,2,False,0109,7/6/2019 4:05:00 AM,405,31X,14,109,Oakland,1,True,True,B,SIDE SWIPE,,Saturday,,,M,,False,False,False,,E,PARKED MOTOR VEHICLE,,0,0,C,DARK-STREET LIGHTS,,,,,,,A,NO PEDESTRIANS INVOLVED,,A,22107,,1,105TH AV,2,,,A,S,450.0,KNIGHT ST,F,,D,8/1/2024 1:41:13 PM,1/31/2025 11:49:24 AM,,,2,,,,,,,
3203147,19-031463,2,False,0109,6/21/2019 10:35:00 PM,2235,03X,14,109,Oakland,1,True,True,A,HEAD-ON,,Friday,,,,,False,False,False,,C,OTHER MOTOR VEHICLE,,0,0,C,DARK-STREET LIGHTS,,,,,,,A,NO PEDESTRIANS INVOLVED,,A,21453A,,,9TH ST,1,,,A,,,JACKSON ST,,,A,8/1/2024 1:41:13 PM,1/31/2025 11:49:23 AM,,,2,,,,,,,
3203145,19-033657,2,False,0109,7/3/2019 2:36:00 PM,1436,06X,14,109,Oakland,1,True,True,D,BROADSIDE,,Wednesday,,,,,False,False,False,,C,OTHER MOTOR VEHICLE,,1,0,A,DAYLIGHT,,,,,,,A,NO PEDESTRIANS INVOLVED,,D,,,,MARTIN LUTHER KING JR WY,1,,,A,S,100.0,28TH ST,F,,D,8/1/2024 1:41:13 PM,1/31/2025 11:49:23 AM,,,2,,,,,,,
3203144,19038063,2,False,0109,7/26/2019 2:23:00 AM,223,07X,14,109,Oakland,1,True,True,D,BROADSIDE,,Friday,,,,,False,False,True,,E,PARKED MOTOR VEHICLE,,0,0,C,DARK-STREET LIGHTS,,,,,,,A,NO PEDESTRIANS INVOLVED,,A,22107,,1,ISABELLA ST,1,,,A,N,100.0,W GRAND AV,F,,D,8/1/2024 1:41:13 PM,1/31/2025 11:49:23 AM,,,2,,,,,,,
3203143,19-031991,2,False,0109,6/24/2019 6:34:00 PM,1834,13X,14,109,Oakland,1,True,True,H,OTHER,,Monday,,,,,False,False,False,,J,OTHER OBJECT,,0,0,A,DAYLIGHT,,,,,,,A,NO PEDESTRIANS INVOLVED,,A,22350,,1,GRIZZLY PEAK BL,1,,,A,,,S PARK DR,,,D,8/1/2024 1:41:13 PM,1/31/2025 11:49:23 AM,,,2,,,,,,,
3203142,19-033942,2,False,0109,7/5/2019 7:55:00 AM,755,12X,14,109,Oakland,1,True,True,D,BROADSIDE,,Friday,,,,,False,False,False,,C,OTHER MOTOR VEHICLE,,2,0,A,DAYLIGHT,,,,,,,A,NO PEDESTRIANS INVOLVED,,A,21801A,,1,CLAREMONT AV,1,,,A,,,FOREST ST,,,A,8/1/2024 1:41:13 PM,1/31/2025 11:49:23 AM,,,2,,,,,,,
3203140,19-035771,2,False,0109,7/15/2019 1:04:00 AM,104,28X,14,109,Oakland,1,True,True,E,HIT OBJECT,,Monday,,,M,,False,False,False,,J,OTHER OBJECT,,0,0,C,DARK-STREET LIGHTS,,,,,,,A,NO PEDESTRIANS INVOLVED,,A,22350,,1,MACARTHUR BL,2,,,A,,,55TH AV,,,A,8/1/2024 1:41:13 PM,1/31/2025 11:49:23 AM,,,2,,,,,,,
3203139,19-030317,2,False,0109,6/16/2019 11:41:00 AM,1141,26Y,14,109,Oakland,1,True,True,D,BROADSIDE,,Sunday,,,M,,False,False,False,,C,OTHER MOTOR VEHICLE,,0,0,A,DAYLIGHT,,,,,,,F,NOT IN ROAD,,A,21453A,,1,HEGENBERGER RD,2,,,A,S,100.0,HAMILTON ST,F,,A,8/1/2024 1:41:13 PM,1/31/2025 11:49:23 AM,,,2,,,,,,,
3203137,19-034305,2,False,0109,7/7/2019 11:00:00 AM,1100,09X,14,109,Oakland,1,True,True,D,BROADSIDE,,Sunday,,,,,False,False,False,,C,OTHER MOTOR VEHICLE,,1,0,B,DUSK-DAWN,,,,,,,A,NO PEDESTRIANS INVOLVED,,A,21453A,,1,OAKLAND AV,1,,,A,,,SANTA CLARA AV,,,A,8/1/2024 1:41:13 PM,1/31/2025 11:49:23 AM,,,2,,,,,,,
3203136,19-037532,2,False,0109,7/23/2019 4:00:00 PM,1600,07X,14,109,Oakland,1,True,True,D,BROADSIDE,,Tuesday,,,M,,False,False,False,,C,OTHER MOTOR VEHICLE,,0,0,A,DAYLIGHT,,,,,,,A,NO PEDESTRIANS INVOLVED,,A,21804A,,1,MARKET ST,1,,,A,S,30.0,MEAD AV,F,,A,8/1/2024 1:41:13 PM,1/31/2025 11:49:23 AM,,,2,,,,,,,
3203135,19-030108,2,False,0109,6/15/2019 4:15:00 AM,415,32X,14,109,Oakland,1,True,True,A,HEAD-ON,,Saturday,,,M,,False,False,True,,E,PARKED MOTOR VEHICLE,,0,0,C,DARK-STREET LIGHTS,,,,,,,A,NO PEDESTRIANS INVOLVED,,A,22107,,1,FOOTHILL BL,2,,,A,N,200.0,FRAZIER AV,F,,D,8/1/2024 1:41:13 PM,1/31/2025 11:49:23 AM,,,2,,,,,,,
3203133,19-034702,2,False,0109,7/9/2019 8:55:00 AM,855,05X,14,109,Oakland,1,True,True,D,BROADSIDE,,Tuesday,,,,,False,False,False,,C,OTHER MOTOR VEHICLE,,2,0,A,DAYLIGHT,,,,,,,A,NO PEDESTRIANS INVOLVED,,A,21802A,,1,W GRAND AV,1,,,A,,,WEST ST,,,D,8/1/2024 1:41:13 PM,1/31/2025 11:49:23 AM,,,2,,,,,,,
3203132,19-036179,2,False,0109,7/16/2019 7:13:00 PM,1913,32X,14,109,Oakland,1,True,True,C,REAR END,,Tuesday,,,M,,False,False,False,,E,PARKED MOTOR VEHICLE,,0,0,A,DAYLIGHT,,,,,,,A,NO PEDESTRIANS INVOLVED,,A,22107,,1,98TH AV,2,,,A,S,57.0,STEARNS AV,F,,A,8/1/2024 1:41:13 PM,1/31/2025 11:49:23 AM,,,2,,,,,,,
3203129,19-035245,2,False,0109,7/11/2019 10:45:00 PM,2245,26X,14,109,Oakland,1,True,True,D,BROADSIDE,,Thursday,,,,,False,False,False,,C,OTHER MOTOR VEHICLE,,1,0,C,DARK-STREET LIGHTS,,,,,,,A,NO PEDESTRIANS INVOLVED,,A,21453A,,,HIGH ST,2,,,A,,,E 12TH ST,,,A,8/1/2024 1:41:13 PM,1/31/2025 11:49:22 AM,,,2,,,,,,,
3203128,19-034107,2,False,0109,7/6/2019 1:05:00 AM,105,20X,14,109,Oakland,1,True,True,E,HIT OBJECT,,Saturday,,,M,,False,False,False,,I,FIXED OBJECT,,0,0,C,DARK-STREET LIGHTS,,,,,,,A,NO PEDESTRIANS INVOLVED,,A,22107,,1,FRUITVALE AV,1,,,A,N,5.0,ALAMEDA AV,F,,A,8/1/2024 1:41:13 PM,1/31/2025 11:49:22 AM,,,2,,,,,,,
3203127,19-030455,2,False,0109,6/17/2019 6:45:00 AM,645,24Y,14,109,Oakland,1,True,True,A,HEAD-ON,,Monday,,,M,,False,False,False,,E,PARKED MOTOR VEHICLE,,0,0,A,DAYLIGHT,,,,,,,A,NO PEDESTRIANS INVOLVED,,A,22107,,1,BARTLETT ST,2,,,A,N,300.0,BROOKDALE AV,F,,D,8/1/2024 1:41:13 PM,1/31/2025 11:49:22 AM,,,2,,,,,,,
3203125,19-033668,2,False,0109,7/3/2019 3:34:00 PM,1534,20X,14,109,Oakland,1,True,True,G,VEHICLE/PEDESTRAIN,,Wednesday,,,,,False,False,False,,G,BICYCLE,,1,0,A,DAYLIGHT,,,,,,,B,CROSSING IN CROSS WALK AT INTERSECTION,,A,21453A,,1,23RD AV,1,,,A,N,15.0,E 10TH ST,F,,A,8/1/2024 1:41:12 PM,1/31/2025 11:49:22 AM,,,2,,,,,,,
3203124,19-034846,2,False,0109,7/9/2019 9:45:00 PM,2145,35X,14,109,Oakland,1,True,True,C,REAR END,,Tuesday,,,M,,False,False,True,,E,PARKED MOTOR VEHICLE,,0,0,C,DARK-STREET LIGHTS,,,,,,,A,NO PEDESTRIANS INVOLVED,,A,22107,,1,MACARTHUR BL,2,,,A,E,87.0,84TH AV,F,,D,8/1/2024 1:41:12 PM,1/31/2025 11:49:22 AM,,,2,,,,,,,
3203121,19-033118,2,False,0109,7/1/2019 7:07:00 AM,707,27X,14,109,Oakland,1,True,True,D,BROADSIDE,,Monday,,,,,False,False,False,,C,OTHER MOTOR VEHICLE,,1,0,A,DAYLIGHT,,,,,,,A,NO PEDESTRIANS INVOLVED,,A,21802A,,1,FOOTHILL BL,2,,,A,,,COLE ST,,,D,8/1/2024 1:41:12 PM,1/31/2025 11:49:22 AM,,,2,,,,,,,
3203120,19-033738,2,False,0109,7/3/2019 11:05:00 PM,2305,07X,14,109,Oakland,1,True,True,B,SIDE SWIPE,,Wednesday,,,M,,False,False,True,,I,FIXED OBJECT,,0,0,C,DARK-STREET LIGHTS,,,,,,,A,NO PEDESTRIANS INVOLVED,,A,22350,,1,WEST GRAND AV,1,,,A,W,100.0,POPLAR ST,F,,D,8/1/2024 1:41:12 PM,1/31/2025 11:49:22 AM,,,2,,,,,,,
3203117,19-034794,2,False,0109,7/9/2019 4:07:00 PM,1607,32X,14,109,Oakland,1,True,True,B,SIDE SWIPE,,Tuesday,,,,,False,False,False,,C,OTHER MOTOR VEHICLE,,1,0,A,DAYLIGHT,,,,,,,A,NO PEDESTRIANS INVOLVED,,A,22350,,1,98TH AV,2,,,A,S,4.0,PLYMOUTH ST,F,,A,8/1/2024 1:41:12 PM,1/31/2025 11:49:22 AM,,,2,,,,,,,
3203113,19-036389,2,False,0109,7/17/2019 4:15:00 PM,1615,17X,14,109,Oakland,1,True,True,D,BROADSIDE,,Wednesday,,,M,,False,False,False,,E,PARKED MOTOR VEHICLE,,0,0,A,DAYLIGHT,,,,,,,A,NO PEDESTRIANS INVOLVED,,A,22107,,1,E 18TH ST,1,,,A,E,20.0,8TH AV,F,,A,8/1/2024 1:41:12 PM,1/31/2025 11:49:22 AM,,,2,,,,,,,
3203108,19-034337,2,False,0109,7/7/2019 5:00:00 AM,500,06X,14,109,Oakland,1,True,True,C,REAR END,,Sunday,,,M,,False,False,False,,E,PARKED MOTOR VEHICLE,,0,0,C,DARK-STREET LIGHTS,,,,,,,A,NO PEDESTRIANS INVOLVED,,A,22106,,1,23RD ST,1,,,A,W,30.0,MARTIN LUTHER KING JR,F,,D,8/1/2024 1:41:12 PM,1/31/2025 11:49:21 AM,,,2,,,,,,,
3202293,19-033582,2,False,0109,7/3/2019 9:07:00 AM,907,02,14,109,Oakland,1,True,True,E,HIT OBJECT,,Wednesday,,,M,,False,False,False,,B,PEDESTRIAN,,1,0,A,DAYLIGHT,,,,,,,B,CROSSING IN CROSS WALK AT INTERSECTION,,A,22107,,1,7TH ST,1,,,A,,,MANDELA PKWY,,,A,8/1/2024 1:40:36 PM,1/31/2025 11:48:37 AM,,,2,,,,,,,
3202289,19-032908,2,False,0109,6/29/2019 7:02:00 PM,1902,19X,14,109,Oakland,1,True,True,B,SIDE SWIPE,,Saturday,,,M,,False,False,False,,C,OTHER MOTOR VEHICLE,,0,0,A,DAYLIGHT,,,,,,,A,NO PEDESTRIANS INVOLVED,,A,22107,,1,E 10TH ST,1,,,A,W,33.0,5TH AV,F,,A,8/1/2024 1:40:35 PM,1/31/2025 11:48:37 AM,,,2,,,,,,,
3202286,19-032355,2,False,0109,6/26/2019 6:54:00 PM,1854,21X,14,109,Oakland,1,True,True,D,BROADSIDE,,Wednesday,,,,,False,False,False,,C,OTHER MOTOR VEHICLE,,1,0,A,DAYLIGHT,,,,,,,A,NO PEDESTRIANS INVOLVED,,A,21802A,,1,27TH AV,1,,,A,,,E 21ST ST,,,D,8/1/2024 1:40:35 PM,1/31/2025 11:48:37 AM,,,2,,,,,,,
3202285,19-032448,2,False,0109,6/27/2019 9:13:00 AM,913,04X,14,109,Oakland,1,True,True,E,HIT OBJECT,,Thursday,,,M,,False,False,False,,I,FIXED OBJECT,,0,0,A,DAYLIGHT,,,,,,,A,NO PEDESTRIANS INVOLVED,,A,22107,,1,19TH ST,1,,,A,,,HARRISON ST,,,A,8/1/2024 1:40:35 PM,1/31/2025 11:48:37 AM,,,2,,,,,,,
3202251,19-035131,2,False,0109,7/11/2019 9:48:00 AM,948,05Y,14,109,Oakland,1,True,True,D,BROADSIDE,,Thursday,,,,,False,False,False,,C,OTHER MOTOR VEHICLE,,0,0,A,DAYLIGHT,,,,,,,A,NO PEDESTRIANS INVOLVED,,A,21453A,,1,MARITIME ST,1,,,A,,,W 14TH ST,,,A,8/1/2024 1:40:34 PM,1/31/2025 11:48:35 AM,,,2,,,,,,,
3202247,19-032864,2,False,0109,6/29/2019 2:04:00 PM,1404,32X,14,109,Oakland,1,True,True,B,SIDE SWIPE,,Saturday,,,,,False,False,False,,C,OTHER MOTOR VEHICLE,,2,0,A,DAYLIGHT,,,,,,,A,NO PEDESTRIANS INVOLVED,,A,22450A,,1,MYERS ST,2,,,A,,,107TH AV,,,D,8/1/2024 1:40:33 PM,1/31/2025 11:48:35 AM,,,2,,,,,,,
3202243,19-033590,2,False,0109,7/3/2019 9:39:00 AM,939,27X,14,109,Oakland,1,True,True,C,REAR END,,Wednesday,,,,,False,False,False,,C,OTHER MOTOR VEHICLE,,0,0,A,DAYLIGHT,,,,,,,A,NO PEDESTRIANS INVOLVED,,A,22350,,1,INTERNATIONAL BL,2,,,A,E,10.0,SEMINARY AV,F,,A,8/1/2024 1:40:33 PM,1/31/2025 11:48:35 AM,,,2,,,,,,,
3202239,19-035282,2,False,0109,7/12/2019 5:40:00 AM,540,22X,14,109,Oakland,1,True,True,H,OTHER,,Friday,,,M,,False,False,False,,E,PARKED MOTOR VEHICLE,,0,0,A,DAYLIGHT,,,,,,,A,NO PEDESTRIANS INVOLVED,,A,22107,,1,MONTANA ST,1,,,A,E,350.0,CHAMPION ST,F,,D,8/1/2024 1:40:33 PM,1/31/2025 11:48:35 AM,,,2,,,,,,,
3202235,19-037333,2,False,0109,7/22/2019 8:39:00 PM,2039,02X,14,109,Oakland,1,True,True,D,BROADSIDE,,Monday,,,M,,False,False,False,,C,OTHER MOTOR VEHICLE,,0,0,B,DUSK-DAWN,,,,,,,A,NO PEDESTRIANS INVOLVED,,A,22450A,,1,CASTRO ST,1,,,A,,,3RD ST,,,D,8/1/2024 1:40:33 PM,1/31/2025 11:48:34 AM,,,2,,,,,,,