collision-id,report-number,report-version,is-preliminary,ncic-code,crash-date-time,crash-time-description,beat,city-id,city-code,city-name,county-code,city-is-active,city-is-incorporated,collision-type-code,collision-type-description,collision-type-other-desc,day-of-week,dispatch-notified,has-photographs,hit-run,is-attachments-mailed,is-deleted,is-highway-related,is-tow-away,judicial-district,motor-vehicle-involved-with-code,motor-vehicle-involved-with-desc,motor-vehicle-involved-with-other-desc,number-injured,number-killed,lighting-code,lighting-description,latitude,longitude,milepost-direction,milepost-distance,milepost-marker,milepost-unit-of-measure,pedestrian-action-code,pedestrian-action-desc,prepared-date,primary-collision-factor-code,primary-collision-factor-description,primary-collision-factor-is-cited,primary-collision-party-number,primary-road,reporting-district,reporting-district-code,reviewed-date,roadway-surface-code,secondary-direction,secondary-distance,secondary-road,secondary-unit-of-measure,sketch-desc,traffic-control-device-code,created-date,modified-date,is-county-road,is-freeway,chp-555-version,is-additonal-object-struck,notification-date,notification-time-description,has-digital-media-files,evidence-number,is-location-refer-to-narrative,is-aoi-one-same-as-location
3202230,19-029897,2,False,0109,6/11/2019 5:45:00 PM,1745,23X,14,109,Oakland,1,True,True,B,SIDE SWIPE,,Tuesday,,,M,,False,False,False,,E,PARKED MOTOR VEHICLE,,0,0,A,DAYLIGHT,,,,,,,A,NO PEDESTRIANS INVOLVED,,B,,,1,E 12TH ST,2,,,A,E,15.0,E 12TH ST 3921,F,,D,8/1/2024 1:40:33 PM,1/31/2025 11:48:34 AM,,,2,,,,,,,
3202228,19-041158,2,False,0109,8/11/2019 6:40:00 PM,1840,27,14,109,Oakland,1,True,True,B,SIDE SWIPE,,Sunday,,,M,,False,False,False,,C,OTHER MOTOR VEHICLE,,0,0,A,DAYLIGHT,,,,,,,A,NO PEDESTRIANS INVOLVED,,A,22107,,1,FOOTHILL BL,2,,,A,E,10.0,45TH AV,F,,A,8/1/2024 1:40:33 PM,1/31/2025 11:48:34 AM,,,2,,,,,,,
3202224,19-033766,2,False,0109,7/4/2019 3:02:00 AM,302,35,14,109,Oakland,1,True,True,C,REAR END,,Thursday,,,,,False,False,True,,E,PARKED MOTOR VEHICLE,,1,0,C,DARK-STREET LIGHTS,,,,,,,A,NO PEDESTRIANS INVOLVED,,A,22107,,1,88TH AV,2,,,A,N,263.0,BANCROFT AV,F,,D,8/1/2024 1:40:32 PM,1/31/2025 11:48:34 AM,,,2,,,,,,,
3202220,19-040928,2,False,0109,8/10/2019 10:13:00 AM,1013,21,14,109,Oakland,1,True,True,D,BROADSIDE,,Saturday,,,,,False,False,False,,C,OTHER MOTOR VEHICLE,,0,0,A,DAYLIGHT,,,,,,,A,NO PEDESTRIANS INVOLVED,,A,,,,DAVIS ST,1,,,A,,,FRUITVALE AV,,,A,8/1/2024 1:40:32 PM,1/31/2025 11:48:34 AM,,,2,,,,,,,
3218786,19-035728,2,False,0109,7/14/2019 7:03:00 PM,1903,20X,14,109,Oakland,1,True,True,D,BROADSIDE,,Sunday,,,M,,False,False,False,,C,OTHER MOTOR VEHICLE,,1,0,A,DAYLIGHT,,,,,,,A,NO PEDESTRIANS INVOLVED,,A,21453A,,1,ADELINE ST,1,,,A,,,7TH ST,,,A,8/1/2024 1:56:12 PM,1/31/2025 12:04:39 PM,,,2,,,,,,,
3218782,19-034807,2,False,0109,7/9/2019 5:18:00 PM,1718,27X,14,109,Oakland,1,True,True,G,VEHICLE/PEDESTRAIN,,Tuesday,,,,,False,False,False,,B,PEDESTRIAN,,1,0,A,DAYLIGHT,,,,,,,C,CROSSING IN CROSS WALK - NOT AT INTERSECTION,,A,21950A,,1,INTERNATIONAL BL,2,,,A,,,65TH AV,,,D,8/1/2024 1:56:12 PM,1/31/2025 12:04:39 PM,,,2,,,,,,,
3218771,19-038033,2,False,0109,7/25/2019 10:06:00 PM,2206,26X,14,109,Oakland,1,True,True,D,BROADSIDE,,Thursday,,,,,False,False,False,,C,OTHER MOTOR VEHICLE,,2,0,C,DARK-STREET LIGHTS,,,,,,,A,NO PEDESTRIANS INVOLVED,,A,22107,,1,SAN LEANDRO ST,2,,,A,E,1000.0,69TH AV,F,,D,8/1/2024 1:56:10 PM,1/31/2025 12:04:38 PM,,,2,,,,,,,
3218767,19-037320,2,False,0109,7/22/2019 6:14:00 PM,1814,29X,14,109,Oakland,1,True,True,A,HEAD-ON,,Monday,,,,,False,False,False,,C,OTHER MOTOR VEHICLE,,2,0,A,DAYLIGHT,,,,,,,A,NO PEDESTRIANS INVOLVED,,A,21801A,,1,SEMINARY AV,2,,,A,,,FORTUNE WY,,,A,8/1/2024 1:56:10 PM,1/31/2025 12:04:38 PM,,,2,,,,,,,
3218763,19-036783,2,False,0109,7/19/2019 4:50:00 PM,1650,04X,14,109,Oakland,1,True,True,H,OTHER,,Friday,,,,,False,False,False,,A,NON-COLLISION,,1,0,A,DAYLIGHT,,,,,,,A,NO PEDESTRIANS INVOLVED,,A,22350,,1,BROADWAY,1,,,A,N,50.0,22ND ST,F,,A,8/1/2024 1:56:09 PM,1/31/2025 12:04:37 PM,,,2,,,,,,,
3218759,19-036820,2,False,0109,7/19/2019 8:57:00 PM,2057,19X,14,109,Oakland,1,True,True,F,OVERTURNED,,Friday,,,,,False,False,True,,I,FIXED OBJECT,,1,0,D,DARK-NO STREET LIGHTS,,,,,,,A,NO PEDESTRIANS INVOLVED,,A,22107,,1,INTERNATIONAL BL,1,,,A,W,100.0,3RD AV,F,,D,8/1/2024 1:56:09 PM,1/31/2025 12:04:37 PM,,,2,,,,,,,
3218755,19-036629,2,False,0109,7/18/2019 7:20:00 PM,1920,17X,14,109,Oakland,1,True,True,D,BROADSIDE,,Thursday,,,,,False,False,False,,C,OTHER MOTOR VEHICLE,,1,0,B,DUSK-DAWN,,,,,,,A,NO PEDESTRIANS INVOLVED,,A,21802A,,1,12TH AV,1,,,A,,,FOOTHILL BL,,,A,8/1/2024 1:56:08 PM,1/31/2025 12:04:37 PM,,,2,,,,,,,
3218752,19-037684,2,False,0109,7/24/2019 11:27:00 AM,1127,31X,14,109,Oakland,1,True,True,D,BROADSIDE,,Wednesday,,,,,False,False,False,,C,OTHER MOTOR VEHICLE,,2,0,A,DAYLIGHT,,,,,,,A,NO PEDESTRIANS INVOLVED,,A,21802A,,1,ROLAND WY,2,,,A,,,EDGEWATER DR,,,D,8/1/2024 1:56:08 PM,1/31/2025 12:04:37 PM,,,2,,,,,,,
3218747,19-034250,2,False,0109,7/6/2019 11:04:00 PM,2304,31Y,14,109,Oakland,1,True,True,D,BROADSIDE,,Saturday,,,F,,False,False,True,,C,OTHER MOTOR VEHICLE,,2,0,C,DARK-STREET LIGHTS,,,,,,,A,NO PEDESTRIANS INVOLVED,,A,22450A,,1,98TH AV,2,,,A,,,PEARMAIN ST,,,A,8/1/2024 1:56:08 PM,1/31/2025 12:04:36 PM,,,2,,,,,,,
3218744,19-036779,2,False,0109,7/19/2019 4:37:00 PM,1637,02X,14,109,Oakland,1,True,True,D,BROADSIDE,,Friday,,,F,,False,False,False,,C,OTHER MOTOR VEHICLE,,2,0,A,DAYLIGHT,,,,,,,A,NO PEDESTRIANS INVOLVED,,A,22450A,,1,13TH ST,1,,,A,,,MANDELA PKWY,,,A,8/1/2024 1:56:07 PM,1/31/2025 12:04:36 PM,,,2,,,,,,,
3218739,19-037010,2,False,0109,7/21/2019 11:30:00 PM,2330,35X,14,109,Oakland,1,True,True,A,HEAD-ON,,Sunday,,,M,,False,False,False,,B,PEDESTRIAN,,1,0,C,DARK-STREET LIGHTS,,,,,,,E,IN ROAD - INCLUDES SHOULDER,,A,21954A,,1,MACARTHUR BL,2,,,A,E,80.0,94TH AV,F,,D,8/1/2024 1:56:07 PM,1/31/2025 12:04:36 PM,,,2,,,,,,,
3218735,19-038568,2,False,0109,7/29/2019 1:27:00 AM,127,06X,14,109,Oakland,1,True,True,D,BROADSIDE,,Monday,,,F,,False,False,False,,G,BICYCLE,,1,0,C,DARK-STREET LIGHTS,,,,,,,D,CROSSING - NOT IN CROSSWALK,,A,21453A,,1,SAN PABLO AV,1,,,A,,,36TH ST,,,A,8/1/2024 1:56:07 PM,1/31/2025 12:04:36 PM,,,2,,,,,,,
3218568,19-036763,2,False,0109,7/19/2019 4:16:00 PM,1616,20X,14,109,Oakland,1,True,True,A,HEAD-ON,,Friday,,,M,,False,False,False,,C,OTHER MOTOR VEHICLE,,0,0,A,DAYLIGHT,,,,,,,A,NO PEDESTRIANS INVOLVED,,A,22107,,1,29TH AV,1,,,A,S,20.0,E 12TH ST,F,,A,8/1/2024 1:55:55 PM,1/31/2025 12:04:25 PM,,,2,,,,,,,
3218564,19-037022,2,False,0109,7/21/2019 12:54:00 AM,54,21Y,14,109,Oakland,1,True,True,B,SIDE SWIPE,,Sunday,,,M,,False,False,False,,E,PARKED MOTOR VEHICLE,,0,0,C,DARK-STREET LIGHTS,,,,,,,A,NO PEDESTRIANS INVOLVED,,A,22107,,1,FRUITVALE AV,1,,,A,S,50.0,HYDE ST,F,,D,8/1/2024 1:55:55 PM,1/31/2025 12:04:25 PM,,,2,,,,,,,
3218556,19-036617,2,False,0109,7/18/2019 6:13:00 PM,1813,31X,14,109,Oakland,1,True,True,D,BROADSIDE,,Thursday,,,,,False,False,False,,C,OTHER MOTOR VEHICLE,,0,0,A,DAYLIGHT,,,,,,,A,NO PEDESTRIANS INVOLVED,,A,21801A,,1,HEGENBERGER RD,2,,,A,,,PARDEE DR,,,A,8/1/2024 1:55:54 PM,1/31/2025 12:04:25 PM,,,2,,,,,,,
3218545,19-036954,2,False,0109,7/20/2019 2:49:00 PM,1449,31Y,14,109,Oakland,1,True,True,C,REAR END,,Saturday,,,,,False,False,False,,C,OTHER MOTOR VEHICLE,,0,0,A,DAYLIGHT,,,,,,,A,NO PEDESTRIANS INVOLVED,,A,22350,,1,98TH AV,2,,,A,,,DENSLOWE AV,,,A,8/1/2024 1:55:54 PM,1/31/2025 12:04:24 PM,,,2,,,,,,,
3218542,19-034543,2,False,0109,7/8/2019 2:59:00 PM,1459,03Y,14,109,Oakland,1,True,True,C,REAR END,,Monday,,,M,,False,False,False,,C,OTHER MOTOR VEHICLE,,0,0,A,DAYLIGHT,,,,,,,A,NO PEDESTRIANS INVOLVED,,A,22106,,1,CASTRO ST,1,,,A,S,20.0,12TH ST,F,,A,8/1/2024 1:55:53 PM,1/31/2025 12:04:24 PM,,,2,,,,,,,
3218259,19-043839,2,False,0109,8/24/2019 5:59:00 PM,1759,33X,14,109,Oakland,1,True,True,D,BROADSIDE,,Saturday,,,M,,False,False,True,,C,OTHER MOTOR VEHICLE,,1,0,A,DAYLIGHT,,,,,,,A,NO PEDESTRIANS INVOLVED,,A,22350,,1,84TH AV,2,,,A,,,D ST,,,A,8/1/2024 1:55:34 PM,1/31/2025 12:04:07 PM,,,2,,,,,,,
3218256,19-043636,2,False,0109,8/22/2019 5:30:00 PM,1730,14X,14,109,Oakland,1,True,True,D,BROADSIDE,,Thursday,,,,,False,False,False,,G,BICYCLE,,1,0,A,DAYLIGHT,,,,,,,A,NO PEDESTRIANS INVOLVED,,D,,,,GRAND AV,1,,,A,S,50.0,DAVIDSON WY,F,,D,8/1/2024 1:55:34 PM,1/31/2025 12:04:07 PM,,,2,,,,,,,
3218251,19-044229,2,False,0109,8/26/2019 7:11:00 PM,1911,03X,14,109,Oakland,1,True,True,D,BROADSIDE,,Monday,,,,,False,False,False,,C,OTHER MOTOR VEHICLE,,1,0,B,DUSK-DAWN,,,,,,,A,NO PEDESTRIANS INVOLVED,,A,21453A,,1,13TH ST,1,,,A,,,OAK ST,,,A,8/1/2024 1:55:34 PM,1/31/2025 12:04:07 PM,,,2,,,,,,,
3218248,19-042571,2,False,0109,8/18/2019 1:14:00 PM,1314,34X,14,109,Oakland,1,True,True,B,SIDE SWIPE,,Sunday,,,,,False,False,False,,C,OTHER MOTOR VEHICLE,,1,0,A,DAYLIGHT,,,,,,,A,NO PEDESTRIANS INVOLVED,,A,21755,,1,INTERNATIONAL BL,2,,,A,,,87TH AV,,,D,8/1/2024 1:55:33 PM,1/31/2025 12:04:07 PM,,,2,,,,,,,
3218244,19-042622,2,False,0109,8/18/2019 6:42:00 PM,1842,09X,14,109,Oakland,1,True,True,D,BROADSIDE,,Sunday,,,,,False,False,True,,C,OTHER MOTOR VEHICLE,,2,0,A,DAYLIGHT,,,,,,,A,NO PEDESTRIANS INVOLVED,,A,21453A,,,OAKLAND AV,1,,,A,,,MACARTHUR BL,,,A,8/1/2024 1:55:33 PM,1/31/2025 12:04:06 PM,,,2,,,,,,,
3218241,19-043406,2,False,0109,8/22/2019 12:10:00 PM,1210,01X,14,109,Oakland,1,True,True,A,HEAD-ON,,Thursday,,,M,,False,False,False,,B,PEDESTRIAN,,1,0,C,DARK-STREET LIGHTS,,,,,,,,,,A,21950A,,1,EMBARCADERO W,1,,,A,,,11TH AV,,,D,8/1/2024 1:55:33 PM,1/31/2025 12:04:06 PM,,,2,,,,,,,
3218237,19-043032,2,False,0109,8/20/2019 5:21:00 PM,1721,32X,14,109,Oakland,1,True,True,D,BROADSIDE,,Tuesday,,,M,,False,False,False,,C,OTHER MOTOR VEHICLE,,1,0,A,DAYLIGHT,,,,,,,A,NO PEDESTRIANS INVOLVED,,A,22107,,1,HOLLY ST,2,,,A,,,99TH AV,,,D,8/1/2024 1:55:33 PM,1/31/2025 12:04:06 PM,,,2,,,,,,,
3218233,19-042828,2,False,0109,8/19/2019 5:02:00 PM,1702,34X,14,109,Oakland,1,True,True,C,REAR END,,Monday,,,,,False,False,False,,C,OTHER MOTOR VEHICLE,,2,0,A,DAYLIGHT,,,,,,,A,NO PEDESTRIANS INVOLVED,,A,22350,,1,BANCROFT AV,2,,,A,E,30.0,84TH AV,F,,D,8/1/2024 1:55:32 PM,1/31/2025 12:04:06 PM,,,2,,,,,,,
3218229,19-044070,2,False,0109,8/26/2019 7:29:00 AM,729,05X,14,109,Oakland,1,True,True,D,BROADSIDE,,Monday,,,,,False,False,False,,C,OTHER MOTOR VEHICLE,,1,0,A,DAYLIGHT,,,,,,,A,NO PEDESTRIANS INVOLVED,,A,21801A,,1,MANDELA PKWY,1,,,A,,,8TH AV,,,D,8/1/2024 1:55:32 PM,1/31/2025 12:04:05 PM,,,2,,,,,,,
3218226,19-043543,2,False,0109,8/23/2019 7:30:00 AM,730,31X,14,109,Oakland,1,True,True,D,BROADSIDE,,Friday,,,,,False,False,False,,C,OTHER MOTOR VEHICLE,,1,0,A,DAYLIGHT,,,,,,,A,NO PEDESTRIANS INVOLVED,,A,21801A,,1,98TH AV,2,,,A,,,AIRPORT ACCESS RD,,,A,8/1/2024 1:55:32 PM,1/31/2025 12:04:05 PM,,,2,,,,,,,
3218222,19-043447,2,False,0109,8/22/2019 3:46:00 PM,1546,33X,14,109,Oakland,1,True,True,D,BROADSIDE,,Thursday,,,,,False,False,False,,C,OTHER MOTOR VEHICLE,,1,0,A,DAYLIGHT,,,,,,,A,NO PEDESTRIANS INVOLVED,,A,21453A,,1,INTERNATIONAL BL,2,,,A,,,81ST AV,,,A,8/1/2024 1:55:32 PM,1/31/2025 12:04:05 PM,,,2,,,,,,,
3218218,19-043836,2,False,0109,8/24/2019 5:41:00 PM,1741,04X,14,109,Oakland,1,True,True,B,SIDE SWIPE,,Saturday,,,,,False,False,False,,G,BICYCLE,,1,0,A,DAYLIGHT,,,,,,,A,NO PEDESTRIANS INVOLVED,,A,21202A,,1,20TH ST,1,,,A,,,RASHIDA MUHAMMAD ST,,,D,8/1/2024 1:55:31 PM,1/31/2025 12:04:05 PM,,,2,,,,,,,
3218207,19-042044,2,False,0109,8/15/2019 10:59:00 PM,2259,24X,14,109,Oakland,1,True,True,A,HEAD-ON,,Thursday,,,,,False,False,True,,I,FIXED OBJECT,,1,0,C,DARK-STREET LIGHTS,,,,,,,A,NO PEDESTRIANS INVOLVED,,A,22350,,1,HIGH ST,2,,,A,S,100.0,BROOKDALE AV,F,,A,8/1/2024 1:55:31 PM,1/31/2025 12:04:04 PM,,,2,,,,,,,
3218203,19-043205,2,False,0109,8/21/2019 2:16:00 PM,1416,26X,14,109,Oakland,1,True,True,D,BROADSIDE,,Wednesday,,,,,False,False,False,,C,OTHER MOTOR VEHICLE,,2,0,A,DAYLIGHT,,,,,,,A,NO PEDESTRIANS INVOLVED,,A,21802A,,1,H ST,2,,,A,,,SAN LEANDRO ST,,,D,8/1/2024 1:55:31 PM,1/31/2025 12:04:04 PM,,,2,,,,,,,
3218199,19-053996,2,False,0109,10/16/2019 4:21:00 PM,1621,31Z,14,109,Oakland,1,True,True,C,REAR END,,Wednesday,,,M,,False,False,True,,E,PARKED MOTOR VEHICLE,,0,0,A,DAYLIGHT,,,,,,,A,NO PEDESTRIANS INVOLVED,,A,22350,,1,105TH AV,2,,,A,S,12.0,KNIGHT ST,F,,A,8/1/2024 1:55:30 PM,1/31/2025 12:04:04 PM,,,2,,,,,,,
3218196,19-056728,2,False,0109,10/20/2019 10:22:00 AM,1022,26X,14,109,Oakland,1,True,True,A,HEAD-ON,,Sunday,,,,,False,False,False,,I,FIXED OBJECT,,0,0,A,DAYLIGHT,,,,,,,A,NO PEDESTRIANS INVOLVED,,A,22107,,1,HIGH ST,2,,,A,S,300.0,SAN LEANDRO ST,F,,D,8/1/2024 1:55:30 PM,1/31/2025 12:04:03 PM,,,2,,,,,,,
3218168,19-042529,2,False,0109,8/18/2019 3:03:00 AM,303,31Y,14,109,Oakland,1,True,True,A,HEAD-ON,,Sunday,,,M,,False,False,True,,I,FIXED OBJECT,,0,0,C,DARK-STREET LIGHTS,,,,,,,A,NO PEDESTRIANS INVOLVED,,A,22107,,1,98TH AV,2,,,A,,,EMPIRE RD,,,A,8/1/2024 1:55:28 PM,1/31/2025 12:04:02 PM,,,2,,,,,,,
3218165,19-043421,2,False,0109,8/22/2019 1:14:00 PM,1314,14X,14,109,Oakland,1,True,True,B,SIDE SWIPE,,Thursday,,,M,,False,False,False,,C,OTHER MOTOR VEHICLE,,0,0,A,DAYLIGHT,,,,,,,A,NO PEDESTRIANS INVOLVED,,A,22107,,1,MACARTHUR BL,1,,,A,W,100.0,GRAND AV,F,,D,8/1/2024 1:55:28 PM,1/31/2025 12:04:02 PM,,,2,,,,,,,
3218160,19-042223,2,False,0109,8/16/2019 9:52:00 PM,2152,25X,14,109,Oakland,1,True,True,D,BROADSIDE,,Friday,,,,,False,False,False,,C,OTHER MOTOR VEHICLE,,0,0,C,DARK-STREET LIGHTS,,,,,,,A,NO PEDESTRIANS INVOLVED,,A,22350,,1,INTERNATIONAL BL,2,,,A,E,50.0,57TH AV,F,,D,8/1/2024 1:55:28 PM,1/31/2025 12:04:01 PM,,,2,,,,,,,
3218153,19-039548,2,False,0109,8/3/2019 4:50:00 AM,450,10X,14,109,Oakland,1,True,True,E,HIT OBJECT,,Saturday,,,M,,False,False,False,,I,FIXED OBJECT,,0,0,C,DARK-STREET LIGHTS,,,,,,,A,NO PEDESTRIANS INVOLVED,,A,22107,,1,53RD ST,1,,,A,W,100.0,SAN PABLO AV,F,,A,8/1/2024 1:55:27 PM,1/31/2025 12:04:01 PM,,,2,,,,,,,
3218149,19-044399,2,False,0109,8/27/2019 1:25:00 PM,1325,31X,14,109,Oakland,1,True,True,B,SIDE SWIPE,,Tuesday,,,M,,False,False,False,,C,OTHER MOTOR VEHICLE,,0,0,A,DAYLIGHT,,,,,,,A,NO PEDESTRIANS INVOLVED,,A,21800A,,1,DOOLITTLE DR,2,,,A,W,30.0,SWAN WY,F,,A,8/1/2024 1:55:27 PM,1/31/2025 12:04:01 PM,,,2,,,,,,,
3218145,19-044603,2,False,0109,8/28/2019 1:19:00 PM,1319,26X,14,109,Oakland,1,True,True,B,SIDE SWIPE,,Wednesday,,,M,,False,False,False,,C,OTHER MOTOR VEHICLE,,0,0,A,DAYLIGHT,,,,,,,A,NO PEDESTRIANS INVOLVED,,A,21460A,,1,66TH AV,2,,,A,S,200.0,SAN LEANDRO ST,F,,D,8/1/2024 1:55:26 PM,1/31/2025 12:04:00 PM,,,2,,,,,,,
3218141,19-044877,2,False,0109,8/29/2019 7:50:00 PM,1950,17X,14,109,Oakland,1,True,True,D,BROADSIDE,,Thursday,,,M,,False,False,False,,E,PARKED MOTOR VEHICLE,,0,0,A,DAYLIGHT,,,,,,,A,NO PEDESTRIANS INVOLVED,,A,22106,,1,7TH AV,1,,,A,S,100.0,E 21ST ST,F,,D,8/1/2024 1:55:26 PM,1/31/2025 12:04:00 PM,,,2,,,,,,,
3218138,19-045098,2,False,0109,8/31/2019 1:09:00 AM,109,30Y,14,109,Oakland,1,True,True,A,HEAD-ON,,Saturday,,,,,False,False,True,,I,FIXED OBJECT,,0,0,C,DARK-STREET LIGHTS,,,,,,,A,NO PEDESTRIANS INVOLVED,,A,22350,,1,MACARTHUR BL,2,,,A,,,73RD AV,,,A,8/1/2024 1:55:26 PM,1/31/2025 12:04:00 PM,,,2,,,,,,,
3218135,19-045229,2,False,0109,8/31/2019 7:09:00 PM,1909,30X,14,109,Oakland,1,True,True,B,SIDE SWIPE,,Saturday,,,,,False,False,True,,E,PARKED MOTOR VEHICLE,,0,0,B,DUSK-DAWN,,,,,,,A,NO PEDESTRIANS INVOLVED,,A,22107,,1,PLYMOUTH ST,2,,,A,,,79TH AV,,,A,8/1/2024 1:55:26 PM,1/31/2025 12:04:00 PM,,,2,,,,,,,
3218130,19-045055,2,False,0109,8/30/2019 7:41:00 PM,1941,03X,14,109,Oakland,1,True,True,D,BROADSIDE,,Friday,,,,,False,False,True,,C,OTHER MOTOR VEHICLE,,0,0,B,DUSK-DAWN,,,,,,,A,NO PEDESTRIANS INVOLVED,,A,21453A,,,13TH ST,1,,,A,,,OAK ST,,,A,8/1/2024 1:55:25 PM,1/31/2025 12:03:59 PM,,,2,,,,,,,
3218084,19-045366,2,False,0109,9/1/2019 5:15:00 PM,1715,34X,14,109,Oakland,1,True,True,B,SIDE SWIPE,,Sunday,,,M,,False,False,False,,C,OTHER MOTOR VEHICLE,,0,0,A,DAYLIGHT,,,,,,,A,NO PEDESTRIANS INVOLVED,,A,22107,,1,INTERNATIONAL BL,2,,,A,,,88TH AV,,,D,8/1/2024 1:55:22 PM,1/31/2025 12:03:56 PM,,,2,,,,,,,
3218080,19-045290,2,False,0109,9/1/2019 2:47:00 AM,247,32X,14,109,Oakland,1,True,True,B,SIDE SWIPE,,Sunday,,,M,,False,False,True,,E,PARKED MOTOR VEHICLE,,0,0,C,DARK-STREET LIGHTS,,,,,,,A,NO PEDESTRIANS INVOLVED,,A,22107,,1,BIRCH ST,2,,,A,W,20.0,102ND AV,F,,A,8/1/2024 1:55:22 PM,1/31/2025 12:03:56 PM,,,2,,,,,,,
3218076,19-045457,2,False,0109,9/2/2019 6:25:00 AM,625,20X,14,109,Oakland,1,True,True,E,HIT OBJECT,,Monday,,,M,,False,False,False,,I,FIXED OBJECT,,0,0,C,DARK-STREET LIGHTS,,,,,,,A,NO PEDESTRIANS INVOLVED,,A,22107,,1,29TH AV,1,,,A,,,CHAPMAN ST,,,D,8/1/2024 1:55:22 PM,1/31/2025 12:03:56 PM,,,2,,,,,,,
3218064,19-050081,2,False,0109,9/26/2019 2:36:00 AM,236,34X,14,109,Oakland,1,True,True,A,HEAD-ON,,Thursday,,,M,,False,False,False,,E,PARKED MOTOR VEHICLE,,0,0,C,DARK-STREET LIGHTS,,,,,,,A,NO PEDESTRIANS INVOLVED,,A,23152A,,1,SUNNYSIDE ST,2,,,A,E,354.0,94TH AV,F,,D,8/1/2024 1:55:21 PM,1/31/2025 12:03:55 PM,,,2,,,,,,,
3217934,19-042914,2,False,0109,8/20/2019 7:47:00 AM,747,23X,14,109,Oakland,1,True,True,B,SIDE SWIPE,,Tuesday,,,,,False,False,False,,C,OTHER MOTOR VEHICLE,,1,0,A,DAYLIGHT,,,,,,,A,NO PEDESTRIANS INVOLVED,,A,22106,,1,FRUITVALE AV,2,,,A,S,20.0,E 17TH ST,F,,B,8/1/2024 1:55:13 PM,1/31/2025 12:03:47 PM,,,2,,,,,,,
3217928,19-009169,2,False,0109,2/21/2019 2:26:00 PM,1426,02X,14,109,Oakland,1,True,True,H,OTHER,,Thursday,,,,,False,False,False,,E,PARKED MOTOR VEHICLE,,0,0,A,DAYLIGHT,,,,,,,A,NO PEDESTRIANS INVOLVED,,A,22107,,1,12TH ST,1,,,A,,,LINDEN ST,,,A,8/1/2024 1:55:12 PM,1/31/2025 12:03:47 PM,,,2,,,,,,,
3217922,19-043742,2,False,0109,8/24/2019 6:09:00 AM,609,33X,14,109,Oakland,1,True,True,B,SIDE SWIPE,,Saturday,,,,,False,False,False,,B,PEDESTRIAN,,0,0,A,DAYLIGHT,,,,,,,F,NOT IN ROAD,,C,,,,98TH AV,2,,,A,N,10.0,E ST,F,,D,8/1/2024 1:55:12 PM,1/31/2025 12:03:47 PM,,,2,,,,,,,
3217918,19-044310,2,False,0109,8/27/2019 8:00:00 AM,800,34X,14,109,Oakland,1,True,True,D,BROADSIDE,,Tuesday,,,,,False,False,False,,C,OTHER MOTOR VEHICLE,,2,0,A,DAYLIGHT,,,,,,,A,NO PEDESTRIANS INVOLVED,,A,21802A,,1,OLIVE ST,2,,,A,,,89TH AV,,,A,8/1/2024 1:55:12 PM,1/31/2025 12:03:47 PM,,,2,,,,,,,
3217917,19-013405,2,False,0109,3/17/2019 3:20:00 PM,1520,03X,14,109,Oakland,1,True,True,B,SIDE SWIPE,,Sunday,,,,,False,False,False,,C,OTHER MOTOR VEHICLE,,0,0,A,DAYLIGHT,,,,,,,A,NO PEDESTRIANS INVOLVED,,A,22107,,,8TH ST,1,,,A,E,50.0,ALICE ST,F,,D,8/1/2024 1:55:12 PM,1/31/2025 12:03:47 PM,,,2,,,,,,,
3217914,19-044056,2,False,0109,8/26/2019 3:42:00 AM,342,25X,14,109,Oakland,1,True,True,A,HEAD-ON,,Monday,,,M,,False,False,True,,C,OTHER MOTOR VEHICLE,,2,0,C,DARK-STREET LIGHTS,,,,,,,A,NO PEDESTRIANS INVOLVED,,A,22350,,1,MACARTHUR BL,2,,,A,,,GREEN ACRE RD,,,D,8/1/2024 1:55:11 PM,1/31/2025 12:03:46 PM,,,2,,,,,,,
3217913,19-039434,2,False,0109,8/2/2019 1:02:00 PM,1302,03Y,14,109,Oakland,1,True,True,D,BROADSIDE,,Friday,,,,,False,False,False,,C,OTHER MOTOR VEHICLE,,1,0,A,DAYLIGHT,,,,,,,A,NO PEDESTRIANS INVOLVED,,A,21453A,,,CASTRO ST,1,,,A,,,GERRY ADAMS WY,,,A,8/1/2024 1:55:11 PM,1/31/2025 12:03:46 PM,,,2,,,,,,,
3217912,19-044127,2,False,0109,8/26/2019 11:35:00 AM,1135,14X,14,109,Oakland,1,True,True,C,REAR END,,Monday,,,,,False,False,False,,C,OTHER MOTOR VEHICLE,,2,0,A,DAYLIGHT,,,,,,,A,NO PEDESTRIANS INVOLVED,,A,27103,,1,SANTA CLARA AV,1,,,A,W,50.0,GRAND AV,F,,A,8/1/2024 1:55:11 PM,1/31/2025 12:03:46 PM,,,2,,,,,,,
3217908,19-043920,2,False,0109,8/25/2019 5:12:00 PM,1712,05X,14,109,Oakland,1,True,True,B,SIDE SWIPE,,Sunday,,,M,,False,False,False,,E,PARKED MOTOR VEHICLE,,0,0,A,DAYLIGHT,,,,,,,A,NO PEDESTRIANS INVOLVED,,A,22107,,1,PERALTA ST,1,,,A,,,CENTER ST,,,D,8/1/2024 1:55:11 PM,1/31/2025 12:03:46 PM,,,2,,,,,,,
3217907,19-035159,2,False,0109,7/11/2019 12:07:00 PM,1207,07X,14,109,Oakland,1,True,True,D,BROADSIDE,,Thursday,,,,,False,False,False,,C,OTHER MOTOR VEHICLE,,0,0,A,DAYLIGHT,,,,,,,A,NO PEDESTRIANS INVOLVED,,A,21801A,,1,34TH ST,1,,,A,,,HAVEN ST,,,D,8/1/2024 1:55:11 PM,1/31/2025 12:03:46 PM,,,2,,,,,,,
3217905,19-016710,2,False,0109,4/4/2019 6:03:00 PM,1803,03X,14,109,Oakland,1,True,True,D,BROADSIDE,,Thursday,,,M,,False,False,True,,C,OTHER MOTOR VEHICLE,,2,0,A,DAYLIGHT,,,,,,,A,NO PEDESTRIANS INVOLVED,,A,23152A,,1,12TH ST,1,,,A,,,HARRISON ST,,,A,8/1/2024 1:55:11 PM,1/31/2025 12:03:46 PM,,,2,,,,,,,
3217904,19-038107,2,False,0109,7/26/2019 9:50:00 AM,950,04X,14,109,Oakland,1,True,True,B,SIDE SWIPE,,Friday,,,,,False,False,False,,E,PARKED MOTOR VEHICLE,,0,0,A,DAYLIGHT,,,,,,,A,NO PEDESTRIANS INVOLVED,,A,22107,,1,15TH ST,1,,,A,W,5.0,JEFFERSON ST,F,,A,8/1/2024 1:55:11 PM,1/31/2025 12:03:45 PM,,,2,,,,,,,