collision-id,report-number,report-version,is-preliminary,ncic-code,crash-date-time,crash-time-description,beat,city-id,city-code,city-name,county-code,city-is-active,city-is-incorporated,collision-type-code,collision-type-description,collision-type-other-desc,day-of-week,dispatch-notified,has-photographs,hit-run,is-attachments-mailed,is-deleted,is-highway-related,is-tow-away,judicial-district,motor-vehicle-involved-with-code,motor-vehicle-involved-with-desc,motor-vehicle-involved-with-other-desc,number-injured,number-killed,lighting-code,lighting-description,latitude,longitude,milepost-direction,milepost-distance,milepost-marker,milepost-unit-of-measure,pedestrian-action-code,pedestrian-action-desc,prepared-date,primary-collision-factor-code,primary-collision-factor-description,primary-collision-factor-is-cited,primary-collision-party-number,primary-road,reporting-district,reporting-district-code,reviewed-date,roadway-surface-code,secondary-direction,secondary-distance,secondary-road,secondary-unit-of-measure,sketch-desc,traffic-control-device-code,created-date,modified-date,is-county-road,is-freeway,chp-555-version,is-additonal-object-struck,notification-date,notification-time-description,has-digital-media-files,evidence-number,is-location-refer-to-narrative,is-aoi-one-same-as-location
3236452,19-054307,2,False,0109,10/18/2019 10:10:00 AM,1010,04X,14,109,Oakland,1,True,True,B,SIDE SWIPE,,Friday,,,,,False,False,False,,G,BICYCLE,,1,0,A,DAYLIGHT,,,,,,,A,NO PEDESTRIANS INVOLVED,,A,21453A,,1,WEBSTER ST,1,,,A,S,21.0,14TH ST,F,,A,8/1/2024 2:20:50 PM,1/31/2025 12:23:35 PM,,,2,,,,,,,
3236444,19-024752,2,False,0109,5/17/2019 6:20:00 PM,1820,06X,14,109,Oakland,1,True,True,D,BROADSIDE,,Friday,,,,,False,False,True,,C,OTHER MOTOR VEHICLE,,2,0,A,DAYLIGHT,,,,,,,A,NO PEDESTRIANS INVOLVED,,A,22350,,1,MACARTHUR BL,1,,,A,,,MARTIN LUTHER KING BL,,,A,8/1/2024 2:20:49 PM,1/31/2025 12:23:34 PM,,,2,,,,,,,
3236427,19-050672,2,False,0109,9/29/2019 9:18:00 AM,918,09X,14,109,Oakland,1,True,True,D,BROADSIDE,,Sunday,,,,,False,False,False,,C,OTHER MOTOR VEHICLE,,1,0,A,DAYLIGHT,,,,,,,A,NO PEDESTRIANS INVOLVED,,A,21453A,,1,MACARTHUR BL,1,,,A,,,OAKLAND AV,,,A,8/1/2024 2:20:47 PM,1/31/2025 12:23:33 PM,,,2,,,,,,,
3236423,19-047436,2,False,0109,9/12/2019 9:03:00 AM,903,15X,14,109,Oakland,1,True,True,D,BROADSIDE,,Thursday,,,,,False,False,False,,G,BICYCLE,,1,0,A,DAYLIGHT,,,,,,,A,NO PEDESTRIANS INVOLVED,,A,22450A,,1,HANOVER AV,1,,,A,,,WAYNE AV,,,A,8/1/2024 2:20:47 PM,1/31/2025 12:23:33 PM,,,2,,,,,,,
3234946,19-030493,2,False,0109,6/17/2019 10:36:00 AM,1036,23X,14,109,Oakland,1,True,True,G,VEHICLE/PEDESTRAIN,,Monday,,,,,False,False,False,,B,PEDESTRIAN,,1,0,A,DAYLIGHT,,,,,,,E,IN ROAD - INCLUDES SHOULDER,,D,,,,34TH AV,2,,,A,,,34TH AV 1500,,,D,8/1/2024 2:18:30 PM,1/31/2025 12:21:58 PM,,,2,,,,,,,
3234944,19-030039,2,False,0109,6/14/2019 5:55:00 PM,1755,17X,14,109,Oakland,1,True,True,B,SIDE SWIPE,,Friday,,,,,False,False,False,,C,OTHER MOTOR VEHICLE,,1,0,A,DAYLIGHT,,,,,,,A,NO PEDESTRIANS INVOLVED,,A,21802A,,1,E 18TH ST,1,,,A,,,11TH AV,,,A,8/1/2024 2:18:30 PM,1/31/2025 12:21:57 PM,,,2,,,,,,,
3234939,19-028360,2,False,0109,6/5/2019 11:55:00 PM,2355,13Y,14,109,Oakland,1,True,True,F,OVERTURNED,,Wednesday,,,,,False,False,False,,J,OTHER OBJECT,,4,0,D,DARK-NO STREET LIGHTS,,,,,,,A,NO PEDESTRIANS INVOLVED,,A,22350,,1,GRIZZLY PEAK BL,1,,,A,,,FISH RANCH RD,,,D,8/1/2024 2:18:29 PM,1/31/2025 12:21:57 PM,,,2,,,,,,,
3234351,19-051853,2,False,0109,10/5/2019 7:59:00 AM,759,10,14,109,Oakland,1,True,True,D,BROADSIDE,,Saturday,,,,,False,False,False,,C,OTHER MOTOR VEHICLE,,1,0,A,DAYLIGHT,,,,,,,A,NO PEDESTRIANS INVOLVED,,A,21453A,,1,55TH ST,1,,,A,,,MARTIN LUTHER KING JR WY,,,A,8/1/2024 2:17:38 PM,1/31/2025 12:21:18 PM,,,2,,,,,,,
3234347,19-049321,2,False,0109,9/22/2019 5:37:00 AM,537,26,14,109,Oakland,1,True,True,C,REAR END,,Sunday,,,F,,False,False,False,,C,OTHER MOTOR VEHICLE,,2,0,C,DARK-STREET LIGHTS,,,,,,,A,NO PEDESTRIANS INVOLVED,,A,22350,,1,COLISEUM WY,2,,,A,W,50.0,45TH AV,F,,D,8/1/2024 2:17:38 PM,1/31/2025 12:21:18 PM,,,2,,,,,,,
3234343,19-051125,2,False,0109,10/2/2019 11:00:00 AM,1100,03Y,14,109,Oakland,1,True,True,B,SIDE SWIPE,,Wednesday,,,M,,False,False,False,,E,PARKED MOTOR VEHICLE,,0,0,A,DAYLIGHT,,,,,,,A,NO PEDESTRIANS INVOLVED,,A,22107,,1,12TH ST,1,,,A,E,30.0,CLAY ST,F,,D,8/1/2024 2:17:37 PM,1/31/2025 12:21:18 PM,,,2,,,,,,,
3234340,19-059055,2,False,0109,11/12/2019 11:25:00 AM,1125,04X,14,109,Oakland,1,True,True,B,SIDE SWIPE,,Tuesday,,,,,False,False,False,,C,OTHER MOTOR VEHICLE,,1,0,A,DAYLIGHT,,,,,,,A,NO PEDESTRIANS INVOLVED,,A,22107,,1,17TH ST,1,,,A,E,60.0,SAN PABLO AV,F,,A,8/1/2024 2:17:37 PM,1/31/2025 12:21:18 PM,,,2,,,,,,,
3234335,19-055088,2,False,0109,10/22/2019 11:40:00 AM,1140,05,14,109,Oakland,1,True,True,D,BROADSIDE,,Tuesday,,,,,False,False,False,,C,OTHER MOTOR VEHICLE,,2,0,A,DAYLIGHT,,,,,,,A,NO PEDESTRIANS INVOLVED,,A,21453A,,1,13TH ST,1,,,A,,,WEBSTER ST,,,A,8/1/2024 2:17:36 PM,1/31/2025 12:21:17 PM,,,2,,,,,,,
3234331,19-056765,2,False,0109,10/31/2019 8:37:00 AM,837,03X,14,109,Oakland,1,True,True,B,SIDE SWIPE,,Thursday,,,,,False,False,False,,C,OTHER MOTOR VEHICLE,,0,0,A,DAYLIGHT,,,,,,,A,NO PEDESTRIANS INVOLVED,,A,22107,,1,7TH ST,1,,,A,,,ALICE ST,,,A,8/1/2024 2:17:36 PM,1/31/2025 12:21:17 PM,,,2,,,,,,,
3234328,19-018499,2,False,0109,4/14/2019 2:24:00 PM,1424,03X,14,109,Oakland,1,True,True,D,BROADSIDE,,Sunday,,,,,False,False,False,,C,OTHER MOTOR VEHICLE,,1,0,A,DAYLIGHT,,,,,,,A,NO PEDESTRIANS INVOLVED,,A,21453A,,,7TH ST,1,,,A,,,MARTIN LUTHER KING JR WY,,,A,8/1/2024 2:17:36 PM,1/31/2025 12:21:17 PM,,,2,,,,,,,
3234324,19-050028,2,False,0109,9/25/2019 6:34:00 PM,1834,21X,14,109,Oakland,1,True,True,D,BROADSIDE,,Wednesday,,,M,,False,False,False,,C,OTHER MOTOR VEHICLE,,0,0,A,DAYLIGHT,,,,,,,A,NO PEDESTRIANS INVOLVED,,A,21453,,1,FRUITVALE AV,1,,,A,,,E 27TH ST,,,A,8/1/2024 2:17:35 PM,1/31/2025 12:21:16 PM,,,2,,,,,,,
3234320,19-046934,2,False,0109,9/10/2019 1:02:00 AM,102,24X,14,109,Oakland,1,True,True,G,VEHICLE/PEDESTRAIN,,Tuesday,,,M,,False,False,True,,E,PARKED MOTOR VEHICLE,,0,0,C,DARK-STREET LIGHTS,,,,,,,A,NO PEDESTRIANS INVOLVED,,A,22107,,1,38TH AV,2,,,A,S,50.0,BROOKDALE AV,F,,A,8/1/2024 2:17:35 PM,1/31/2025 12:21:16 PM,,,2,,,,,,,
3234315,19-050004,2,False,0109,9/25/2019 4:34:00 PM,1634,24X,14,109,Oakland,1,True,True,B,SIDE SWIPE,,Wednesday,,,M,,False,False,False,,E,PARKED MOTOR VEHICLE,,0,0,A,DAYLIGHT,,,,,,,A,NO PEDESTRIANS INVOLVED,,A,22106,,1,PAXTON AV,2,,,A,W,1000.0,35TH AV,F,,D,8/1/2024 2:17:34 PM,1/31/2025 12:21:16 PM,,,2,,,,,,,
3234311,19-037382,2,False,0109,10/18/2019 12:20:00 AM,20,06X,14,109,Oakland,1,True,True,B,SIDE SWIPE,,Friday,,,M,,False,False,False,,E,PARKED MOTOR VEHICLE,,0,0,C,DARK-STREET LIGHTS,,,,,,,A,NO PEDESTRIANS INVOLVED,,A,22107,,1,MARTIN LUTHER KING JR WY,1,,,A,,,33RD ST,,,D,8/1/2024 2:17:34 PM,1/31/2025 12:21:15 PM,,,2,,,,,,,
3234306,19-039478,2,False,0109,1/19/2019 10:40:00 PM,2240,31X,14,109,Oakland,1,True,True,A,HEAD-ON,,Saturday,,,M,,False,False,True,,C,OTHER MOTOR VEHICLE,,0,0,A,DAYLIGHT,,,,,,,A,NO PEDESTRIANS INVOLVED,,A,22107,,1,HOLLY ST,2,,,A,,,83RD,,,D,8/1/2024 2:17:33 PM,1/31/2025 12:21:15 PM,,,2,,,,,,,
3234162,19-051692,2,False,0109,10/4/2019 11:10:00 AM,1110,07X,14,109,Oakland,1,True,True,D,BROADSIDE,,Friday,,,,,False,False,False,,C,OTHER MOTOR VEHICLE,,1,0,A,DAYLIGHT,,,,,,,A,NO PEDESTRIANS INVOLVED,,A,21802A,,1,28TH ST,1,,,A,,,ADELINE ST,,,A,8/1/2024 2:17:20 PM,1/31/2025 12:21:06 PM,,,2,,,,,,,
3234158,19-050063,2,False,0109,9/25/2019 10:50:00 PM,2250,123X,14,109,Oakland,1,True,True,D,BROADSIDE,,Wednesday,,,,,False,False,True,,C,OTHER MOTOR VEHICLE,,1,0,C,DARK-STREET LIGHTS,,,,,,,A,NO PEDESTRIANS INVOLVED,,D,,,,FRUITVALE AV,1,,,A,,,FOOTHILL BL,,,A,8/1/2024 2:17:20 PM,1/31/2025 12:21:06 PM,,,2,,,,,,,
3234154,19-049781,2,False,0109,9/24/2019 4:45:00 PM,1645,17,14,109,Oakland,1,True,True,H,OTHER,,Tuesday,,,,,False,False,False,,E,PARKED MOTOR VEHICLE,,0,0,A,DAYLIGHT,,,,,,,A,NO PEDESTRIANS INVOLVED,,A,22350,,1,E 22ND ST,1,,,A,E,100.0,9TH AV,F,,D,8/1/2024 2:17:20 PM,1/31/2025 12:21:06 PM,,,2,,,,,,,
3234150,19-056758,2,False,0109,10/31/2019 8:06:00 AM,806,32Y,14,109,Oakland,1,True,True,D,BROADSIDE,,Thursday,,,M,,False,False,False,,C,OTHER MOTOR VEHICLE,,2,0,A,DAYLIGHT,,,,,,,A,NO PEDESTRIANS INVOLVED,,A,21453A,,1,BANCROFT AV,2,,,A,,,98TH AV,,,A,8/1/2024 2:17:19 PM,1/31/2025 12:21:05 PM,,,2,,,,,,,
3234078,19-058859,2,False,0109,11/11/2019 10:51:00 AM,1051,03X,14,109,Oakland,1,True,True,D,BROADSIDE,,Monday,,,,,False,False,False,,C,OTHER MOTOR VEHICLE,,0,0,A,DAYLIGHT,,,,,,,A,NO PEDESTRIANS INVOLVED,,A,21453A,,,HARRISON ST,1,,,A,,,11TH ST,,,A,8/1/2024 2:17:12 PM,1/31/2025 12:21:01 PM,,,2,,,,,,,
3233828,19-044405,2,False,0109,8/27/2019 1:27:00 PM,1327,10Y,14,109,Oakland,1,True,True,B,SIDE SWIPE,,Tuesday,,,,,False,False,False,,C,OTHER MOTOR VEHICLE,,0,0,A,DAYLIGHT,,,,,,,A,NO PEDESTRIANS INVOLVED,,A,21658A,,1,MARTIN LUTHER KING JR WY,1,,,A,S,20.0,51ST ST,F,,A,8/1/2024 2:16:51 PM,1/31/2025 12:20:43 PM,,,2,,,,,,,
3233741,19-031912,2,False,0109,8/17/2019 12:49:00 PM,1249,26Y,14,109,Oakland,1,True,True,C,REAR END,,Saturday,,,,,False,False,False,,E,PARKED MOTOR VEHICLE,,1,0,A,DAYLIGHT,,,,,,,A,NO PEDESTRIANS INVOLVED,,A,22107,,1,EASTLAWN ST,2,,,A,E,75.0,61ST AV,F,,D,8/1/2024 2:16:43 PM,1/31/2025 12:20:38 PM,,,2,,,,,,,
3233695,19-045814,2,False,0109,9/4/2019 11:31:00 PM,2331,29X,14,109,Oakland,1,True,True,C,REAR END,,Wednesday,,,M,,False,False,False,,E,PARKED MOTOR VEHICLE,,0,0,C,DARK-STREET LIGHTS,,,,,,,A,NO PEDESTRIANS INVOLVED,,A,22107,,1,HAVENSCOURT BL,2,,,A,N,350.0,FOOTHILL,F,,D,8/1/2024 2:16:38 PM,1/31/2025 12:20:35 PM,,,2,,,,,,,
3233490,19-052572,2,False,0109,10/9/2019 12:35:00 AM,35,29X,14,109,Oakland,1,True,True,F,OVERTURNED,,Wednesday,,,,,False,False,True,,I,FIXED OBJECT,,0,0,C,DARK-STREET LIGHTS,,,,,,,A,NO PEDESTRIANS INVOLVED,,A,22350,,1,CIRCLE HILL DR,2,,,A,,,GREENLY DR,,,D,8/1/2024 2:16:19 PM,1/31/2025 12:20:21 PM,,,2,,,,,,,
3233486,19-056782,2,False,0109,10/31/2019 10:55:00 AM,1055,23X,14,109,Oakland,1,True,True,E,HIT OBJECT,,Thursday,,,,,False,False,False,,I,FIXED OBJECT,,0,0,A,DAYLIGHT,,,,,,,A,NO PEDESTRIANS INVOLVED,,A,22107,,1,FOOTHILL BL,2,,,A,E,100.0,HIGH ST,F,,B,8/1/2024 2:16:18 PM,1/31/2025 12:20:21 PM,,,2,,,,,,,
3233482,19-054108,2,False,0109,10/17/2019 9:21:00 AM,921,35Y,14,109,Oakland,1,True,True,C,REAR END,,Thursday,,,,,False,False,False,,C,OTHER MOTOR VEHICLE,,0,0,A,DAYLIGHT,,,,,,,A,NO PEDESTRIANS INVOLVED,,A,22350,,1,MOUNTAIN BL,2,,,A,W,350.0,CALAFIA AV,F,,A,8/1/2024 2:16:18 PM,1/31/2025 12:20:21 PM,,,2,,,,,,,
3233480,19-054528,2,False,0109,10/19/2019 3:39:00 PM,1539,07X,14,109,Oakland,1,True,True,B,SIDE SWIPE,,Saturday,,,,,False,False,False,,C,OTHER MOTOR VEHICLE,,0,0,A,DAYLIGHT,,,,,,,A,NO PEDESTRIANS INVOLVED,,A,22107,,1,PERALTA ST,1,,,A,,,UNION ST,,,A,8/1/2024 2:16:18 PM,1/31/2025 12:20:20 PM,,,2,,,,,,,
3233474,19-051697,2,False,0109,10/4/2019 9:15:00 AM,915,25X,14,109,Oakland,1,True,True,C,REAR END,,Friday,,,,,False,False,True,,C,OTHER MOTOR VEHICLE,,0,0,A,DAYLIGHT,,,,,,,A,NO PEDESTRIANS INVOLVED,,A,22350,,1,MOUNTAIN BL,2,,,A,E,25.0,RIFLE LN,F,,D,8/1/2024 2:16:17 PM,1/31/2025 12:20:20 PM,,,2,,,,,,,
3233473,19-038321,2,False,0109,7/27/2019 4:22:00 PM,1622,03X,14,109,Oakland,1,True,True,D,BROADSIDE,,Saturday,,,,,False,False,False,,C,OTHER MOTOR VEHICLE,,1,0,A,DAYLIGHT,,,,,,,A,NO PEDESTRIANS INVOLVED,,A,21453A,,1,10TH ST,1,,,A,,,HARRISON ST,,,A,8/1/2024 2:16:17 PM,1/31/2025 12:20:20 PM,,,2,,,,,,,
3233469,19-038523,2,False,0109,7/28/2019 7:50:00 PM,1950,24X,14,109,Oakland,1,True,True,D,BROADSIDE,,Sunday,,,M,,False,False,False,,C,OTHER MOTOR VEHICLE,,1,0,A,DAYLIGHT,,,,,,,A,NO PEDESTRIANS INVOLVED,,A,22350,,1,FOOTHILL AV,2,,,A,N,10.0,41ST AV,F,,A,8/1/2024 2:16:17 PM,1/31/2025 12:20:20 PM,,,2,,,,,,,
3233120,19-036093,2,False,0109,7/16/2019 9:40:00 AM,940,14,14,109,Oakland,1,True,True,B,SIDE SWIPE,,Tuesday,,,F,,False,False,False,,C,OTHER MOTOR VEHICLE,,0,0,A,DAYLIGHT,,,,,,,A,NO PEDESTRIANS INVOLVED,,D,,,,GRAND AV,1,,,A,,,GRAND AV 3242,,,D,8/1/2024 2:15:45 PM,1/31/2025 12:19:55 PM,,,2,,,,,,,
3233087,19-038009,2,False,0109,7/25/2019 6:45:00 PM,1845,02,14,109,Oakland,1,True,True,B,SIDE SWIPE,,Thursday,,,,,False,False,False,,B,PEDESTRIAN,,0,0,A,DAYLIGHT,,,,,,,E,IN ROAD - INCLUDES SHOULDER,,A,22107,,1,PERALTA ST,1,,,A,S,100.0,10TH ST,F,,D,8/1/2024 2:15:42 PM,1/31/2025 12:19:53 PM,,,2,,,,,,,
3233082,19-036842,2,False,0109,7/19/2019 11:23:00 PM,2323,17,14,109,Oakland,1,True,True,D,BROADSIDE,,Friday,,,,,False,False,False,,C,OTHER MOTOR VEHICLE,,0,0,C,DARK-STREET LIGHTS,,,,,,,A,NO PEDESTRIANS INVOLVED,,A,21802A,,1,14TH AV,1,,,A,,,32ND ST,,,A,8/1/2024 2:15:41 PM,1/31/2025 12:19:53 PM,,,2,,,,,,,
3233077,19-036822,2,False,0109,7/19/2019 9:34:00 PM,2134,30,14,109,Oakland,1,True,True,D,BROADSIDE,,Friday,,,M,,False,False,False,,D,MOTOR VEHICLE ON OTHER ROADWAY,,0,0,C,DARK-STREET LIGHTS,,,,,,,A,NO PEDESTRIANS INVOLVED,,A,22103,,1,73RD AV,2,,,A,,,WELD ST,,,A,8/1/2024 2:15:41 PM,1/31/2025 12:19:52 PM,,,2,,,,,,,
3232814,19-048572,2,False,0109,9/18/2019 1:35:00 PM,1335,26X,14,109,Oakland,1,True,True,D,BROADSIDE,,Wednesday,,,,,False,False,True,,C,OTHER MOTOR VEHICLE,,1,0,A,DAYLIGHT,,,,,,,A,NO PEDESTRIANS INVOLVED,,A,22106,,1,OAKPORT ST,2,,,A,W,450.0,66TH AV,F,,D,8/1/2024 2:15:18 PM,1/31/2025 12:19:35 PM,,,2,,,,,,,
3232810,19-043426,2,False,0109,8/22/2019 2:02:00 PM,1402,02X,14,109,Oakland,1,True,True,D,BROADSIDE,,Thursday,,,,,False,False,False,,C,OTHER MOTOR VEHICLE,,0,0,A,DAYLIGHT,,,,,,,A,NO PEDESTRIANS INVOLVED,,A,21801A,,1,MARKET ST,1,,,A,,,7TH ST,,,A,8/1/2024 2:15:18 PM,1/31/2025 12:19:35 PM,,,2,,,,,,,
3232809,19-049460,2,False,0109,9/22/2019 3:30:00 PM,1530,33X,14,109,Oakland,1,True,True,H,OTHER,,Sunday,,,M,,False,False,False,,E,PARKED MOTOR VEHICLE,,0,0,A,DAYLIGHT,,,,,,,A,NO PEDESTRIANS INVOLVED,,A,22106,,1,90TH AV,2,,,A,S,30.0,B ST,F,,D,8/1/2024 2:15:18 PM,1/31/2025 12:19:35 PM,,,2,,,,,,,
3232802,19-048394,2,False,0109,9/17/2019 1:06:00 PM,1306,12X,14,109,Oakland,1,True,True,B,SIDE SWIPE,,Tuesday,,,M,,False,False,False,,C,OTHER MOTOR VEHICLE,,0,0,A,DAYLIGHT,,,,,,,A,NO PEDESTRIANS INVOLVED,,A,22107,,1,62ND ST,1,,,A,,,COLLEGE AV,,,A,8/1/2024 2:15:17 PM,1/31/2025 12:19:34 PM,,,2,,,,,,,
3232800,19-044501,2,False,0109,8/27/2019 1:22:00 PM,1322,30X,14,109,Oakland,1,True,True,B,SIDE SWIPE,,Tuesday,,,M,,False,False,False,,C,OTHER MOTOR VEHICLE,,0,0,A,DAYLIGHT,,,,,,,A,NO PEDESTRIANS INVOLVED,,A,22107,,1,AVENAL AV,2,,,A,W,10.0,66TH AV,F,,D,8/1/2024 2:15:17 PM,1/31/2025 12:19:34 PM,,,2,,,,,,,
3232280,19-039648,2,False,0109,8/3/2019 7:39:00 PM,1939,07X,14,109,Oakland,1,True,True,D,BROADSIDE,,Saturday,,,M,,False,False,False,,C,OTHER MOTOR VEHICLE,,0,0,A,DAYLIGHT,,,,,,,A,NO PEDESTRIANS INVOLVED,,A,22450A,,1,ADELINE ST,1,,,A,,,35TH ST,,,A,8/1/2024 2:14:24 PM,1/31/2025 12:18:58 PM,,,2,,,,,,,
3232274,19-045092,2,False,0109,8/31/2019 12:56:00 AM,56,06X,14,109,Oakland,1,True,True,A,HEAD-ON,,Saturday,,,M,,False,False,False,,E,PARKED MOTOR VEHICLE,,0,0,D,DARK-NO STREET LIGHTS,,,,,,,A,NO PEDESTRIANS INVOLVED,,A,,,1,SYCAMORE ST,1,,,A,,,MARTIN LUTHER KING JR WY,,,D,8/1/2024 2:14:23 PM,1/31/2025 12:18:58 PM,,,2,,,,,,,
3232270,19-045262,2,False,0109,8/31/2019 10:54:00 PM,2254,30X,14,109,Oakland,1,True,True,B,SIDE SWIPE,,Saturday,,,M,,False,False,True,,C,OTHER MOTOR VEHICLE,,0,0,C,DARK-STREET LIGHTS,,,,,,,A,NO PEDESTRIANS INVOLVED,,A,22107,,1,BANCROFT AV,2,,,A,,,HAVENSCOURT BL,,,D,8/1/2024 2:14:23 PM,1/31/2025 12:18:57 PM,,,2,,,,,,,
3232267,19-045236,2,False,0109,8/31/2019 7:00:00 PM,1900,26X,14,109,Oakland,1,True,True,C,REAR END,,Saturday,,,M,,False,False,False,,C,OTHER MOTOR VEHICLE,,0,0,A,DAYLIGHT,,,,,,,A,NO PEDESTRIANS INVOLVED,,A,22350,,1,INTERNATIONAL BL,2,,,A,,,65TH AV,,,D,8/1/2024 2:14:23 PM,1/31/2025 12:18:57 PM,,,2,,,,,,,
3232263,19-045314,2,False,0109,8/21/2019 10:09:00 AM,1009,12X,14,109,Oakland,1,True,True,B,SIDE SWIPE,,Wednesday,,,,,False,False,False,,C,OTHER MOTOR VEHICLE,,0,0,A,DAYLIGHT,,,,,,,A,NO PEDESTRIANS INVOLVED,,A,22107,,1,CHABOT CT,1,,,A,E,150.0,CHABOT RD,F,,D,8/1/2024 2:14:23 PM,1/31/2025 12:18:57 PM,,,2,,,,,,,
3232259,19-044055,2,False,0109,8/26/2019 3:29:00 AM,329,30X,14,109,Oakland,1,True,True,B,SIDE SWIPE,,Monday,,,,,False,False,True,,E,PARKED MOTOR VEHICLE,,0,0,C,DARK-STREET LIGHTS,,,,,,,A,NO PEDESTRIANS INVOLVED,,A,22107,,1,PARKER AV,2,,,A,N,200.0,HILLSIDE ST,F,,D,8/1/2024 2:14:22 PM,1/31/2025 12:18:56 PM,,,2,,,,,,,
3232255,19-043706,2,False,0109,8/23/2019 11:05:00 PM,2305,30X,14,109,Oakland,1,True,True,B,SIDE SWIPE,,Friday,,,,,False,False,True,,I,FIXED OBJECT,,0,0,C,DARK-STREET LIGHTS,,,,,,,A,NO PEDESTRIANS INVOLVED,,A,22107,,1,73RD AV,2,,,A,,,GARFIELD AV,,,A,8/1/2024 2:14:22 PM,1/31/2025 12:18:56 PM,,,2,,,,,,,
3232250,19-039952,2,False,0109,8/5/2019 2:17:00 PM,1417,02X,14,109,Oakland,1,True,True,G,VEHICLE/PEDESTRAIN,,Monday,,,,,False,False,False,,E,PARKED MOTOR VEHICLE,,0,0,A,DAYLIGHT,,,,,,,A,NO PEDESTRIANS INVOLVED,,A,22350,,1,10TH ST,1,,,A,,,FILBERT ST,,,D,8/1/2024 2:14:21 PM,1/31/2025 12:18:56 PM,,,2,,,,,,,
3232245,19-039448,2,False,0109,8/2/2019 3:01:00 PM,1501,29X,14,109,Oakland,1,True,True,A,HEAD-ON,,Friday,,,M,,False,False,True,,,,,0,0,A,DAYLIGHT,,,,,,,A,NO PEDESTRIANS INVOLVED,,A,22107,,1,FOOTHILL BL,2,,,A,W,150.0,SEMINARY AV,F,,D,8/1/2024 2:14:21 PM,1/31/2025 12:18:56 PM,,,2,,,,,,,
3232242,19-040399,2,False,0109,8/7/2019 7:45:00 PM,1945,34X,14,109,Oakland,1,True,True,D,BROADSIDE,,Wednesday,,,M,,False,False,False,,C,OTHER MOTOR VEHICLE,,0,0,A,DAYLIGHT,,,,,,,A,NO PEDESTRIANS INVOLVED,,A,22450A,,1,83RD AV,2,,,A,,,HOLLY ST,,,A,8/1/2024 2:14:21 PM,1/31/2025 12:18:55 PM,,,2,,,,,,,
3232239,19-042444,2,False,0109,8/17/2019 6:36:00 PM,1836,23X,14,109,Oakland,1,True,True,A,HEAD-ON,,Saturday,,,M,,False,False,False,,C,OTHER MOTOR VEHICLE,,0,0,A,DAYLIGHT,,,,,,,A,NO PEDESTRIANS INVOLVED,,A,21453A,,1,INTERNATIONAL BL,2,,,A,,,38TH AV,,,A,8/1/2024 2:14:20 PM,1/31/2025 12:18:55 PM,,,2,,,,,,,
3232237,19-042335,2,False,0109,8/17/2019 9:18:00 AM,918,02X,14,109,Oakland,1,True,True,D,BROADSIDE,,Saturday,,,,,False,False,False,,C,OTHER MOTOR VEHICLE,,2,0,A,DAYLIGHT,,,,,,,A,NO PEDESTRIANS INVOLVED,,A,21453A,,,11TH ST,1,,,A,,,BRUSH ST,,,A,8/1/2024 2:14:20 PM,1/31/2025 12:18:55 PM,,,2,,,,,,,
3232231,19-042119,2,False,0109,8/16/2019 7:42:00 AM,742,03X,14,109,Oakland,1,True,True,A,HEAD-ON,,Friday,,,,,False,False,False,,I,FIXED OBJECT,,0,0,A,DAYLIGHT,,,,,,,A,NO PEDESTRIANS INVOLVED,,A,22107,,1,10TH ST,1,,,A,E,100.0,FALLON ST,F,,D,8/1/2024 2:14:20 PM,1/31/2025 12:18:54 PM,,,2,,,,,,,
3232227,19-039532,2,False,0109,8/22/2019 1:30:00 AM,130,21X,14,109,Oakland,1,True,True,D,BROADSIDE,,Thursday,,,,,False,False,False,,C,OTHER MOTOR VEHICLE,,0,0,C,DARK-STREET LIGHTS,,,,,,,A,NO PEDESTRIANS INVOLVED,,A,21453A,,1,FRUITVALE AV,1,,,A,,,FOOTHILL BL,,,A,8/1/2024 2:14:19 PM,1/31/2025 12:18:54 PM,,,2,,,,,,,
3232223,19-043596,2,False,0109,8/23/2019 11:46:00 AM,1146,14X,14,109,Oakland,1,True,True,B,SIDE SWIPE,,Friday,,,,,False,False,False,,C,OTHER MOTOR VEHICLE,,0,0,A,DAYLIGHT,,,,,,,A,NO PEDESTRIANS INVOLVED,,A,21801A,,1,GRAND AV,1,,,A,W,200.0,SUNNY SLOPE AV,F,,D,8/1/2024 2:14:19 PM,1/31/2025 12:18:54 PM,,,2,,,,,,,
3232218,19-045091,2,False,0109,8/31/2019 12:00:00 AM,0,32X,14,109,Oakland,1,True,True,D,BROADSIDE,,Saturday,,,,,False,False,False,,C,OTHER MOTOR VEHICLE,,0,0,C,DARK-STREET LIGHTS,,,,,,,A,NO PEDESTRIANS INVOLVED,,A,22450A,,,BANCROFT AV,2,,,A,,,DURANT AV,,,A,8/1/2024 2:14:19 PM,1/31/2025 12:18:54 PM,,,2,,,,,,,
3232122,19-051807,2,False,0109,10/4/2019 11:43:00 PM,2343,31X,14,109,Oakland,1,True,True,B,SIDE SWIPE,,Friday,,,,,False,False,False,,C,OTHER MOTOR VEHICLE,,0,0,C,DARK-STREET LIGHTS,,,,,,,A,NO PEDESTRIANS INVOLVED,,A,22107,,1,ASHTON ST,2,,,A,S,200.0,MADDUX DR,F,,D,8/1/2024 2:14:10 PM,1/31/2025 12:18:47 PM,,,2,,,,,,,
3232120,19-051102,2,False,0109,10/1/2019 11:09:00 AM,1109,29X,14,109,Oakland,1,True,True,B,SIDE SWIPE,,Tuesday,,,M,,False,False,False,,D,MOTOR VEHICLE ON OTHER ROADWAY,,0,0,A,DAYLIGHT,,,,,,,A,NO PEDESTRIANS INVOLVED,,A,22350,,1,CAMDEN ST,2,,,A,,,62ND AV,,,D,8/1/2024 2:14:10 PM,1/31/2025 12:18:47 PM,,,2,,,,,,,
3231749,19-049288,2,False,0109,9/21/2019 11:05:00 PM,2305,23X,14,109,Oakland,1,True,True,B,SIDE SWIPE,,Saturday,,,,,False,False,False,,E,PARKED MOTOR VEHICLE,,0,0,C,DARK-STREET LIGHTS,,,,,,,A,NO PEDESTRIANS INVOLVED,,A,22107,,1,E 15TH ST,2,,,A,E,100.0,35TH AV,F,,D,8/1/2024 2:13:34 PM,1/31/2025 12:18:22 PM,,,2,,,,,,,