collision-id,report-number,report-version,is-preliminary,ncic-code,crash-date-time,crash-time-description,beat,city-id,city-code,city-name,county-code,city-is-active,city-is-incorporated,collision-type-code,collision-type-description,collision-type-other-desc,day-of-week,dispatch-notified,has-photographs,hit-run,is-attachments-mailed,is-deleted,is-highway-related,is-tow-away,judicial-district,motor-vehicle-involved-with-code,motor-vehicle-involved-with-desc,motor-vehicle-involved-with-other-desc,number-injured,number-killed,lighting-code,lighting-description,latitude,longitude,milepost-direction,milepost-distance,milepost-marker,milepost-unit-of-measure,pedestrian-action-code,pedestrian-action-desc,prepared-date,primary-collision-factor-code,primary-collision-factor-description,primary-collision-factor-is-cited,primary-collision-party-number,primary-road,reporting-district,reporting-district-code,reviewed-date,roadway-surface-code,secondary-direction,secondary-distance,secondary-road,secondary-unit-of-measure,sketch-desc,traffic-control-device-code,created-date,modified-date,is-county-road,is-freeway,chp-555-version,is-additonal-object-struck,notification-date,notification-time-description,has-digital-media-files,evidence-number,is-location-refer-to-narrative,is-aoi-one-same-as-location
3258361,19-056470,2,False,0109,10/29/2019 3:00:00 PM,1500,30,14,109,Oakland,1,True,True,D,BROADSIDE,,Tuesday,,,M,,False,False,False,,G,BICYCLE,,1,0,A,DAYLIGHT,,,,,,,A,NO PEDESTRIANS INVOLVED,,A,21804A,,1,ARTHUR ST,2,,,A,W,140.0,73RD AV,F,,A,8/1/2024 3:33:13 PM,1/31/2025 2:18:05 PM,,,2,,,,,,,
3258359,19-053566,2,False,0109,10/14/2019 2:25:00 PM,1425,08X,14,109,Oakland,1,True,True,E,HIT OBJECT,,Monday,,,F,,False,False,True,,I,FIXED OBJECT,,0,0,A,DAYLIGHT,,,,,,,A,NO PEDESTRIANS INVOLVED,,A,22107,,1,27TH ST,1,,,A,E,20.0,NORTHGATE AV,F,,A,8/1/2024 3:33:13 PM,1/31/2025 2:18:05 PM,,,2,,,,,,,
3258356,19-056503,2,False,0109,10/29/2019 9:52:00 PM,2152,34,14,109,Oakland,1,True,True,D,BROADSIDE,,Tuesday,,,M,,False,False,False,,C,OTHER MOTOR VEHICLE,,2,0,C,DARK-STREET LIGHTS,,,,,,,A,NO PEDESTRIANS INVOLVED,,A,22450A,,1,94TH AV,2,,,A,,,BIRCH ST,,,A,8/1/2024 3:33:13 PM,1/31/2025 2:18:05 PM,,,2,,,,,,,
3258355,19-056840,2,False,0109,10/31/2019 11:00:00 AM,1100,30X,14,109,Oakland,1,True,True,B,SIDE SWIPE,,Thursday,,,M,,False,False,False,,C,OTHER MOTOR VEHICLE,,0,0,A,DAYLIGHT,,,,,,,A,NO PEDESTRIANS INVOLVED,,A,22107,,1,BANCROFT AV,2,,,A,,,PARKER ST,,,A,8/1/2024 3:33:12 PM,1/31/2025 2:18:05 PM,,,2,,,,,,,
3258352,19-054455,2,False,0109,10/19/2019 1:52:00 AM,152,27X,14,109,Oakland,1,True,True,C,REAR END,,Saturday,,,M,,False,False,False,,E,PARKED MOTOR VEHICLE,,0,0,C,DARK-STREET LIGHTS,,,,,,,A,NO PEDESTRIANS INVOLVED,,A,22107,,1,FOOTHILL BL,2,,,A,W,100.0,COLE,F,,D,8/1/2024 3:33:12 PM,1/31/2025 2:18:05 PM,,,2,,,,,,,
3258347,19-054615,2,False,0109,10/20/2019 2:28:00 AM,228,23X,14,109,Oakland,1,True,True,A,HEAD-ON,,Sunday,,,M,,False,False,False,,I,FIXED OBJECT,,0,0,C,DARK-STREET LIGHTS,,,,,,,A,NO PEDESTRIANS INVOLVED,,A,22107,,1,FRUITVALE AV,2,,,A,S,5.0,ALAMEDA AV,F,,A,8/1/2024 3:33:11 PM,1/31/2025 2:18:04 PM,,,2,,,,,,,
3258339,19-057801,2,False,0109,11/5/2019 6:39:00 PM,1839,03X,14,109,Oakland,1,True,True,D,BROADSIDE,,Tuesday,,,,,False,False,False,,C,OTHER MOTOR VEHICLE,,0,0,C,DARK-STREET LIGHTS,,,,,,,A,NO PEDESTRIANS INVOLVED,,A,22107,,1,OAK ST,1,,,A,N,100.0,8TH ST,F,,D,8/1/2024 3:33:10 PM,1/31/2025 2:18:04 PM,,,2,,,,,,,
3258335,19-060214,2,False,0109,11/17/2019 9:20:00 PM,2120,13X,14,109,Oakland,1,True,True,B,SIDE SWIPE,,Sunday,,,M,,False,False,False,,E,PARKED MOTOR VEHICLE,,0,0,D,DARK-NO STREET LIGHTS,,,,,,,E,IN ROAD - INCLUDES SHOULDER,,A,22107,,1,BURTON DR,1,,,A,N,50.0,SHIRLEY ST,F,,D,8/1/2024 3:33:10 PM,1/31/2025 2:18:04 PM,,,2,,,,,,,
3258300,19-054291,2,False,0109,10/18/2019 8:30:00 AM,830,03,14,109,Oakland,1,True,True,H,OTHER,,Friday,,,,,False,False,False,,G,BICYCLE,,1,0,A,DAYLIGHT,,,,,,,A,NO PEDESTRIANS INVOLVED,,A,22517,,1,8TH ST,2,,,A,W,100.0,WEBSTER ST,F,,A,8/1/2024 3:33:05 PM,1/31/2025 2:18:03 PM,,,2,,,,,,,
3257911,19-058273,2,False,0109,11/7/2019 9:54:00 PM,2154,01X,14,109,Oakland,1,True,True,D,BROADSIDE,,Thursday,,,,,False,False,False,,G,BICYCLE,,0,0,C,DARK-STREET LIGHTS,,,,,,,A,NO PEDESTRIANS INVOLVED,,A,21453A,,1,OAKLAND,1,,,A,,,BROADWAY,,,A,8/1/2024 3:32:16 PM,1/31/2025 2:17:54 PM,,,2,,,,,,,
3257791,19-051561,2,False,0109,10/3/2019 3:31:00 PM,1531,03,14,109,Oakland,1,True,True,D,BROADSIDE,,Thursday,,,,,False,False,False,,C,OTHER MOTOR VEHICLE,,1,0,A,DAYLIGHT,,,,,,,A,NO PEDESTRIANS INVOLVED,,A,21658B,,1,CASTRO ST,1,,,A,,,12TH ST,,,A,8/1/2024 3:32:02 PM,1/31/2025 2:17:52 PM,,,2,,,,,,,
3257788,19-051582,2,False,0109,10/3/2019 5:11:00 PM,1711,19,14,109,Oakland,1,True,True,A,HEAD-ON,,Thursday,,,,,False,False,False,,G,BICYCLE,,1,0,A,DAYLIGHT,,,,,,,A,NO PEDESTRIANS INVOLVED,,A,21804A,,1,EMBARCADERO,1,,,A,W,400.0,16TH AV,F,,D,8/1/2024 3:32:02 PM,1/31/2025 2:17:52 PM,,,2,,,,,,,
3257784,19-051881,2,False,0109,10/5/2019 9:58:00 AM,958,3,14,109,Oakland,1,True,True,D,BROADSIDE,,Saturday,,,M,,False,False,False,,C,OTHER MOTOR VEHICLE,,2,0,A,DAYLIGHT,,,,,,,A,NO PEDESTRIANS INVOLVED,,A,21453A,,1,9TH ST,1,,,A,,,JACKSON ST,,,A,8/1/2024 3:32:01 PM,1/31/2025 2:17:52 PM,,,2,,,,,,,
3257779,19-051835,2,False,0109,10/5/2019 1:09:00 AM,109,3,14,109,Oakland,1,True,True,D,BROADSIDE,,Saturday,,,,,False,False,False,,C,OTHER MOTOR VEHICLE,,2,0,C,DARK-STREET LIGHTS,,,,,,,A,NO PEDESTRIANS INVOLVED,,A,21453A,,,12TH ST,1,,,A,,,HARRISON ST,,,A,8/1/2024 3:32:00 PM,1/31/2025 2:17:51 PM,,,2,,,,,,,
3257778,19-056059,2,False,0109,10/27/2019 11:45:00 AM,1145,25,14,109,Oakland,1,True,True,C,REAR END,,Sunday,,,,,False,False,False,,C,OTHER MOTOR VEHICLE,,1,0,A,DAYLIGHT,,,,,,,A,NO PEDESTRIANS INVOLVED,,A,22350,,1,MACARTHUR BL,2,,,A,W,634.0,HIGH ST,F,,D,8/1/2024 3:32:00 PM,1/31/2025 2:17:51 PM,,,2,,,,,,,
3257773,19-052061,2,False,0109,10/6/2019 12:52:00 PM,1252,14,14,109,Oakland,1,True,True,G,VEHICLE/PEDESTRAIN,,Sunday,,,,,False,False,False,,B,PEDESTRIAN,,1,0,,,,,,,,,B,CROSSING IN CROSS WALK AT INTERSECTION,,A,21950A,,1,GRAND AV,1,,,A,E,5.0,PERKINS ST,F,,A,8/1/2024 3:32:00 PM,1/31/2025 2:17:51 PM,,,2,,,,,,,
3257770,19-056071,2,False,0109,10/27/2019 1:02:00 PM,1302,02,14,109,Oakland,1,True,True,B,SIDE SWIPE,,Sunday,,,,,False,False,False,,C,OTHER MOTOR VEHICLE,,2,0,A,DAYLIGHT,,,,,,,A,NO PEDESTRIANS INVOLVED,,C,,,,ADELINE ST,1,,,A,,,8TH ST,,,A,8/1/2024 3:31:59 PM,1/31/2025 2:17:51 PM,,,2,,,,,,,
3256761,19-043621,2,False,0109,8/23/2019 2:59:00 PM,1459,31X,14,109,Oakland,1,True,True,C,REAR END,,Friday,,,M,,False,False,False,,C,OTHER MOTOR VEHICLE,,0,0,A,DAYLIGHT,,,,,,,A,NO PEDESTRIANS INVOLVED,,D,,,,OAKPORT ST,2,,,A,E,3.0,ZHONE WY,F,,A,8/1/2024 3:29:42 PM,1/31/2025 2:17:30 PM,,,2,,,,,,,
3256758,19-062292,2,False,0109,11/29/2019 8:13:00 AM,813,17Y,14,109,Oakland,1,True,True,G,VEHICLE/PEDESTRAIN,,Friday,,,,,False,False,False,,B,PEDESTRIAN,,1,0,A,DAYLIGHT,,,,,,,E,IN ROAD - INCLUDES SHOULDER,,A,22350,,1,E 28TH ST,1,,,A,E,150.0,13TH AV,F,,D,8/1/2024 3:29:41 PM,1/31/2025 2:17:30 PM,,,2,,,,,,,
3256756,19-056420,2,False,0109,10/29/2019 12:43:00 PM,1243,14X,14,109,Oakland,1,True,True,B,SIDE SWIPE,,Tuesday,,,,,False,False,False,,C,OTHER MOTOR VEHICLE,,1,0,A,DAYLIGHT,,,,,,,A,NO PEDESTRIANS INVOLVED,,A,22107,,1,GRAND AV,1,,,A,W,30.0,ELLITA AV,F,,A,8/1/2024 3:29:41 PM,1/31/2025 2:17:30 PM,,,2,,,,,,,
3256751,19-067465,2,False,0109,12/28/2019 1:26:00 PM,1326,29X,14,109,Oakland,1,True,True,D,BROADSIDE,,Saturday,,,,,False,False,True,,C,OTHER MOTOR VEHICLE,,5,0,A,DAYLIGHT,,,,,,,A,NO PEDESTRIANS INVOLVED,,A,21460A,,1,MACARTHUR BL,2,,,A,,,63RD ST,,,A,8/1/2024 3:29:40 PM,1/31/2025 2:17:29 PM,,,2,,,,,,,
3256749,19-066569,2,False,0109,12/22/2019 5:56:00 PM,1756,15X,14,109,Oakland,1,True,True,B,SIDE SWIPE,,Sunday,,,M,,False,False,True,,E,PARKED MOTOR VEHICLE,,0,0,C,DARK-STREET LIGHTS,,,,,,,A,NO PEDESTRIANS INVOLVED,,A,22107,,1,E 18TH ST,1,,,A,W,36.0,PARK BL,F,,A,8/1/2024 3:29:40 PM,1/31/2025 2:17:29 PM,,,2,,,,,,,
3256747,19-065582,2,False,0109,12/17/2019 10:26:00 AM,1026,26X,14,109,Oakland,1,True,True,D,BROADSIDE,,Tuesday,,,M,,False,False,False,,C,OTHER MOTOR VEHICLE,,0,0,A,DAYLIGHT,,,,,,,A,NO PEDESTRIANS INVOLVED,,A,22107,,1,75TH AV,2,,,A,,,SNELL,,,D,8/1/2024 3:29:40 PM,1/31/2025 2:17:29 PM,,,2,,,,,,,
3256745,19-064389,2,False,0109,12/12/2019 6:01:00 AM,601,26X,14,109,Oakland,1,True,True,C,REAR END,,Thursday,,,,,False,False,True,,E,PARKED MOTOR VEHICLE,,0,0,C,DARK-STREET LIGHTS,,,,,,,A,NO PEDESTRIANS INVOLVED,,A,22350,,1,66TH AV,2,,,B,S,36.0,LUCILLE ST,F,,D,8/1/2024 3:29:40 PM,1/31/2025 2:17:29 PM,,,2,,,,,,,
3256740,19-058029,2,False,0109,11/6/2019 4:44:00 PM,1644,24X,14,109,Oakland,1,True,True,B,SIDE SWIPE,,Wednesday,,,,,False,False,False,,C,OTHER MOTOR VEHICLE,,1,0,B,DUSK-DAWN,,,,,,,A,NO PEDESTRIANS INVOLVED,,A,21750,,1,38TH AV,2,,,A,,,SAN JUAN ST,,,D,8/1/2024 3:29:39 PM,1/31/2025 2:17:29 PM,,,2,,,,,,,
3256737,19-040939,2,False,0109,8/10/2019 11:26:00 AM,1126,06X,14,109,Oakland,1,True,True,H,OTHER,,Saturday,,,,,False,False,False,,,,,0,0,A,DAYLIGHT,,,,,,,A,NO PEDESTRIANS INVOLVED,,D,,,,MARKET ST,1,,,A,N,200.0,31ST ST,F,,A,8/1/2024 3:29:39 PM,1/31/2025 2:17:29 PM,,,2,,,,,,,
3256660,19-059022,2,False,0109,11/12/2019 9:00:00 AM,900,03Y,14,109,Oakland,1,True,True,D,BROADSIDE,,Tuesday,,,,,False,False,False,,G,BICYCLE,,1,0,A,DAYLIGHT,,,,,,,A,NO PEDESTRIANS INVOLVED,,A,216501,,1,WASHINGTON ST,1,,,A,S,119.0,6TH ST,F,,A,8/1/2024 3:29:28 PM,1/31/2025 2:17:27 PM,,,2,,,,,,,
3255913,19-048862,2,False,0109,9/19/2019 5:03:00 PM,1703,01X,14,109,Oakland,1,True,True,C,REAR END,,Thursday,,,M,,False,False,False,,E,PARKED MOTOR VEHICLE,,0,0,A,DAYLIGHT,,,,,,,A,NO PEDESTRIANS INVOLVED,,A,22107,,1,3RD ST,1,,,A,E,100.0,BROADWAY,F,,D,8/1/2024 3:27:55 PM,1/31/2025 2:17:12 PM,,,2,,,,,,,
3255910,19-046506,2,False,0109,9/6/2019 7:00:00 PM,1900,02X,14,109,Oakland,1,True,True,A,HEAD-ON,,Friday,,,M,,False,False,False,,E,PARKED MOTOR VEHICLE,,0,0,B,DUSK-DAWN,,,,,,,A,NO PEDESTRIANS INVOLVED,,A,22107,,1,13TH ST,1,,,A,W,20.0,PERALTA ST,F,,D,8/1/2024 3:27:54 PM,1/31/2025 2:17:12 PM,,,2,,,,,,,
3255906,19-048096,2,False,0109,9/16/2019 3:09:00 AM,309,19X,14,109,Oakland,1,True,True,E,HIT OBJECT,,Monday,,,,,False,False,False,,I,FIXED OBJECT,,0,0,C,DARK-STREET LIGHTS,,,,,,,A,NO PEDESTRIANS INVOLVED,,A,23152A,,1,E 15TH ST,1,,,A,E,50.0,16TH AV,F,,A,8/1/2024 3:27:54 PM,1/31/2025 2:17:11 PM,,,2,,,,,,,
3255903,19-048090,2,False,0109,9/16/2019 1:04:00 AM,104,18X,14,109,Oakland,1,True,True,E,HIT OBJECT,,Monday,,,,,False,False,False,,I,FIXED OBJECT,,0,0,C,DARK-STREET LIGHTS,,,,,,,A,NO PEDESTRIANS INVOLVED,,A,23152A,,1,14TH AV,1,,,B,S,5.0,E 30TH ST,F,,D,8/1/2024 3:27:54 PM,1/31/2025 2:17:11 PM,,,2,,,,,,,
3255899,19-050072,2,False,0109,9/26/2019 12:33:00 AM,33,17X,14,109,Oakland,1,True,True,B,SIDE SWIPE,,Thursday,,,,,False,False,False,,E,PARKED MOTOR VEHICLE,,0,0,C,DARK-STREET LIGHTS,,,,,,,A,NO PEDESTRIANS INVOLVED,,A,23152A,,1,14TH AV,1,,,A,N,50.0,E 21ST ST,F,,D,8/1/2024 3:27:53 PM,1/31/2025 2:17:11 PM,,,2,,,,,,,
3255894,19-050642,2,False,0109,9/29/2019 3:59:00 AM,359,33X,14,109,Oakland,1,True,True,A,HEAD-ON,,Sunday,,,,,False,False,True,,E,PARKED MOTOR VEHICLE,,0,0,C,DARK-STREET LIGHTS,,,,,,,A,NO PEDESTRIANS INVOLVED,,A,23152A,,1,A ST,2,,,A,W,20.0,95TH AV,F,,A,8/1/2024 3:27:53 PM,1/31/2025 2:17:11 PM,,,2,,,,,,,
3255893,19-050632,2,False,0109,9/29/2019 1:20:00 AM,120,30X,14,109,Oakland,1,True,True,A,HEAD-ON,,Sunday,,,,,False,False,False,,E,PARKED MOTOR VEHICLE,,0,0,C,DARK-STREET LIGHTS,,,,,,,A,NO PEDESTRIANS INVOLVED,,A,23152,,1,DASHWOOD AV,2,,,A,N,200.0,DEERWOOD AV,F,,D,8/1/2024 3:27:53 PM,1/31/2025 2:17:11 PM,,,2,,,,,,,
3255844,19-047060,2,False,0109,9/10/2019 12:00:00 AM,2500,05Y,14,109,Oakland,1,True,True,C,REAR END,,Tuesday,,,,,False,False,False,,E,PARKED MOTOR VEHICLE,,0,0,A,DAYLIGHT,,,,,,,A,NO PEDESTRIANS INVOLVED,,A,22106,,1,16TH ST,1,,,A,E,75.0,CAMPBELL ST,F,,D,8/1/2024 3:27:47 PM,1/31/2025 2:17:10 PM,,,2,,,,,,,
3255842,19-049030,2,False,0109,9/20/2019 3:45:00 PM,1545,26X,14,109,Oakland,1,True,True,B,SIDE SWIPE,,Friday,,,M,,False,False,False,,E,PARKED MOTOR VEHICLE,,0,0,A,DAYLIGHT,,,,,,,A,NO PEDESTRIANS INVOLVED,,A,22107,,1,62ND AV,2,,,A,S,30.0,INTERNATIONAL BL,F,,D,8/1/2024 3:27:46 PM,1/31/2025 2:17:10 PM,,,2,,,,,,,
3255283,19-028969,2,False,0109,6/9/2019 6:49:00 PM,1849,30X,14,109,Oakland,1,True,True,D,BROADSIDE,,Sunday,,,,,False,False,False,,I,FIXED OBJECT,,0,0,A,DAYLIGHT,,,,,,,A,NO PEDESTRIANS INVOLVED,,A,22107,,1,73RD AV,2,,,A,,,ARTHUR ST,,,A,8/1/2024 3:26:32 PM,1/31/2025 2:16:59 PM,,,2,,,,,,,
3255279,19-028483,2,False,0109,6/6/2019 3:07:00 PM,1507,27X,14,109,Oakland,1,True,True,B,SIDE SWIPE,,Thursday,,,M,,False,False,False,,E,PARKED MOTOR VEHICLE,,0,0,A,DAYLIGHT,,,,,,,A,NO PEDESTRIANS INVOLVED,,A,22107,,1,FAIRFAX AV,2,,,A,S,40.0,FOOTHILL BL,F,,A,8/1/2024 3:26:32 PM,1/31/2025 2:16:59 PM,,,2,,,,,,,
3255277,19-027735,2,False,0109,6/2/2019 6:16:00 PM,1816,33X,14,109,Oakland,1,True,True,E,HIT OBJECT,,Sunday,,,M,,False,False,True,,I,FIXED OBJECT,,0,0,A,DAYLIGHT,,,,,,,A,NO PEDESTRIANS INVOLVED,,B,,,1,87TH AV,2,,,A,,,D ST,,,B,8/1/2024 3:26:31 PM,1/31/2025 2:16:59 PM,,,2,,,,,,,
3255226,19-020741,2,False,0109,4/26/2019 3:39:00 AM,339,23X,14,109,Oakland,1,True,True,B,SIDE SWIPE,,Friday,,,M,,False,False,False,,E,PARKED MOTOR VEHICLE,,0,0,C,DARK-STREET LIGHTS,,,,,,,A,NO PEDESTRIANS INVOLVED,,A,22107,,1,SAN LEANDRO ST,2,,,A,W,250.0,37TH AV,F,,A,8/1/2024 3:26:25 PM,1/31/2025 2:16:58 PM,,,2,,,,,,,
3255034,19-057332,2,False,0109,11/3/2019 5:50:00 PM,1750,23,14,109,Oakland,1,True,True,G,VEHICLE/PEDESTRAIN,,Sunday,,,F,,False,False,False,,B,PEDESTRIAN,,1,0,C,DARK-STREET LIGHTS,,,,,,,B,CROSSING IN CROSS WALK AT INTERSECTION,,A,21950A,,1,17TH ST,1,,,A,,,FRUITVALE AV,,,A,8/1/2024 3:26:02 PM,1/31/2025 2:16:54 PM,,,2,,,,,,,
3255030,19-061169,2,False,0109,11/22/2019 3:19:00 PM,1519,19,14,109,Oakland,1,True,True,D,BROADSIDE,,Friday,,,,,False,False,False,,C,OTHER MOTOR VEHICLE,,2,0,A,DAYLIGHT,,,,,,,A,NO PEDESTRIANS INVOLVED,,A,21802A,,1,E 12TH ST,1,,,A,,,12TH AV,,,D,8/1/2024 3:26:01 PM,1/31/2025 2:16:54 PM,,,2,,,,,,,
3255027,19-062392,2,False,0109,11/29/2019 6:50:00 PM,1850,09,14,109,Oakland,1,True,True,E,HIT OBJECT,,Friday,,,,,False,False,False,,I,FIXED OBJECT,,2,0,C,DARK-STREET LIGHTS,,,,,,,F,NOT IN ROAD,,A,22107,,1,PIEDMONT AV,1,,,A,N,10.0,ECHO AV,F,,A,8/1/2024 3:26:01 PM,1/31/2025 2:16:54 PM,,,2,,,,,,,
3255003,19-064482,2,False,0109,12/11/2019 11:00:00 AM,1100,07X,14,109,Oakland,1,True,True,G,VEHICLE/PEDESTRAIN,,Wednesday,,,,,False,False,False,,B,PEDESTRIAN,,1,0,A,DAYLIGHT,,,,,,,B,CROSSING IN CROSS WALK AT INTERSECTION,,A,21950A,,1,ADELINE ST,1,,,B,,,28TH ST,,,A,8/1/2024 3:25:58 PM,1/31/2025 2:16:54 PM,,,2,,,,,,,
3254983,19-0555588,2,False,0109,10/24/2019 5:20:00 PM,1720,32X,14,109,Oakland,1,True,True,G,VEHICLE/PEDESTRAIN,,Thursday,,,,,False,False,False,,G,BICYCLE,,1,0,A,DAYLIGHT,,,,,,,E,IN ROAD - INCLUDES SHOULDER,,A,216501,,1,INTERNATIONAL BL,2,,,A,,,107TH AV,,,D,8/1/2024 3:25:54 PM,1/31/2025 2:16:53 PM,,,2,,,,,,,
3254979,19-052000,2,False,0109,10/6/2019 12:53:00 AM,53,08X,14,109,Oakland,1,True,True,A,HEAD-ON,,Sunday,,,F,,False,False,False,,B,PEDESTRIAN,,1,0,C,DARK-STREET LIGHTS,,,,,,,B,CROSSING IN CROSS WALK AT INTERSECTION,,A,21950A,,1,TELEGRAPH AV,1,,,A,,,27TH ST,,,A,8/1/2024 3:25:54 PM,1/31/2025 2:16:53 PM,,,2,,,,,,,
3254969,19-058258,2,False,0109,11/7/2019 8:35:00 PM,2035,26,14,109,Oakland,1,True,True,D,BROADSIDE,,Thursday,,,M,,False,False,False,,C,OTHER MOTOR VEHICLE,,0,0,C,DARK-STREET LIGHTS,,,,,,,A,NO PEDESTRIANS INVOLVED,,A,21453A,,1,SAN LEANDRO ST,2,,,A,,,50TH AV,,,A,8/1/2024 3:25:53 PM,1/31/2025 2:16:53 PM,,,2,,,,,,,
3254965,19-060936,2,False,0109,11/21/2019 10:46:00 AM,1046,28,14,109,Oakland,1,True,True,E,HIT OBJECT,,Thursday,,,M,,False,False,True,,I,FIXED OBJECT,,0,0,A,DAYLIGHT,,,,,,,A,NO PEDESTRIANS INVOLVED,,A,22107,,1,HIGH ST,2,,,A,N,95.0,ALLENDALE AV,F,,D,8/1/2024 3:25:52 PM,1/31/2025 2:16:53 PM,,,2,,,,,,,
3254964,19-056112,2,False,0109,10/27/2019 5:39:00 PM,1739,14X,14,109,Oakland,1,True,True,A,HEAD-ON,,Sunday,,,,,False,False,False,,I,FIXED OBJECT,,0,0,A,DAYLIGHT,,,,,,,A,NO PEDESTRIANS INVOLVED,,A,22107,,1,VERNON ST,1,,,A,W,50.0,LEE,F,,D,8/1/2024 3:25:52 PM,1/31/2025 2:16:53 PM,,,2,,,,,,,
3254961,19-057279,2,False,0109,11/2/2019 10:29:00 PM,2229,04,14,109,Oakland,1,True,True,B,SIDE SWIPE,,Saturday,,,,,False,False,False,,C,OTHER MOTOR VEHICLE,,0,0,C,DARK-STREET LIGHTS,,,,,,,A,NO PEDESTRIANS INVOLVED,,A,22107,,1,14TH ST,1,,,A,E,150.0,ALICE ST,F,,D,8/1/2024 3:25:51 PM,1/31/2025 2:16:53 PM,,,2,,,,,,,
3254960,19-056161,2,False,0109,10/28/2019 12:35:00 AM,35,35X,14,109,Oakland,1,True,True,E,HIT OBJECT,,Monday,,,M,,False,False,False,,I,FIXED OBJECT,,0,0,C,DARK-STREET LIGHTS,,,,,,,A,NO PEDESTRIANS INVOLVED,,A,22107,,1,82ND AV,2,,,A,,,MACARTHUR BL,,,A,8/1/2024 3:25:51 PM,1/31/2025 2:16:53 PM,,,2,,,,,,,
3254957,19-058023,2,False,0109,11/6/2019 4:26:00 PM,1626,23,14,109,Oakland,1,True,True,B,SIDE SWIPE,,Wednesday,,,,,False,False,False,,E,PARKED MOTOR VEHICLE,,0,0,B,DUSK-DAWN,,,,,,,A,NO PEDESTRIANS INVOLVED,,A,22107,,1,36TH AV,2,,,A,N,50.0,INTERNATIONAL BL,F,,D,8/1/2024 3:25:51 PM,1/31/2025 2:16:53 PM,,,2,,,,,,,
3254955,19-053093,2,False,0109,10/11/2019 11:38:00 PM,2338,26Y,14,109,Oakland,1,True,True,C,REAR END,,Friday,,,M,,False,False,False,,E,PARKED MOTOR VEHICLE,,0,0,C,DARK-STREET LIGHTS,,,,,,,A,NO PEDESTRIANS INVOLVED,,A,22350,,1,SPENCER ST,2,,,A,W,20.0,73RD AV,F,,D,8/1/2024 3:25:51 PM,1/31/2025 2:16:53 PM,,,2,,,,,,,
3254954,19-061359,2,False,0109,11/23/2019 3:30:00 PM,1530,35,14,109,Oakland,1,True,True,B,SIDE SWIPE,,Saturday,,,,,False,False,False,,C,OTHER MOTOR VEHICLE,,0,0,A,DAYLIGHT,,,,,,,A,NO PEDESTRIANS INVOLVED,,A,22107,,1,GOLF LINKS RD,2,,,A,W,50.0,COSGRAVE AV,F,,D,8/1/2024 3:25:51 PM,1/31/2025 2:16:52 PM,,,2,,,,,,,
3254949,19-060776,2,False,0109,11/20/2019 12:23:00 PM,1223,07,14,109,Oakland,1,True,True,D,BROADSIDE,,Wednesday,,,,,False,False,True,,C,OTHER MOTOR VEHICLE,,0,0,A,DAYLIGHT,,,,,,,A,NO PEDESTRIANS INVOLVED,,A,21800A,,1,26TH ST,1,,,A,,,WILLOW ST,,,B,8/1/2024 3:25:50 PM,1/31/2025 2:16:52 PM,,,2,,,,,,,
3254948,19-053788,2,False,0109,10/15/2019 4:02:00 PM,1602,31X,14,109,Oakland,1,True,True,C,REAR END,,Tuesday,,,M,,False,False,False,,C,OTHER MOTOR VEHICLE,,0,0,A,DAYLIGHT,,,,,,,A,NO PEDESTRIANS INVOLVED,,A,22350,,1,BANCROFT AV,2,,,A,W,15.0,AVENAL AV,F,,D,8/1/2024 3:25:50 PM,1/31/2025 2:16:52 PM,,,2,,,,,,,
3254947,19-056771,2,False,0109,10/31/2019 9:04:00 AM,904,30X,14,109,Oakland,1,True,True,B,SIDE SWIPE,,Thursday,,,M,,False,False,False,,C,OTHER MOTOR VEHICLE,,1,0,A,DAYLIGHT,,,,,,,A,NO PEDESTRIANS INVOLVED,,A,21453A,,1,82ND AV,2,,,A,,,BANCROFT AV,,,A,8/1/2024 3:25:50 PM,1/31/2025 2:16:52 PM,,,2,,,,,,,
3254946,19-062044,2,False,0109,11/27/2019 1:12:00 PM,1312,02,14,109,Oakland,1,True,True,D,BROADSIDE,,Wednesday,,,,,False,False,True,,C,OTHER MOTOR VEHICLE,,0,0,A,DAYLIGHT,,,,,,,A,NO PEDESTRIANS INVOLVED,,A,22450A,,1,4TH ST,1,,,A,,,BRUSH ST,,,A,8/1/2024 3:25:50 PM,1/31/2025 2:16:52 PM,,,2,,,,,,,
3254944,19-053902,2,False,0109,10/16/2019 7:45:00 AM,745,31X,14,109,Oakland,1,True,True,C,REAR END,,Wednesday,,,M,,False,False,False,,C,OTHER MOTOR VEHICLE,,0,0,A,DAYLIGHT,,,,,,,A,NO PEDESTRIANS INVOLVED,,A,22109,,1,EDGEWATER DR,2,,,A,W,500.0,HASSLER WY,F,,D,8/1/2024 3:25:49 PM,1/31/2025 2:16:52 PM,,,2,,,,,,,
3254943,19-056046,2,False,0109,10/27/2019 9:56:00 AM,956,03X,14,109,Oakland,1,True,True,G,VEHICLE/PEDESTRAIN,,Sunday,,,,,False,False,False,,B,PEDESTRIAN,,1,0,A,DAYLIGHT,,,,,,,B,CROSSING IN CROSS WALK AT INTERSECTION,,A,21950A,,1,BROADWAY,1,,,A,,,8TH ST,,,A,8/1/2024 3:25:49 PM,1/31/2025 2:16:52 PM,,,2,,,,,,,
3254940,19-056849,2,False,0109,10/31/2019 4:00:00 PM,1600,21X,14,109,Oakland,1,True,True,C,REAR END,,Thursday,,,,,False,False,False,,C,OTHER MOTOR VEHICLE,,5,0,A,DAYLIGHT,,,,,,,A,NO PEDESTRIANS INVOLVED,,A,22350,,1,23RD AV,1,,,A,,,E 22ND ST,,,D,8/1/2024 3:25:49 PM,1/31/2025 2:16:52 PM,,,2,,,,,,,
3254939,19-056177,2,False,0109,10/28/2019 3:38:00 AM,338,31X,14,109,Oakland,1,True,True,A,HEAD-ON,,Monday,,,M,,False,False,False,,I,FIXED OBJECT,,0,0,C,DARK-STREET LIGHTS,,,,,,,A,NO PEDESTRIANS INVOLVED,,A,22107,,1,HEGENBERGER,2,,,A,N,0.25,BALDWIN ST,M,,D,8/1/2024 3:25:49 PM,1/31/2025 2:16:52 PM,,,2,,,,,,,