collision-id,report-number,report-version,is-preliminary,ncic-code,crash-date-time,crash-time-description,beat,city-id,city-code,city-name,county-code,city-is-active,city-is-incorporated,collision-type-code,collision-type-description,collision-type-other-desc,day-of-week,dispatch-notified,has-photographs,hit-run,is-attachments-mailed,is-deleted,is-highway-related,is-tow-away,judicial-district,motor-vehicle-involved-with-code,motor-vehicle-involved-with-desc,motor-vehicle-involved-with-other-desc,number-injured,number-killed,lighting-code,lighting-description,latitude,longitude,milepost-direction,milepost-distance,milepost-marker,milepost-unit-of-measure,pedestrian-action-code,pedestrian-action-desc,prepared-date,primary-collision-factor-code,primary-collision-factor-description,primary-collision-factor-is-cited,primary-collision-party-number,primary-road,reporting-district,reporting-district-code,reviewed-date,roadway-surface-code,secondary-direction,secondary-distance,secondary-road,secondary-unit-of-measure,sketch-desc,traffic-control-device-code,created-date,modified-date,is-county-road,is-freeway,chp-555-version,is-additonal-object-struck,notification-date,notification-time-description,has-digital-media-files,evidence-number,is-location-refer-to-narrative,is-aoi-one-same-as-location
3276932,19-058578,2,False,0109,11/9/2019 5:07:00 PM,1707,30X,14,109,Oakland,1,True,True,G,VEHICLE/PEDESTRAIN,,Saturday,,,M,,False,False,False,,B,PEDESTRIAN,,1,0,B,DUSK-DAWN,,,,,,,B,CROSSING IN CROSS WALK AT INTERSECTION,,A,22107,,1,INTERNATIONAL BL,2,,,A,E,50.0,80TH AV,F,,D,8/1/2024 4:17:45 PM,1/31/2025 2:25:50 PM,,,2,,,,,,,
3276926,19-060070,2,False,0109,11/17/2019 2:20:00 AM,220,19X,14,109,Oakland,1,True,True,D,BROADSIDE,,Sunday,,,M,,False,False,False,,C,OTHER MOTOR VEHICLE,,1,0,C,DARK-STREET LIGHTS,,,,,,,A,NO PEDESTRIANS INVOLVED,,A,22450A,,1,FOOTHILL BL,1,,,A,,,12TH AV,,,A,8/1/2024 4:17:44 PM,1/31/2025 2:25:50 PM,,,2,,,,,,,
3276918,19-061434,2,False,0109,11/24/2019 1:39:00 AM,139,03X,14,109,Oakland,1,True,True,,,,Sunday,,,,,False,False,False,,C,OTHER MOTOR VEHICLE,,1,0,C,DARK-STREET LIGHTS,,,,,,,A,NO PEDESTRIANS INVOLVED,,A,21453A,,,7TH ST,1,,,A,,,JACKSON ST,,,A,8/1/2024 4:17:43 PM,1/31/2025 2:25:50 PM,,,2,,,,,,,
3276914,19-054702,2,False,0109,10/20/2019 3:39:00 PM,1539,30X,14,109,Oakland,1,True,True,B,SIDE SWIPE,,Sunday,,,,,False,False,False,,C,OTHER MOTOR VEHICLE,,0,0,A,DAYLIGHT,,,,,,,A,NO PEDESTRIANS INVOLVED,,A,22107,,1,73RD AV,2,,,A,S,200.0,INTERNATIONAL BL,F,,D,8/1/2024 4:17:43 PM,1/31/2025 2:25:49 PM,,,2,,,,,,,
3276913,19-056133,2,False,0109,10/27/2019 8:20:00 PM,2020,34X,14,109,Oakland,1,True,True,C,REAR END,,Sunday,,,M,,False,False,False,,E,PARKED MOTOR VEHICLE,,0,0,C,DARK-STREET LIGHTS,,,,,,,A,NO PEDESTRIANS INVOLVED,,A,22107,,1,84TH AV,2,,,A,S,20.0,HOLLY ST,F,,D,8/1/2024 4:17:43 PM,1/31/2025 2:25:49 PM,,,2,,,,,,,
3276912,19-048714,2,False,0109,9/19/2019 7:37:00 AM,737,19X,14,109,Oakland,1,True,True,D,BROADSIDE,,Thursday,,,,,False,False,False,,G,BICYCLE,,1,0,A,DAYLIGHT,,,,,,,A,NO PEDESTRIANS INVOLVED,,A,216501,,1,E 15TH ST,1,,,A,,,23RD AV,,,A,8/1/2024 4:17:43 PM,1/31/2025 2:25:50 PM,,,2,,,,,,,
3276910,19-029132,2,False,0109,6/10/2019 12:45:00 AM,45,,14,109,Oakland,1,True,True,C,REAR END,,Monday,,,M,,False,False,False,,,,,0,0,C,DARK-STREET LIGHTS,,,,,,,A,NO PEDESTRIANS INVOLVED,,A,22350,,1,INTERNATIONAL BL,1,,,A,E,100.0,24TH AV,F,,A,8/1/2024 4:17:42 PM,1/31/2025 2:25:49 PM,,,2,,,,,,,
3276907,19-056865,2,False,0109,10/31/2019 5:35:00 PM,1735,19X,14,109,Oakland,1,True,True,A,HEAD-ON,,Thursday,,,,,False,False,False,,C,OTHER MOTOR VEHICLE,,0,0,A,DAYLIGHT,,,,,,,A,NO PEDESTRIANS INVOLVED,,A,21801A,,1,INTERNATIONAL BL,1,,,A,,,12TH AV,,,D,8/1/2024 4:17:42 PM,1/31/2025 2:25:49 PM,,,2,,,,,,,
3276906,19-050422,2,False,0109,9/27/2019 5:26:00 PM,1726,34X,14,109,Oakland,1,True,True,D,BROADSIDE,,Friday,,,M,,False,False,False,,C,OTHER MOTOR VEHICLE,,0,0,A,DAYLIGHT,,,,,,,A,NO PEDESTRIANS INVOLVED,,A,22450A,,1,PLYMOUTH AV,2,,,A,,,92ND AV,,,A,8/1/2024 4:17:42 PM,1/31/2025 2:25:49 PM,,,2,,,,,,,
3276904,19-053759,2,False,0109,10/15/2019 1:45:00 PM,1345,01X,14,109,Oakland,1,True,True,B,SIDE SWIPE,,Tuesday,,,,,False,False,False,,C,OTHER MOTOR VEHICLE,,0,0,A,DAYLIGHT,,,,,,,A,NO PEDESTRIANS INVOLVED,,A,21453A,,1,5TH ST,1,,,A,,,MARTIN LUTHER KING WY,,,B,8/1/2024 4:17:41 PM,1/31/2025 2:25:49 PM,,,2,,,,,,,
3276893,19-067247,2,False,0109,12/27/2019 10:12:00 AM,1012,08,14,109,Oakland,1,True,True,B,SIDE SWIPE,,Friday,,,,,False,False,False,,B,PEDESTRIAN,,1,0,A,DAYLIGHT,,,,,,,B,CROSSING IN CROSS WALK AT INTERSECTION,,A,21950A,,1,TELEGRAPH AV,1,,,A,,,23RD ST,,,D,8/1/2024 4:17:40 PM,1/31/2025 2:25:49 PM,,,2,,,,,,,
3276869,19-061192,2,False,0109,11/22/2019 4:00:00 PM,1600,35X,14,109,Oakland,1,True,True,C,REAR END,,Friday,,,,,False,False,False,,C,OTHER MOTOR VEHICLE,,1,0,A,DAYLIGHT,,,,,,,A,NO PEDESTRIANS INVOLVED,,A,22350,,1,88TH AV,2,,,A,,,BANCROFT AV,,,A,8/1/2024 4:17:35 PM,1/31/2025 2:25:48 PM,,,2,,,,,,,
3276864,19-058455,2,False,0109,11/8/2019 10:52:00 PM,2252,03X,14,109,Oakland,1,True,True,B,SIDE SWIPE,,Friday,,,,,False,False,False,,G,BICYCLE,,1,0,C,DARK-STREET LIGHTS,,,,,,,A,NO PEDESTRIANS INVOLVED,,A,21760D,,1,14TH ST,1,,,A,W,20.0,MADISON ST,F,,A,8/1/2024 4:17:35 PM,1/31/2025 2:25:48 PM,,,2,,,,,,,
3276837,19-054754,2,False,0109,10/20/2019 10:19:00 PM,2219,04X,14,109,Oakland,1,True,True,D,BROADSIDE,,Sunday,,,,,False,False,False,,C,OTHER MOTOR VEHICLE,,1,0,C,DARK-STREET LIGHTS,,,,,,,A,NO PEDESTRIANS INVOLVED,,A,21453A,,1,SAN PABLO AV,1,,,A,,,CASTRO ST,,,A,8/1/2024 4:17:30 PM,1/31/2025 2:25:48 PM,,,2,,,,,,,
3276836,19-054529,2,False,0109,10/19/2019 1:09:00 AM,109,04X,14,109,Oakland,1,True,True,D,BROADSIDE,,Saturday,,,,,False,False,False,,,,,2,0,B,DUSK-DAWN,,,,,,,A,NO PEDESTRIANS INVOLVED,,A,21453A,,1,17TH ST,2,,,A,,,MARTIN LUTHER KING JR WY,,,A,8/1/2024 4:17:29 PM,1/31/2025 2:25:48 PM,,,2,,,,,,,
3276832,19-054257,2,False,0109,10/17/2019 11:55:00 PM,2355,29X,14,109,Oakland,1,True,True,B,SIDE SWIPE,,Thursday,,,M,,False,False,True,,C,OTHER MOTOR VEHICLE,,1,0,C,DARK-STREET LIGHTS,,,,,,,A,NO PEDESTRIANS INVOLVED,,A,21752,,1,EDWARDS AVE,2,,,A,,,SUNKIST DR,,,D,8/1/2024 4:17:29 PM,1/31/2025 2:25:48 PM,,,2,,,,,,,
3276831,19-055434,2,False,0109,10/17/2019 9:30:00 PM,2130,03X,14,109,Oakland,1,True,True,G,VEHICLE/PEDESTRAIN,,Thursday,,,M,,False,False,False,,B,PEDESTRIAN,,1,0,C,DARK-STREET LIGHTS,,,,,,,B,CROSSING IN CROSS WALK AT INTERSECTION,,A,21453A,,1,14TH ST,1,,,A,,,MADISON ST,,,A,8/1/2024 4:17:28 PM,1/31/2025 2:25:47 PM,,,2,,,,,,,
3276807,19-057297,2,False,0109,11/3/2019 12:20:00 AM,20,08X,14,109,Oakland,1,True,True,C,REAR END,,Sunday,,,M,,False,False,False,,E,PARKED MOTOR VEHICLE,,0,0,C,DARK-STREET LIGHTS,,,,,,,A,NO PEDESTRIANS INVOLVED,,A,22106,,1,RICHMOND BL,1,,,A,,,RICHMOND BL 3084,,,D,8/1/2024 4:17:24 PM,1/31/2025 2:25:47 PM,,,2,,,,,,,
3276800,19-063486,2,False,0109,12/5/2019 7:47:00 PM,1947,03X,14,109,Oakland,1,True,True,D,BROADSIDE,,Thursday,,,,,False,False,True,,C,OTHER MOTOR VEHICLE,,3,0,C,DARK-STREET LIGHTS,,,,,,,A,NO PEDESTRIANS INVOLVED,,A,21453A,,,12TH ST,1,,,A,,,HARRISON ST,,,A,8/1/2024 4:17:23 PM,1/31/2025 2:25:47 PM,,,2,,,,,,,
3276764,19-064336,2,False,0109,12/10/2019 6:17:00 PM,1817,08X,14,109,Oakland,1,True,True,A,HEAD-ON,,Tuesday,,,,,False,False,False,,B,PEDESTRIAN,,2,0,C,DARK-STREET LIGHTS,,,,,,,D,CROSSING - NOT IN CROSSWALK,,A,21955,,1,27TH ST,1,,,B,,,VALDEZ ST,,,A,8/1/2024 4:17:18 PM,1/31/2025 2:25:46 PM,,,2,,,,,,,
3276763,19-066550,2,False,0109,12/22/2019 6:38:00 PM,1838,30X,14,109,Oakland,1,True,True,B,SIDE SWIPE,,Sunday,,,M,,False,False,False,,C,OTHER MOTOR VEHICLE,,2,0,C,DARK-STREET LIGHTS,,,,,,,A,NO PEDESTRIANS INVOLVED,,A,21802A,,1,73RD AV,2,,,A,,,WELD ST,,,A,8/1/2024 4:17:18 PM,1/31/2025 2:25:46 PM,,,2,,,,,,,
3276748,19-065134,2,False,0109,12/14/2019 11:50:00 PM,2350,08X,14,109,Oakland,1,True,True,A,HEAD-ON,,Saturday,,,M,,False,False,False,,I,FIXED OBJECT,,0,0,C,DARK-STREET LIGHTS,,,,,,,A,NO PEDESTRIANS INVOLVED,,A,22107,,1,29TH ST,1,,,A,,,HARRISON ST,,,D,8/1/2024 4:17:15 PM,1/31/2025 2:25:45 PM,,,2,,,,,,,
3276744,19-063919,2,False,0109,12/8/2019 2:35:00 PM,1435,24X,14,109,Oakland,1,True,True,D,BROADSIDE,,Sunday,,,,,False,False,False,,C,OTHER MOTOR VEHICLE,,0,0,A,DAYLIGHT,,,,,,,A,NO PEDESTRIANS INVOLVED,,A,21801A,,1,35TH AV,2,,,A,,,DAVIS ST,,,D,8/1/2024 4:17:15 PM,1/31/2025 2:25:45 PM,,,2,,,,,,,
3276735,19-062665,2,False,0109,12/1/2019 7:20:00 PM,1920,19X,14,109,Oakland,1,True,True,B,SIDE SWIPE,,Sunday,,,,,False,False,False,,C,OTHER MOTOR VEHICLE,,0,0,D,DARK-NO STREET LIGHTS,,,,,,,A,NO PEDESTRIANS INVOLVED,,A,21806A,,1,E 12TH ST,1,,,B,E,300.0,14TH AV,F,,D,8/1/2024 4:17:13 PM,1/31/2025 2:25:45 PM,,,2,,,,,,,
3276733,20-11715,2,False,0109,12/1/2019 6:02:00 AM,602,30X,14,109,Oakland,1,True,True,E,HIT OBJECT,,Sunday,,,M,,False,False,False,,I,FIXED OBJECT,,0,0,C,DARK-STREET LIGHTS,,,,,,,A,NO PEDESTRIANS INVOLVED,,A,22107,,1,73RD AV,2,,,B,N,93.0,ARTHUR ST,F,,A,8/1/2024 4:17:13 PM,1/31/2025 2:25:45 PM,,,2,,,,,,,
3276558,19-046816,2,False,0109,9/9/2019 10:11:00 AM,1011,03X,14,109,Oakland,1,True,True,C,REAR END,,Monday,,,,,False,True,False,,C,OTHER MOTOR VEHICLE,,0,0,A,DAYLIGHT,,,,,,,A,NO PEDESTRIANS INVOLVED,,D,,,,RT 880,1,,,A,W,10.0,6TH ST,F,,D,8/1/2024 4:16:44 PM,1/31/2025 2:25:41 PM,,,2,,,,,,,
3276556,19-062585,2,False,0109,12/1/2019 6:01:00 AM,601,30X,14,109,Oakland,1,True,True,E,HIT OBJECT,,Sunday,,,,,False,False,True,,J,OTHER OBJECT,,0,0,C,DARK-STREET LIGHTS,,,,,,,A,NO PEDESTRIANS INVOLVED,,B,,,1,73RD AV,2,,,B,N,93.0,ARTHUR ST,F,,A,8/1/2024 4:16:43 PM,1/31/2025 2:25:41 PM,,,2,,,,,,,
3276535,19-065974,2,False,0109,12/19/2019 12:05:00 PM,1205,29X,14,109,Oakland,1,True,True,H,OTHER,,Thursday,,,,,False,False,False,,I,FIXED OBJECT,,0,0,A,DAYLIGHT,,,,,,,A,NO PEDESTRIANS INVOLVED,,A,22350,,1,BURKHART AV,2,,,A,N,50.0,SUNNYMERE AV,F,,D,8/1/2024 4:16:40 PM,1/31/2025 2:25:40 PM,,,2,,,,,,,
3276517,19-062233,2,False,0109,11/28/2019 4:52:00 PM,1652,34X,14,109,Oakland,1,True,True,C,REAR END,,Thursday,,,,,False,False,True,,C,OTHER MOTOR VEHICLE,,1,0,A,DAYLIGHT,,,,,,,F,NOT IN ROAD,,A,22350,,1,INTERNATIONAL BL,2,,,A,,,94TH AV,,,D,8/1/2024 4:16:37 PM,1/31/2025 2:25:40 PM,,,2,,,,,,,
3276515,19-057025,2,False,0109,11/1/2019 3:41:00 PM,1541,30X,14,109,Oakland,1,True,True,G,VEHICLE/PEDESTRAIN,,Friday,,,M,,False,False,False,,B,PEDESTRIAN,,1,0,A,DAYLIGHT,,,,,,,D,CROSSING - NOT IN CROSSWALK,,A,21955,,1,73RD AV,2,,,A,W,15.0,LOCKWOOD ST,F,,D,8/1/2024 4:16:37 PM,1/31/2025 2:25:40 PM,,,2,,,,,,,
3276508,19-039443,2,False,0109,8/2/2019 2:38:00 PM,1438,04X,14,109,Oakland,1,True,True,B,SIDE SWIPE,,Friday,,,,,False,False,False,,C,OTHER MOTOR VEHICLE,,0,0,A,DAYLIGHT,,,,,,,A,NO PEDESTRIANS INVOLVED,,A,22107,,1,WEBSTER ST,1,,,A,S,40.0,17TH ST,F,,D,8/1/2024 4:16:36 PM,1/31/2025 2:25:40 PM,,,2,,,,,,,
3276504,19-043037,2,False,0109,8/20/2019 5:21:00 PM,1721,05X,14,109,Oakland,1,True,True,D,BROADSIDE,,Tuesday,,,,,False,False,False,,C,OTHER MOTOR VEHICLE,,0,0,A,DAYLIGHT,,,,,,,A,NO PEDESTRIANS INVOLVED,,A,21801A,,1,GRAND AV,1,,,A,,,WEST ST,,,D,8/1/2024 4:16:35 PM,1/31/2025 2:25:40 PM,,,2,,,,,,,
3276488,19-028745,2,False,0109,6/7/2019 11:01:00 PM,2301,05X,14,109,Oakland,1,True,True,G,VEHICLE/PEDESTRAIN,,Friday,,,M,,False,False,False,,B,PEDESTRIAN,,1,0,C,DARK-STREET LIGHTS,,,,,,,B,CROSSING IN CROSS WALK AT INTERSECTION,,A,21950A,,1,MARKET ST,1,,,A,,,GRAND AV,,,A,8/1/2024 4:16:33 PM,1/31/2025 2:25:39 PM,,,2,,,,,,,
3276485,19-012694,2,False,0109,3/13/2019 1:48:00 PM,1348,04X,14,109,Oakland,1,True,True,C,REAR END,,Wednesday,,,,,False,False,False,,C,OTHER MOTOR VEHICLE,,0,0,A,DAYLIGHT,,,,,,,A,NO PEDESTRIANS INVOLVED,,D,,,,22ND ST,1,,,,W,100.0,WEBSTER ST,F,,D,8/1/2024 4:16:32 PM,1/31/2025 2:25:39 PM,,,2,,,,,,,
3276482,19-015468,2,False,0109,3/28/2019 6:19:00 PM,1819,30X,14,109,Oakland,1,True,True,C,REAR END,,Thursday,,,M,,False,False,False,,C,OTHER MOTOR VEHICLE,,1,0,A,DAYLIGHT,,,,,,,A,NO PEDESTRIANS INVOLVED,,A,22350,,1,MACARTHUR BL,2,,,A,,,PARKER AV,,,A,8/1/2024 4:16:31 PM,1/31/2025 2:25:39 PM,,,2,,,,,,,
3276479,19-030243,2,False,0109,6/15/2019 11:05:00 PM,2305,30Y,14,109,Oakland,1,True,True,D,BROADSIDE,,Saturday,,,,,False,False,True,,C,OTHER MOTOR VEHICLE,,4,0,C,DARK-STREET LIGHTS,,,,,,,A,NO PEDESTRIANS INVOLVED,,A,21802A,,1,BANCROFT AV,2,,,A,,,81ST AV,,,A,8/1/2024 4:16:31 PM,1/31/2025 2:25:39 PM,,,2,,,,,,,
3276478,19-028910,2,False,0109,6/9/2019 11:40:00 AM,1140,17X,14,109,Oakland,1,True,True,C,REAR END,,Sunday,,,,,False,False,False,,C,OTHER MOTOR VEHICLE,,0,0,A,DAYLIGHT,,,,,,,A,NO PEDESTRIANS INVOLVED,,A,22350,,1,BEAUMONT AV,1,,,A,S,50.0,32ND ST,F,,A,8/1/2024 4:16:31 PM,1/31/2025 2:25:39 PM,,,2,,,,,,,
3276467,19-058924,2,False,0109,11/11/2019 5:33:00 PM,1733,19X,14,109,Oakland,1,True,True,D,BROADSIDE,,Monday,,,,,False,False,True,,C,OTHER MOTOR VEHICLE,,2,0,C,DARK-STREET LIGHTS,,,,,,,A,NO PEDESTRIANS INVOLVED,,A,21453A,,1,E 7TH ST,1,,,A,,,KENNEDY ST,,,A,8/1/2024 4:16:29 PM,1/31/2025 2:25:39 PM,,,2,,,,,,,
3276466,19-061190,2,False,0109,11/22/2019 3:33:00 PM,1533,04X,14,109,Oakland,1,True,True,H,OTHER,,Friday,,,,,False,False,False,,G,BICYCLE,,1,0,A,DAYLIGHT,,,,,,,B,CROSSING IN CROSS WALK AT INTERSECTION,,A,21950A,,1,19TH ST,1,,,A,,,TELEGRAPH AV,,,A,8/1/2024 4:16:29 PM,1/31/2025 2:25:39 PM,,,2,,,,,,,
3276465,19-061269,2,False,0109,11/23/2019 2:50:00 AM,250,21X,14,109,Oakland,1,True,True,D,BROADSIDE,,Saturday,,,F,,False,False,False,,C,OTHER MOTOR VEHICLE,,1,0,C,DARK-STREET LIGHTS,,,,,,,A,NO PEDESTRIANS INVOLVED,,A,21453A,,1,FRUITVALE AV,1,,,A,,,HAROLD ST,,,A,8/1/2024 4:16:29 PM,1/31/2025 2:25:39 PM,,,2,,,,,,,
3276464,19-060913,2,False,0109,11/21/2019 8:56:00 AM,856,12X,14,109,Oakland,1,True,True,D,BROADSIDE,,Thursday,,,,,False,False,False,,C,OTHER MOTOR VEHICLE,,1,0,A,DAYLIGHT,,,,,,,A,NO PEDESTRIANS INVOLVED,,A,21209,,1,40TH ST,1,,,A,W,50.0,TELEGRAPH AV,F,,A,8/1/2024 4:16:29 PM,1/31/2025 2:25:39 PM,,,2,,,,,,,
3276455,19-042864,2,False,0109,8/19/2019 10:38:00 PM,2238,03Y,14,109,Oakland,1,True,True,D,BROADSIDE,,Monday,,,,,False,False,True,,C,OTHER MOTOR VEHICLE,,0,0,C,DARK-STREET LIGHTS,,,,,,,A,NO PEDESTRIANS INVOLVED,,A,21453A,,,14TH ST,1,,,A,,,JEFFERSON ST,,,A,8/1/2024 4:16:27 PM,1/31/2025 2:25:39 PM,,,2,,,,,,,
3276303,19-060988,2,False,0109,11/21/2019 1:16:00 PM,1316,35X,14,109,Oakland,1,True,True,A,HEAD-ON,,Thursday,,,,,False,False,False,,C,OTHER MOTOR VEHICLE,,0,0,A,DAYLIGHT,,,,,,,A,NO PEDESTRIANS INVOLVED,,A,22450A,,1,GOLF LINKS RD,1,,,A,,,MOUNTAIN BL,,,D,8/1/2024 4:16:04 PM,1/31/2025 2:25:35 PM,,,2,,,,,,,
3276297,19-061061,2,False,0109,11/21/2019 9:45:00 PM,2145,19X,14,109,Oakland,1,True,True,H,OTHER,,Thursday,,,M,,False,False,False,,C,OTHER MOTOR VEHICLE,,0,0,C,DARK-STREET LIGHTS,,,,,,,A,NO PEDESTRIANS INVOLVED,,A,22350,,1,INTERNATIONAL BL,1,,,A,,,12TH AV,,,A,8/1/2024 4:16:03 PM,1/31/2025 2:25:35 PM,,,2,,,,,,,
3276292,19-055734,2,False,0109,10/22/2019 6:45:00 AM,645,,14,109,Oakland,1,True,True,,,,Tuesday,,,M,,False,False,False,,C,OTHER MOTOR VEHICLE,,0,0,C,DARK-STREET LIGHTS,,,,,,,,,,D,,,,ALLENDALE AV,,,,A,,,ALLENDALE AV 4068,,,,8/1/2024 4:16:02 PM,1/31/2025 2:25:34 PM,,,2,,,,,,,
3276289,19-051593,2,False,0109,10/3/2019 7:18:00 PM,1918,22X,14,109,Oakland,1,True,True,B,SIDE SWIPE,,Thursday,,,M,,False,False,False,,C,OTHER MOTOR VEHICLE,,0,0,B,DUSK-DAWN,,,,,,,A,NO PEDESTRIANS INVOLVED,,B,,,1,MONTANA ST,1,,,A,,,PRIVATE PROPERTY,,,A,8/1/2024 4:16:02 PM,1/31/2025 2:25:35 PM,,,2,,,,,,,
3276286,19-050293,2,False,0109,9/27/2019 8:50:00 PM,2050,19X,14,109,Oakland,1,True,True,H,OTHER,,Friday,,,M,,False,False,False,,C,OTHER MOTOR VEHICLE,,0,0,A,DAYLIGHT,,,,,,,A,NO PEDESTRIANS INVOLVED,,A,,,1,E 15TH ST,1,,,A,E,30.0,12TH AV,F,,D,8/1/2024 4:16:01 PM,1/31/2025 2:25:34 PM,,,2,,,,,,,
3276284,19-052731,2,False,0109,10/9/2019 8:59:00 PM,2059,02X,14,109,Oakland,1,True,True,D,BROADSIDE,,Wednesday,,,,,False,False,False,,C,OTHER MOTOR VEHICLE,,1,0,C,DARK-STREET LIGHTS,,,,,,,A,NO PEDESTRIANS INVOLVED,,A,21453A,,1,5TH ST,1,,,A,,,MARKET ST,,,A,8/1/2024 4:16:01 PM,1/31/2025 2:25:34 PM,,,2,,,,,,,
3276282,19-0488893,2,False,0109,9/19/2019 8:17:00 PM,2017,14X,14,109,Oakland,1,True,True,D,BROADSIDE,,Thursday,,,,,False,False,False,,C,OTHER MOTOR VEHICLE,,1,0,C,DARK-STREET LIGHTS,,,,,,,A,NO PEDESTRIANS INVOLVED,,A,22102,,1,GRAND AV,1,,,A,W,150.0,PARK VIEW TER,F,,A,8/1/2024 4:16:01 PM,1/31/2025 2:25:34 PM,,,2,,,,,,,
3276279,19-043715,2,False,0109,8/24/2019 12:10:00 AM,10,13Z,14,109,Oakland,1,True,True,C,REAR END,,Saturday,,,,,False,False,False,,E,PARKED MOTOR VEHICLE,,1,0,D,DARK-NO STREET LIGHTS,,,,,,,A,NO PEDESTRIANS INVOLVED,,A,22350,,1,CHELTON DR,1,,,A,N,150.0,HAVERHILL,F,,A,8/1/2024 4:16:00 PM,1/31/2025 2:25:34 PM,,,2,,,,,,,
3276276,19-044001,2,False,0109,8/25/2019 4:22:00 PM,1622,22X,14,109,Oakland,1,True,True,H,OTHER,,Sunday,,,,,False,False,False,,G,BICYCLE,,1,0,A,DAYLIGHT,,,,,,,A,NO PEDESTRIANS INVOLVED,,A,22350,,1,MONTEREY BL,1,,,A,E,500.0,GUIDO ST,F,,D,8/1/2024 4:16:00 PM,1/31/2025 2:25:34 PM,,,2,,,,,,,
3276274,19-066908,2,False,0109,12/25/2019 11:59:00 PM,2359,26X,14,109,Oakland,1,True,True,E,HIT OBJECT,,Wednesday,,,,,False,False,False,,I,FIXED OBJECT,,1,0,C,DARK-STREET LIGHTS,,,,,,,A,NO PEDESTRIANS INVOLVED,,A,22350,,1,INTERNATIONAL BL,2,,,B,,,64TH AV,,,A,8/1/2024 4:16:00 PM,1/31/2025 2:25:34 PM,,,2,,,,,,,
3276272,19-065701,2,False,0109,12/17/2019 11:53:00 PM,2353,20X,14,109,Oakland,1,True,True,D,BROADSIDE,,Tuesday,,,M,,False,False,False,,C,OTHER MOTOR VEHICLE,,2,0,C,DARK-STREET LIGHTS,,,,,,,A,NO PEDESTRIANS INVOLVED,,A,21453A,,1,INTERNATIONAL BL,1,,,B,,,23RD AV,,,A,8/1/2024 4:15:59 PM,1/31/2025 2:25:34 PM,,,2,,,,,,,
3276263,19-026736,2,False,0109,5/28/2019 4:58:00 PM,1658,06X,14,109,Oakland,1,True,True,C,REAR END,,Tuesday,,,,,False,False,False,,C,OTHER MOTOR VEHICLE,,0,0,A,DAYLIGHT,,,,,,,A,NO PEDESTRIANS INVOLVED,,A,22350,,1,MARTIN LUTHER KING JR WY,1,,,A,N,50.0,37TH ST,F,,A,8/1/2024 4:15:58 PM,1/31/2025 2:25:34 PM,,,2,,,,,,,
3276260,19-053029,2,False,0109,10/11/2019 2:55:00 PM,1455,32X,14,109,Oakland,1,True,True,B,SIDE SWIPE,,Friday,,,M,,False,False,True,,C,OTHER MOTOR VEHICLE,,0,0,A,DAYLIGHT,,,,,,,A,NO PEDESTRIANS INVOLVED,,A,21658A,,1,98TH AV,2,,,A,,,B ST,,,A,8/1/2024 4:15:58 PM,1/31/2025 2:25:34 PM,,,2,,,,,,,
3276245,19-067097,2,False,0109,12/26/2019 12:02:00 PM,1202,08X,14,109,Oakland,1,True,True,D,BROADSIDE,,Thursday,,,,,False,False,False,,C,OTHER MOTOR VEHICLE,,1,0,A,DAYLIGHT,,,,,,,A,NO PEDESTRIANS INVOLVED,,A,21453A,,1,27TH ST,1,,,A,,,TELEGRAPH AV,,,A,8/1/2024 4:15:55 PM,1/31/2025 2:25:33 PM,,,2,,,,,,,
3276243,19-055152,2,False,0109,10/22/2019 5:00:00 PM,1700,26X,14,109,Oakland,1,True,True,B,SIDE SWIPE,,Tuesday,,,,,False,False,False,,C,OTHER MOTOR VEHICLE,,0,0,A,DAYLIGHT,,,,,,,A,NO PEDESTRIANS INVOLVED,,A,22107,,,SAN LEANDRO BL,2,,,A,E,100.0,66TH AV,F,,D,8/1/2024 4:15:54 PM,1/31/2025 2:25:33 PM,,,2,,,,,,,
3276147,19-02679,2,False,0109,5/28/2019 6:30:00 PM,1830,22X,14,109,Oakland,1,True,True,A,HEAD-ON,,Tuesday,,,,,False,False,False,,C,OTHER MOTOR VEHICLE,,0,0,A,DAYLIGHT,,,,,,,A,NO PEDESTRIANS INVOLVED,,A,21650,,1,CHAMPION ST,1,,,A,N,20.0,MONTANA AV,F,,A,8/1/2024 4:15:41 PM,1/31/2025 2:25:31 PM,,,2,,,,,,,
3276090,19-064896,2,False,0109,12/13/2019 11:13:00 AM,1113,03X,14,109,Oakland,1,True,True,D,BROADSIDE,,Friday,,,,,False,False,False,,C,OTHER MOTOR VEHICLE,,0,0,A,DAYLIGHT,,,,,,,A,NO PEDESTRIANS INVOLVED,,A,21453A,,1,9TH ST,1,,,A,,,OAK ST,,,A,8/1/2024 4:15:32 PM,1/31/2025 2:25:29 PM,,,2,,,,,,,
3276088,19-064866,2,False,0109,12/13/2019 7:42:00 AM,742,04X,14,109,Oakland,1,True,True,E,HIT OBJECT,,Friday,,,,,False,False,False,,I,FIXED OBJECT,,0,0,A,DAYLIGHT,,,,,,,A,NO PEDESTRIANS INVOLVED,,A,22107,,1,22ND ST,1,,,A,E,100.0,MARKET ST,F,,A,8/1/2024 4:15:32 PM,1/31/2025 2:25:29 PM,,,2,,,,,,,
3276054,19-024724,2,False,0109,5/17/2019 3:08:00 PM,1508,08X,14,109,Oakland,1,True,True,D,BROADSIDE,,Friday,,,M,,False,False,False,,C,OTHER MOTOR VEHICLE,,0,0,A,DAYLIGHT,,,,,,,A,NO PEDESTRIANS INVOLVED,,A,22450A,,1,23RD ST,1,,,A,,,VALLEY ST,,,A,8/1/2024 4:15:26 PM,1/31/2025 2:25:28 PM,,,2,,,,,,,
3276050,19-048793,2,False,0109,9/19/2019 11:00:00 AM,1100,02X,14,109,Oakland,1,True,True,C,REAR END,,Thursday,,,M,,False,False,False,,C,OTHER MOTOR VEHICLE,,0,0,A,DAYLIGHT,,,,,,,A,NO PEDESTRIANS INVOLVED,,A,22107,,1,BRUSH ST,1,,,A,N,20.0,7TH ST,F,,A,8/1/2024 4:15:26 PM,1/31/2025 2:25:28 PM,,,2,,,,,,,