collision-id,report-number,report-version,is-preliminary,ncic-code,crash-date-time,crash-time-description,beat,city-id,city-code,city-name,county-code,city-is-active,city-is-incorporated,collision-type-code,collision-type-description,collision-type-other-desc,day-of-week,dispatch-notified,has-photographs,hit-run,is-attachments-mailed,is-deleted,is-highway-related,is-tow-away,judicial-district,motor-vehicle-involved-with-code,motor-vehicle-involved-with-desc,motor-vehicle-involved-with-other-desc,number-injured,number-killed,lighting-code,lighting-description,latitude,longitude,milepost-direction,milepost-distance,milepost-marker,milepost-unit-of-measure,pedestrian-action-code,pedestrian-action-desc,prepared-date,primary-collision-factor-code,primary-collision-factor-description,primary-collision-factor-is-cited,primary-collision-party-number,primary-road,reporting-district,reporting-district-code,reviewed-date,roadway-surface-code,secondary-direction,secondary-distance,secondary-road,secondary-unit-of-measure,sketch-desc,traffic-control-device-code,created-date,modified-date,is-county-road,is-freeway,chp-555-version,is-additonal-object-struck,notification-date,notification-time-description,has-digital-media-files,evidence-number,is-location-refer-to-narrative,is-aoi-one-same-as-location
3276030,19-066546,2,False,0109,12/22/2019 5:54:00 PM,1754,17Y,14,109,Oakland,1,True,True,B,SIDE SWIPE,,Sunday,,,M,,False,False,True,,E,PARKED MOTOR VEHICLE,,0,0,C,DARK-STREET LIGHTS,,,,,,,A,NO PEDESTRIANS INVOLVED,,A,22107,,1,5TH AV,1,,,A,N,3.0,18TH ST,F,,A,8/1/2024 4:15:23 PM,1/31/2025 2:25:28 PM,,,2,,,,,,,
3275986,19-049981,2,False,0109,9/25/2019 9:15:00 AM,915,03Y,14,109,Oakland,1,True,True,D,BROADSIDE,,Wednesday,,,M,,False,False,False,,C,OTHER MOTOR VEHICLE,,0,0,A,DAYLIGHT,,,,,,,A,NO PEDESTRIANS INVOLVED,,A,21802A,,1,SAN PABLO AV,1,,,A,,,34TH ST,,,A,8/1/2024 4:15:16 PM,1/31/2025 2:25:27 PM,,,2,,,,,,,
3275983,19-066726,2,False,0109,12/23/2019 6:46:00 PM,1846,03X,14,109,Oakland,1,True,True,D,BROADSIDE,,Monday,,,,,False,False,False,,C,OTHER MOTOR VEHICLE,,0,0,B,DUSK-DAWN,,,,,,,,,,A,21658A,,1,WEBSTER ST,1,,,A,,,8TH ST,,,A,8/1/2024 4:15:15 PM,1/31/2025 2:25:27 PM,,,2,,,,,,,
3275982,19-066865,2,False,0109,12/24/2019 3:20:00 PM,1520,13Z,14,109,Oakland,1,True,True,B,SIDE SWIPE,,Tuesday,,,,,False,False,False,,E,PARKED MOTOR VEHICLE,,0,0,A,DAYLIGHT,,,,,,,A,NO PEDESTRIANS INVOLVED,,A,22107,,1,MORAGA AV,1,,,A,W,570.0,MEDAU PL,F,,D,8/1/2024 4:15:15 PM,1/31/2025 2:25:27 PM,,,2,,,,,,,
3275980,19-059108,2,False,0109,11/12/2019 4:31:00 PM,1631,08X,14,109,Oakland,1,True,True,D,BROADSIDE,,Tuesday,,,,,False,False,False,,C,OTHER MOTOR VEHICLE,,2,0,B,DUSK-DAWN,,,,,,,A,NO PEDESTRIANS INVOLVED,,A,21801A,,1,BROADWAY,1,,,A,,,29TH ST,,,A,8/1/2024 4:15:15 PM,1/31/2025 2:25:27 PM,,,2,,,,,,,
3275975,19-057395,2,False,0109,11/3/2019 2:43:00 PM,1443,20X,14,109,Oakland,1,True,True,C,REAR END,,Sunday,,,M,,False,False,False,,C,OTHER MOTOR VEHICLE,,0,0,A,DAYLIGHT,,,,,,,A,NO PEDESTRIANS INVOLVED,,A,22107,,1,26TH AV,2,,,A,E,10.0,FOOTHILL BL,F,,D,8/1/2024 4:15:14 PM,1/31/2025 2:25:26 PM,,,2,,,,,,,
3275951,19-023757,2,False,0109,5/12/2019 6:46:00 PM,1846,30X,14,109,Oakland,1,True,True,B,SIDE SWIPE,,Sunday,,,,,False,False,False,,E,PARKED MOTOR VEHICLE,,0,0,A,DAYLIGHT,,,,,,,A,NO PEDESTRIANS INVOLVED,,A,23152A,,1,FLORA ST,2,,,A,W,1.0,HAVENSCOURT BL,F,,A,8/1/2024 4:15:10 PM,1/31/2025 2:25:26 PM,,,2,,,,,,,
3275949,19-064144,2,False,0109,12/9/2019 8:39:00 PM,2039,28X,14,109,Oakland,1,True,True,B,SIDE SWIPE,,Monday,,,,,False,False,False,,E,PARKED MOTOR VEHICLE,,0,0,C,DARK-STREET LIGHTS,,,,,,,A,NO PEDESTRIANS INVOLVED,,A,22107,,1,MONTICELLO AV,2,,,A,N,100.0,VIRGINIA AV,F,,D,8/1/2024 4:15:10 PM,1/31/2025 2:25:26 PM,,,2,,,,,,,
3275946,19-065830,2,False,0109,12/18/2019 4:24:00 PM,1624,17X,14,109,Oakland,1,True,True,H,OTHER,,Wednesday,,,,,False,False,False,,E,PARKED MOTOR VEHICLE,,1,0,A,DAYLIGHT,,,,,,,A,NO PEDESTRIANS INVOLVED,,D,,,,13TH AV,1,,,B,E,40.0,18TH ST,F,,A,8/1/2024 4:15:09 PM,1/31/2025 2:25:26 PM,,,2,,,,,,,
3275918,19-058997,2,False,0109,11/12/2019 5:29:00 AM,529,22X,14,109,Oakland,1,True,True,A,HEAD-ON,,Tuesday,,,,,False,False,False,,C,OTHER MOTOR VEHICLE,,1,0,B,DUSK-DAWN,,,,,,,A,NO PEDESTRIANS INVOLVED,,A,23152A,,1,MACARTHUR BL,1,,,A,,,35TH AV,,,A,8/1/2024 4:15:05 PM,1/31/2025 2:25:25 PM,,,2,,,,,,,
3275903,19-039394,2,False,0109,8/2/2019 9:19:00 AM,919,03X,14,109,Oakland,1,True,True,B,SIDE SWIPE,,Friday,,,,,False,False,False,,C,OTHER MOTOR VEHICLE,,0,0,A,DAYLIGHT,,,,,,,A,NO PEDESTRIANS INVOLVED,,D,,,,8TH ST,1,,,A,E,15.0,FRANKLIN  ST,F,,A,8/1/2024 4:15:02 PM,1/31/2025 2:25:25 PM,,,2,,,,,,,
3275839,19-040325,2,False,0109,8/7/2019 1:30:00 PM,1330,30X,14,109,Oakland,1,True,True,D,BROADSIDE,,Wednesday,,,,,False,False,False,,C,OTHER MOTOR VEHICLE,,0,0,A,DAYLIGHT,,,,,,,A,NO PEDESTRIANS INVOLVED,,A,21802A,,1,BANCROFT AV,2,,,A,,,68TH AV,,,A,8/1/2024 4:14:52 PM,1/31/2025 2:25:23 PM,,,2,,,,,,,
3275838,19-031609,2,False,0109,6/22/2019 9:14:00 PM,2114,27X,14,109,Oakland,1,True,True,D,BROADSIDE,,Saturday,,,M,,False,False,True,,C,OTHER MOTOR VEHICLE,,0,0,C,DARK-STREET LIGHTS,,,,,,,A,NO PEDESTRIANS INVOLVED,,A,21453A,,1,AVENAL AV,2,,,A,,,SEMINARY AV,,,A,8/1/2024 4:14:52 PM,1/31/2025 2:25:23 PM,,,2,,,,,,,
3275836,19-041328,2,False,0109,8/12/2019 3:18:00 PM,1518,30X,14,109,Oakland,1,True,True,B,SIDE SWIPE,,Monday,,,M,,False,False,False,,E,PARKED MOTOR VEHICLE,,0,0,A,DAYLIGHT,,,,,,,A,NO PEDESTRIANS INVOLVED,,A,22107,,1,BANCROFT AV,2,,,A,E,20.0,HAVENSCOURT BL,F,,A,8/1/2024 4:14:52 PM,1/31/2025 2:25:23 PM,,,2,,,,,,,
3275834,19-044751,2,False,0109,8/29/2019 7:48:00 AM,748,12X,14,109,Oakland,1,True,True,C,REAR END,,Thursday,,,M,,False,False,False,,C,OTHER MOTOR VEHICLE,,0,0,A,DAYLIGHT,,,,,,,A,NO PEDESTRIANS INVOLVED,,A,22106,,1,TELEGRAPH AV,1,,,A,N,2.0,40TH ST,F,,A,8/1/2024 4:14:51 PM,1/31/2025 2:25:23 PM,,,2,,,,,,,
3275830,19-029184,2,False,0109,6/10/2019 11:18:00 PM,2318,17X,14,109,Oakland,1,True,True,B,SIDE SWIPE,,Monday,,,M,,False,False,False,,C,OTHER MOTOR VEHICLE,,0,0,D,DARK-NO STREET LIGHTS,,,,,,,A,NO PEDESTRIANS INVOLVED,,A,23152A,,2,33RD ST,1,,,A,E,30.0,ELLIOT ST,F,,D,8/1/2024 4:14:51 PM,1/31/2025 2:25:23 PM,,,2,,,,,,,
3275829,19-037524,2,False,0109,7/23/2019 2:57:00 PM,1457,12X,14,109,Oakland,1,True,True,H,OTHER,,Tuesday,,,M,,False,False,True,,C,OTHER MOTOR VEHICLE,,0,0,A,DAYLIGHT,,,,,,,A,NO PEDESTRIANS INVOLVED,,A,21801A,,1,41ST ST,1,,,A,E,20.0,TELEGRAPH AV,F,,D,8/1/2024 4:14:51 PM,1/31/2025 2:25:23 PM,,,2,,,,,,,
3275826,19-038465,2,False,0109,7/28/2019 12:12:00 PM,1212,05X,14,109,Oakland,1,True,True,D,BROADSIDE,,Sunday,,,,,False,False,False,,C,OTHER MOTOR VEHICLE,,0,0,A,DAYLIGHT,,,,,,,A,NO PEDESTRIANS INVOLVED,,D,,,,W GRAND AV,1,,,A,E,10.0,CAMPBELL ST,F,,A,8/1/2024 4:14:50 PM,1/31/2025 2:25:23 PM,,,2,,,,,,,
3275824,19-038848,2,False,0109,7/30/2019 2:24:00 PM,1424,31X,14,109,Oakland,1,True,True,C,REAR END,,Tuesday,,,,,False,False,False,,I,FIXED OBJECT,,0,0,A,DAYLIGHT,,,,,,,A,NO PEDESTRIANS INVOLVED,,C,,,,DOUGLAS AV,2,,,A,N,60.0,CAREY AV,F,,A,8/1/2024 4:14:50 PM,1/31/2025 2:25:22 PM,,,2,,,,,,,
3275819,19-036804,2,False,0109,7/19/2019 7:25:00 PM,1925,30X,14,109,Oakland,1,True,True,C,REAR END,,Friday,,,M,,False,False,False,,C,OTHER MOTOR VEHICLE,,0,0,A,DAYLIGHT,,,,,,,A,NO PEDESTRIANS INVOLVED,,A,22350,,1,73RD AV,2,,,A,,,HALLIDAY AV,,,D,8/1/2024 4:14:49 PM,1/31/2025 2:25:22 PM,,,2,,,,,,,
3275806,19-030045,2,False,0109,6/14/2019 6:30:00 PM,1830,12X,14,109,Oakland,1,True,True,C,REAR END,,Friday,,,M,,False,False,False,,C,OTHER MOTOR VEHICLE,,0,0,A,DAYLIGHT,,,,,,,A,NO PEDESTRIANS INVOLVED,,A,22350,,1,52ND ST,1,,,A,,,SHATTUCK AV,,,A,8/1/2024 4:14:48 PM,1/31/2025 2:25:22 PM,,,2,,,,,,,
3275805,19-016110,2,False,0109,4/1/2019 8:09:00 PM,2009,19X,14,109,Oakland,1,True,True,B,SIDE SWIPE,,Monday,,,M,,False,False,False,,C,OTHER MOTOR VEHICLE,,0,0,C,DARK-STREET LIGHTS,,,,,,,A,NO PEDESTRIANS INVOLVED,,A,22107,,1,INTERNATIONAL BL,1,,,A,,,17TH AV,,,A,8/1/2024 4:14:47 PM,1/31/2025 2:25:22 PM,,,2,,,,,,,
3275802,19-047880,2,False,0109,9/14/2019 5:06:00 PM,1706,32X,14,109,Oakland,1,True,True,G,VEHICLE/PEDESTRAIN,,Saturday,,,M,,False,False,False,,G,BICYCLE,,1,0,A,DAYLIGHT,,,,,,,B,CROSSING IN CROSS WALK AT INTERSECTION,,A,22450A,,1,98TH AV,2,,,A,,,C ST,,,A,8/1/2024 4:14:47 PM,1/31/2025 2:25:22 PM,,,2,,,,,,,
3275799,19-047779,2,False,0109,9/14/2019 11:47:00 PM,2347,10X,14,109,Oakland,1,True,True,D,BROADSIDE,,Saturday,,,M,,False,False,False,,C,OTHER MOTOR VEHICLE,,1,0,C,DARK-STREET LIGHTS,,,,,,,A,NO PEDESTRIANS INVOLVED,,A,22107,,1,MARTIN LUTHER KING JR WY,1,,,A,S,5.0,52ND ST,F,,A,8/1/2024 4:14:47 PM,1/31/2025 2:25:22 PM,,,2,,,,,,,
3275792,19-047310,2,False,0109,9/11/2019 3:12:00 PM,1512,30X,14,109,Oakland,1,True,True,B,SIDE SWIPE,,Wednesday,,,,,False,False,False,,C,OTHER MOTOR VEHICLE,,2,0,A,DAYLIGHT,,,,,,,A,NO PEDESTRIANS INVOLVED,,A,21453A,,1,73RD AV,2,,,A,,,WELD ST,,,A,8/1/2024 4:14:46 PM,1/31/2025 2:25:22 PM,,,2,,,,,,,
3275788,20-007698,2,False,0109,9/30/2019 7:01:00 PM,1901,20X,14,109,Oakland,1,True,True,G,VEHICLE/PEDESTRAIN,,Monday,,,,,False,False,False,,B,PEDESTRIAN,,1,0,B,DUSK-DAWN,,,,,,,B,CROSSING IN CROSS WALK AT INTERSECTION,,A,21950A,,1,E 23RD ST,2,,,A,,,FRUITVALE AV,,,A,8/1/2024 4:14:45 PM,1/31/2025 2:25:22 PM,,,2,,,,,,,
3275777,19-050949,2,False,0109,9/30/2019 5:29:00 PM,1729,31X,14,109,Oakland,1,True,True,B,SIDE SWIPE,,Monday,,,,,False,False,False,,C,OTHER MOTOR VEHICLE,,1,0,A,DAYLIGHT,,,,,,,A,NO PEDESTRIANS INVOLVED,,A,22107,,1,HEGENBERGER LOOP,2,,,A,N,100.0,HEGENBERGER CT,F,,D,8/1/2024 4:14:43 PM,1/31/2025 2:25:21 PM,,,2,,,,,,,
3275769,19-044254,2,False,0109,8/26/2019 11:35:00 PM,2335,03X,14,109,Oakland,1,True,True,D,BROADSIDE,,Monday,,,,,False,False,False,,G,BICYCLE,,1,0,,,,,,,,,A,NO PEDESTRIANS INVOLVED,,A,22100B,,1,11TH ST,1,,,A,,,CASTRO ST,,,A,8/1/2024 4:14:42 PM,1/31/2025 2:25:21 PM,,,2,,,,,,,
3275765,19-022194,2,False,0109,5/5/2019 8:05:00 PM,2005,26X,14,109,Oakland,1,True,True,B,SIDE SWIPE,,Sunday,,,M,,False,False,False,,E,PARKED MOTOR VEHICLE,,0,0,A,DAYLIGHT,,,,,,,A,NO PEDESTRIANS INVOLVED,,A,22107,,1,69TH AV,2,,,A,S,50.0,HAMILTON,F,,A,8/1/2024 4:14:41 PM,1/31/2025 2:25:21 PM,,,2,,,,,,,
3275759,19-023515,2,False,0109,5/7/2019 4:00:00 PM,1600,26X,14,109,Oakland,1,True,True,B,SIDE SWIPE,,Tuesday,,,M,,False,False,False,,C,OTHER MOTOR VEHICLE,,0,0,C,DARK-STREET LIGHTS,,,,,,,A,NO PEDESTRIANS INVOLVED,,A,22107,,1,COLISEUM WY,2,,,A,W,50.0,45TH AV,F,,D,8/1/2024 4:14:40 PM,1/31/2025 2:25:21 PM,,,2,,,,,,,
3275753,19-043744,2,False,0109,8/24/2019 6:19:00 AM,619,33X,14,109,Oakland,1,True,True,G,VEHICLE/PEDESTRAIN,,Saturday,,,F,,False,False,False,,,,,1,0,C,DARK-STREET LIGHTS,,,,,,,E,IN ROAD - INCLUDES SHOULDER,,D,,,,98TH AV,2,,,A,,,A ST,,,A,8/1/2024 4:14:39 PM,1/31/2025 2:25:21 PM,,,2,,,,,,,
3275725,19-035746,2,False,0109,7/14/2019 9:24:00 PM,2124,17X,14,109,Oakland,1,True,True,G,VEHICLE/PEDESTRAIN,,Sunday,,,,,False,False,False,,B,PEDESTRIAN,,1,0,C,DARK-STREET LIGHTS,,,,,,,D,CROSSING - NOT IN CROSSWALK,,A,21954A,,1,13TH AV,1,,,A,S,30.0,E 17TH ST,F,,D,8/1/2024 4:14:34 PM,1/31/2025 2:25:20 PM,,,2,,,,,,,
3275723,19-034065,2,False,0109,7/5/2019 8:01:00 PM,2001,30Y,14,109,Oakland,1,True,True,A,HEAD-ON,,Friday,,,M,,False,False,False,,C,OTHER MOTOR VEHICLE,,1,0,C,DARK-STREET LIGHTS,,,,,,,A,NO PEDESTRIANS INVOLVED,,A,22107,,1,75TH AV,2,,,A,,,MACARTHUR BL,,,D,8/1/2024 4:14:34 PM,1/31/2025 2:25:19 PM,,,2,,,,,,,
3275719,19-011406,2,False,0109,3/6/2019 10:48:00 AM,1048,04X,14,109,Oakland,1,True,True,D,BROADSIDE,,Wednesday,,,,,False,False,False,,C,OTHER MOTOR VEHICLE,,0,0,A,DAYLIGHT,,,,,,,A,NO PEDESTRIANS INVOLVED,,A,21453A,,,BROADWAY,2,,,B,,,17TH ST,,,A,8/1/2024 4:14:33 PM,1/31/2025 2:25:19 PM,,,2,,,,,,,
3275716,19-015440,2,False,0109,3/28/2019 2:09:00 PM,1409,35X,14,109,Oakland,1,True,True,B,SIDE SWIPE,,Thursday,,,,,False,False,False,,C,OTHER MOTOR VEHICLE,,0,0,A,DAYLIGHT,,,,,,,A,NO PEDESTRIANS INVOLVED,,A,22107,,1,90TH AV,2,,,A,S,150.0,MACARTHUR BL,F,,A,8/1/2024 4:14:33 PM,1/31/2025 2:25:19 PM,,,2,,,,,,,
3275714,19-026993,2,False,0109,5/29/2019 6:59:00 PM,1859,20X,14,109,Oakland,1,True,True,G,VEHICLE/PEDESTRAIN,,Wednesday,,,,,False,False,False,,B,PEDESTRIAN,,1,0,A,DAYLIGHT,,,,,,,E,IN ROAD - INCLUDES SHOULDER,,A,22515A,,1,INTERNATIONAL BL,1,,,A,W,20.0,29TH AV,F,,D,8/1/2024 4:14:33 PM,1/31/2025 2:25:19 PM,,,2,,,,,,,
3275713,19-026961,2,False,0109,5/29/2019 4:26:00 PM,1626,26Y,14,109,Oakland,1,True,True,C,REAR END,,Wednesday,,,,,False,False,False,,C,OTHER MOTOR VEHICLE,,1,0,A,DAYLIGHT,,,,,,,A,NO PEDESTRIANS INVOLVED,,A,21703,,1,SAN LEANDRO ST,2,,,A,W,300.0,HEGENBERGER RD,F,,A,8/1/2024 4:14:32 PM,1/31/2025 2:25:19 PM,,,2,,,,,,,
3275710,19-013263,2,False,0109,3/16/2019 3:47:00 PM,1547,10X,14,109,Oakland,1,True,True,C,REAR END,,Saturday,,,M,,False,False,False,,C,OTHER MOTOR VEHICLE,,3,0,A,DAYLIGHT,,,,,,,A,NO PEDESTRIANS INVOLVED,,A,22350,,1,MARTIN LUTHER KING JR WY,1,,,A,S,1.0,52ND ST,F,,A,8/1/2024 4:14:32 PM,1/31/2025 2:25:19 PM,,,2,,,,,,,
3275708,19-003916,2,False,0109,1/23/2019 3:38:00 PM,1538,20X,14,109,Oakland,1,True,True,G,VEHICLE/PEDESTRAIN,,Wednesday,,,M,,False,False,False,,B,PEDESTRIAN,,0,0,A,DAYLIGHT,,,,,,,F,NOT IN ROAD,,A,20002,,1,29TH AV,1,,,A,N,500.0,E 12TH ST,F,,D,8/1/2024 4:14:32 PM,1/31/2025 2:25:19 PM,,,2,,,,,,,
3275669,19-065549,2,False,0109,12/17/2019 8:56:00 AM,856,19X,14,109,Oakland,1,True,True,D,BROADSIDE,,Tuesday,,,M,,False,False,True,,C,OTHER MOTOR VEHICLE,,1,0,A,DAYLIGHT,,,,,,,A,NO PEDESTRIANS INVOLVED,,A,22450A,,1,16TH AV,2,,,A,,,E 15TH ST,,,A,8/1/2024 4:14:25 PM,1/31/2025 2:25:18 PM,,,2,,,,,,,
3275668,19-066861,2,False,0109,12/24/2019 3:23:00 PM,1523,06X,14,109,Oakland,1,True,True,D,BROADSIDE,,Tuesday,,,,,False,False,False,,C,OTHER MOTOR VEHICLE,,2,0,A,DAYLIGHT,,,,,,,A,NO PEDESTRIANS INVOLVED,,A,22450A,,1,31ST ST,1,,,A,,,MARKET ST,,,A,8/1/2024 4:14:25 PM,1/31/2025 2:25:18 PM,,,2,,,,,,,
3275666,19-065502,2,False,0109,12/16/2019 10:49:00 PM,2249,32X,14,109,Oakland,1,True,True,B,SIDE SWIPE,,Monday,,,M,,False,False,False,,C,OTHER MOTOR VEHICLE,,1,0,C,DARK-STREET LIGHTS,,,,,,,A,NO PEDESTRIANS INVOLVED,,A,22107,,1,98TH AV,2,,,A,,,SPRINGFIELD ST,,,D,8/1/2024 4:14:25 PM,1/31/2025 2:25:18 PM,,,2,,,,,,,
3275662,19-066520,2,False,0109,12/22/2019 2:29:00 PM,1429,03X,14,109,Oakland,1,True,True,C,REAR END,,Sunday,,,,,False,False,False,,C,OTHER MOTOR VEHICLE,,0,0,A,DAYLIGHT,,,,,,,A,NO PEDESTRIANS INVOLVED,,A,21453A,,1,11TH ST,2,,,A,,,MADISON ST,,,A,8/1/2024 4:14:23 PM,1/31/2025 2:25:18 PM,,,2,,,,,,,
3275659,19-067606,2,False,0109,12/29/2019 2:27:00 PM,1427,35Y,14,109,Oakland,1,True,True,E,HIT OBJECT,,Sunday,,,F,,False,False,False,,I,FIXED OBJECT,,0,0,A,DAYLIGHT,,,,,,,A,NO PEDESTRIANS INVOLVED,,A,22107,,1,GOLF LINKS RD,2,,,B,S,40.0,MOUNTAIN BL,F,,D,8/1/2024 4:14:22 PM,1/31/2025 2:25:17 PM,,,2,,,,,,,
3275658,19-056640,2,False,0109,10/30/2019 4:36:00 PM,1636,29X,14,109,Oakland,1,True,True,B,SIDE SWIPE,,Wednesday,,,M,,False,False,False,,C,OTHER MOTOR VEHICLE,,0,0,A,DAYLIGHT,,,,,,,A,NO PEDESTRIANS INVOLVED,,A,22107,,1,FOOTHILL BL,2,,,A,,,55TH AV,,,A,8/1/2024 4:14:22 PM,1/31/2025 2:25:17 PM,,,2,,,,,,,
3275657,19-067680,2,False,0109,12/3/2019 12:22:00 AM,22,10X,14,109,Oakland,1,True,True,B,SIDE SWIPE,,Tuesday,,,M,,False,False,False,,,,,0,0,C,DARK-STREET LIGHTS,,,,,,,A,NO PEDESTRIANS INVOLVED,,A,22107,,1,ADELINE ST,1,,,B,,,ARLINGTON,,,D,8/1/2024 4:14:22 PM,1/31/2025 2:25:17 PM,,,2,,,,,,,
3275656,19-051082,2,False,0109,10/1/2019 2:45:00 AM,245,27X,14,109,Oakland,1,True,True,C,REAR END,,Tuesday,,,M,,False,False,False,,E,PARKED MOTOR VEHICLE,,0,0,C,DARK-STREET LIGHTS,,,,,,,A,NO PEDESTRIANS INVOLVED,,A,22107,,1,INTERNATIONAL BL,2,,,A,W,60.0,65TH AV,F,,A,8/1/2024 4:14:22 PM,1/31/2025 2:25:17 PM,,,2,,,,,,,
3275655,19-068011,2,False,0109,12/31/2019 4:40:00 PM,1640,30X,14,109,Oakland,1,True,True,,,,Tuesday,,,M,,False,False,False,,I,FIXED OBJECT,,0,0,A,DAYLIGHT,,,,,,,A,NO PEDESTRIANS INVOLVED,,A,22107,,1,73RD AV,2,,,A,,,HOLLY ST,,,D,8/1/2024 4:14:22 PM,1/31/2025 2:25:17 PM,,,2,,,,,,,
3275654,19-066503,2,False,0109,12/22/2019 12:06:00 PM,1206,27Y,14,109,Oakland,1,True,True,B,SIDE SWIPE,,Sunday,,,,,False,False,False,,C,OTHER MOTOR VEHICLE,,0,0,A,DAYLIGHT,,,,,,,A,NO PEDESTRIANS INVOLVED,,A,22107,,1,HIGH ST,2,,,B,N,50.0,COURTLAND AV,F,,C,8/1/2024 4:14:22 PM,1/31/2025 2:25:17 PM,,,2,,,,,,,
3275653,19-0556648,2,False,0109,10/30/2019 5:29:00 PM,1729,26Y,14,109,Oakland,1,True,True,B,SIDE SWIPE,,Wednesday,,,M,,False,False,False,,C,OTHER MOTOR VEHICLE,,0,0,A,DAYLIGHT,,,,,,,A,NO PEDESTRIANS INVOLVED,,A,22450A,,1,75TH AV,2,,,A,,,SNELL,,,D,8/1/2024 4:14:22 PM,1/31/2025 2:25:17 PM,,,2,,,,,,,
3275652,19-052987,2,False,0109,10/11/2019 11:00:00 AM,1100,16X,14,109,Oakland,1,True,True,H,OTHER,,Friday,,,M,,False,False,False,,C,OTHER MOTOR VEHICLE,,0,0,A,DAYLIGHT,,,,,,,A,NO PEDESTRIANS INVOLVED,,A,22106,,1,PARK BL,1,,,A,N,10.0,BRIGHTON AV,F,,D,8/1/2024 4:14:21 PM,1/31/2025 2:25:17 PM,,,2,,,,,,,
3275648,19-062488,2,False,0109,11/30/2019 12:10:00 PM,1210,03X,14,109,Oakland,1,True,True,D,BROADSIDE,,Saturday,,,,,False,False,False,,D,MOTOR VEHICLE ON OTHER ROADWAY,,0,0,A,DAYLIGHT,,,,,,,A,NO PEDESTRIANS INVOLVED,,A,21453A,,,5TH ST,1,,,B,,,OAK ST,,,A,8/1/2024 4:14:21 PM,1/31/2025 2:25:17 PM,,,2,,,,,,,
3275647,19-062454,2,False,0109,11/30/2019 7:00:00 AM,700,02X,14,109,Oakland,1,True,True,A,HEAD-ON,,Saturday,,,,,False,False,False,,C,OTHER MOTOR VEHICLE,,0,0,A,DAYLIGHT,,,,,,,A,NO PEDESTRIANS INVOLVED,,A,21453A,,1,7TH ST,1,,,A,,,FRONTAGE RD,,,A,8/1/2024 4:14:21 PM,1/31/2025 2:25:17 PM,,,2,,,,,,,
3275625,19-065650,2,False,0109,12/17/2019 4:54:00 PM,1654,25X,14,109,Oakland,1,True,True,A,HEAD-ON,,Tuesday,,,,,False,False,False,,G,BICYCLE,,1,0,A,DAYLIGHT,,,,,,,A,NO PEDESTRIANS INVOLVED,,A,22107,,1,MOUNTAIN VIEW AV,2,,,A,N,10.0,LEONA ST,F,,D,8/1/2024 4:14:18 PM,1/31/2025 2:25:16 PM,,,2,,,,,,,
3275624,19-067807,2,False,0109,12/30/2019 2:16:00 PM,1416,20X,14,109,Oakland,1,True,True,D,BROADSIDE,,Monday,,,,,False,False,False,,C,OTHER MOTOR VEHICLE,,1,0,A,DAYLIGHT,,,,,,,A,NO PEDESTRIANS INVOLVED,,A,21804A,,1,25TH AV,1,,,A,S,20.0,INTERNATIONAL BL,F,,D,8/1/2024 4:14:17 PM,1/31/2025 2:25:16 PM,,,2,,,,,,,
3275622,19-067423,2,False,0109,12/28/2019 10:09:00 AM,1009,31X,14,109,Oakland,1,True,True,B,SIDE SWIPE,,Saturday,,,,,False,False,False,,C,OTHER MOTOR VEHICLE,,2,0,A,DAYLIGHT,,,,,,,A,NO PEDESTRIANS INVOLVED,,A,21801A,,1,98TH AV,2,,,A,,,AIRPORT ACCESS RD,,,A,8/1/2024 4:14:17 PM,1/31/2025 2:25:16 PM,,,2,,,,,,,
3275621,19-067569,2,False,0109,12/29/2019 9:52:00 AM,952,20X,14,109,Oakland,1,True,True,D,BROADSIDE,,Sunday,,,,,False,False,False,,C,OTHER MOTOR VEHICLE,,2,0,A,DAYLIGHT,,,,,,,A,NO PEDESTRIANS INVOLVED,,A,21801A,,1,29TH AV,1,,,B,S,45.0,GLASSCOCK ST,F,,D,8/1/2024 4:14:17 PM,1/31/2025 2:25:16 PM,,,2,,,,,,,
3275617,19-066998,2,False,0109,12/25/2019 4:44:00 PM,1644,20X,14,109,Oakland,1,True,True,A,HEAD-ON,,Wednesday,,,,,False,False,False,,C,OTHER MOTOR VEHICLE,,1,0,C,DARK-STREET LIGHTS,,,,,,,A,NO PEDESTRIANS INVOLVED,,A,21460A,,1,INTERNATIONAL BL,1,,,A,W,36.0,27TH AV,F,,D,8/1/2024 4:14:16 PM,1/31/2025 2:25:16 PM,,,2,,,,,,,
3275616,19-066327,2,False,0109,12/21/2019 6:41:00 AM,641,07X,14,109,Oakland,1,True,True,E,HIT OBJECT,,Saturday,,,,,False,False,False,,I,FIXED OBJECT,,1,0,A,DAYLIGHT,,,,,,,A,NO PEDESTRIANS INVOLVED,,A,22107,,1,WAKE AV,1,,,A,W,30.0,GRAND AV,F,,A,8/1/2024 4:14:16 PM,1/31/2025 2:25:16 PM,,,2,,,,,,,
3275615,19-065065,2,False,0109,12/14/2019 1:12:00 PM,1312,35X,14,109,Oakland,1,True,True,D,BROADSIDE,,Saturday,,,,,False,False,False,,C,OTHER MOTOR VEHICLE,,1,0,A,DAYLIGHT,,,,,,,A,NO PEDESTRIANS INVOLVED,,A,21802A,,1,BANCROFT AV,2,,,A,,,96TH AV,,,A,8/1/2024 4:14:16 PM,1/31/2025 2:25:16 PM,,,2,,,,,,,
3275593,19-065906,2,False,0109,12/19/2019 2:34:00 AM,234,03X,14,109,Oakland,1,True,True,E,HIT OBJECT,,Thursday,,,M,,False,False,True,,I,FIXED OBJECT,,0,0,C,DARK-STREET LIGHTS,,,,,,,A,NO PEDESTRIANS INVOLVED,,A,22107,,1,14TH ST,1,,,B,W,50.0,FRANKLIN ST,F,,A,8/1/2024 4:14:13 PM,1/31/2025 2:25:15 PM,,,2,,,,,,,
3275592,19-067324,2,False,0109,12/26/2019 5:30:00 PM,1730,08X,14,109,Oakland,1,True,True,B,SIDE SWIPE,,Thursday,,,M,,False,False,False,,E,PARKED MOTOR VEHICLE,,0,0,C,DARK-STREET LIGHTS,,,,,,,,,,A,22107,,1,HAWTHORNE AV,1,,,A,,,AT PRIVATE PROPERTY,,,D,8/1/2024 4:14:13 PM,1/31/2025 2:25:15 PM,,,2,,,,,,,